id,类型,命名空间/类,方法,子方法,调用形态,文档可用性,来源,路径类别,探测表达式,修正表达式,GP状态,GP存在,GP真名,GP近似名,GP备注,UI状态,UI存在,UI真名,UI近似名,UI备注,其它UI状态,实际范围,一致性判定,参数,返回
C-CodeBuddyFuncs,CONTEXT,CodeBuddyFuncs,,,Dot (Global),Both,moduleObjects,namespace,CodeBuddyFuncs,,nil,否,,,文档转储命名空间：运行时不存在该全局,nil,否,,,文档转储命名空间：运行时不存在该全局,,双端未见,文档转储（非运行时命名空间）,,
A-CodeBuddyFuncsShowBorders,ACTION,CodeBuddyFuncs,ShowBorders,,Dot (Global),Both,moduleObjects,dot,CodeBuddyFuncs.ShowBorders,,ERR,否,,,文档转储命名空间：运行时不存在该全局,ERR,否,,,文档转储命名空间：运行时不存在该全局,,双端未见,文档转储（非运行时命名空间）,,
Q-CodeBuddyFuncsIsShiftDown,QUERY,CodeBuddyFuncs,IsShiftDown,,Dot (Global),Both,moduleObjects,dot,CodeBuddyFuncs.IsShiftDown,,ERR,否,,,文档转储命名空间：运行时不存在该全局,ERR,否,,,文档转储命名空间：运行时不存在该全局,,双端未见,文档转储（非运行时命名空间）,,
Q-CodeBuddyFuncsSetStartY,QUERY,CodeBuddyFuncs,SetStartY,,Dot (Global),Both,moduleObjects,dot,CodeBuddyFuncs.SetStartY,,ERR,否,,,文档转储命名空间：运行时不存在该全局,ERR,否,,,文档转储命名空间：运行时不存在该全局,,双端未见,文档转储（非运行时命名空间）,,
Q-CodeBuddyFuncsSetParentRelativeSizeY,QUERY,CodeBuddyFuncs,SetParentRelativeSizeY,,Dot (Global),Both,moduleObjects,dot,CodeBuddyFuncs.SetParentRelativeSizeY,,ERR,否,,,文档转储命名空间：运行时不存在该全局,ERR,否,,,文档转储命名空间：运行时不存在该全局,,双端未见,文档转储（非运行时命名空间）,,
Q-CodeBuddyFuncsClearAllPaths,QUERY,CodeBuddyFuncs,ClearAllPaths,,Dot (Global),Both,moduleObjects,dot,CodeBuddyFuncs.ClearAllPaths,,ERR,否,,,文档转储命名空间：运行时不存在该全局,ERR,否,,,文档转储命名空间：运行时不存在该全局,,双端未见,文档转储（非运行时命名空间）,,
Q-CodeBuddyFuncsSetShowHideHandler,QUERY,CodeBuddyFuncs,SetShowHideHandler,,Dot (Global),Both,moduleObjects,dot,CodeBuddyFuncs.SetShowHideHandler,,ERR,否,,,文档转储命名空间：运行时不存在该全局,ERR,否,,,文档转储命名空间：运行时不存在该全局,,双端未见,文档转储（非运行时命名空间）,,
Q-CodeBuddyFuncsGetModalContexts,QUERY,CodeBuddyFuncs,GetModalContexts,,Dot (Global),Both,moduleObjects,dot,CodeBuddyFuncs.GetModalContexts,,ERR,否,,,文档转储命名空间：运行时不存在该全局,ERR,否,,,文档转储命名空间：运行时不存在该全局,,双端未见,文档转储（非运行时命名空间）,,
Q-CodeBuddyFuncsGetRootContexts,QUERY,CodeBuddyFuncs,GetRootContexts,,Dot (Global),Both,moduleObjects,dot,CodeBuddyFuncs.GetRootContexts,,ERR,否,,,文档转储命名空间：运行时不存在该全局,ERR,否,,,文档转储命名空间：运行时不存在该全局,,双端未见,文档转储（非运行时命名空间）,,
Q-CodeBuddyFuncsPause,QUERY,CodeBuddyFuncs,Pause,,Dot (Global),Both,moduleObjects,dot,CodeBuddyFuncs.Pause,,ERR,否,,,文档转储命名空间：运行时不存在该全局,ERR,否,,,文档转储命名空间：运行时不存在该全局,,双端未见,文档转储（非运行时命名空间）,,
Q-CodeBuddyFuncsUnifyClickAndTap,QUERY,CodeBuddyFuncs,UnifyClickAndTap,,Dot (Global),Both,moduleObjects,dot,CodeBuddyFuncs.UnifyClickAndTap,,ERR,否,,,文档转储命名空间：运行时不存在该全局,ERR,否,,,文档转储命名空间：运行时不存在该全局,,双端未见,文档转储（非运行时命名空间）,,
Q-CodeBuddyFuncsSetUpdateGamepad,QUERY,CodeBuddyFuncs,SetUpdateGamepad,,Dot (Global),Both,moduleObjects,dot,CodeBuddyFuncs.SetUpdateGamepad,,ERR,否,,,文档转储命名空间：运行时不存在该全局,ERR,否,,,文档转储命名空间：运行时不存在该全局,,双端未见,文档转储（非运行时命名空间）,,
Q-CodeBuddyFuncsToggleEntrySelected,QUERY,CodeBuddyFuncs,ToggleEntrySelected,,Dot (Global),Both,moduleObjects,dot,CodeBuddyFuncs.ToggleEntrySelected,,ERR,否,,,文档转储命名空间：运行时不存在该全局,ERR,否,,,文档转储命名空间：运行时不存在该全局,,双端未见,文档转储（非运行时命名空间）,,
Q-CodeBuddyFuncsIsUsingHighlightShader,QUERY,CodeBuddyFuncs,IsUsingHighlightShader,,Dot (Global),Both,moduleObjects,dot,CodeBuddyFuncs.IsUsingHighlightShader,,ERR,否,,,文档转储命名空间：运行时不存在该全局,ERR,否,,,文档转储命名空间：运行时不存在该全局,,双端未见,文档转储（非运行时命名空间）,,
Q-CodeBuddyFuncsGetRightButton,QUERY,CodeBuddyFuncs,GetRightButton,,Dot (Global),Both,moduleObjects,dot,CodeBuddyFuncs.GetRightButton,,ERR,否,,,文档转储命名空间：运行时不存在该全局,ERR,否,,,文档转储命名空间：运行时不存在该全局,,双端未见,文档转储（非运行时命名空间）,,
Q-CodeBuddyFuncsBuildInstanceForControl,QUERY,CodeBuddyFuncs,BuildInstanceForControl,,Dot (Global),Both,moduleObjects,dot,CodeBuddyFuncs.BuildInstanceForControl,,ERR,否,,,文档转储命名空间：运行时不存在该全局,ERR,否,,,文档转储命名空间：运行时不存在该全局,,双端未见,文档转储（非运行时命名空间）,,
Q-CodeBuddyFuncsGetMessageType,QUERY,CodeBuddyFuncs,GetMessageType,,Dot (Global),Both,moduleObjects,dot,CodeBuddyFuncs.GetMessageType,,ERR,否,,,文档转储命名空间：运行时不存在该全局,ERR,否,,,文档转储命名空间：运行时不存在该全局,,双端未见,文档转储（非运行时命名空间）,,
Q-CodeBuddyFuncsSetYNumberInterval,QUERY,CodeBuddyFuncs,SetYNumberInterval,,Dot (Global),Both,moduleObjects,dot,CodeBuddyFuncs.SetYNumberInterval,,ERR,否,,,文档转储命名空间：运行时不存在该全局,ERR,否,,,文档转储命名空间：运行时不存在该全局,,双端未见,文档转储（非运行时命名空间）,,
Q-CodeBuddyFuncsIsOverlayEnabled,QUERY,CodeBuddyFuncs,IsOverlayEnabled,,Dot (Global),Both,moduleObjects,dot,CodeBuddyFuncs.IsOverlayEnabled,,ERR,否,,,文档转储命名空间：运行时不存在该全局,ERR,否,,,文档转储命名空间：运行时不存在该全局,,双端未见,文档转储（非运行时命名空间）,,
Q-CodeBuddyFuncsRegisterSizeChanged,QUERY,CodeBuddyFuncs,RegisterSizeChanged,,Dot (Global),Both,moduleObjects,dot,CodeBuddyFuncs.RegisterSizeChanged,,ERR,否,,,文档转储命名空间：运行时不存在该全局,ERR,否,,,文档转储命名空间：运行时不存在该全局,,双端未见,文档转储（非运行时命名空间）,,
Q-CodeBuddyFuncsSetSelected,QUERY,CodeBuddyFuncs,SetSelected,,Dot (Global),Both,moduleObjects,dot,CodeBuddyFuncs.SetSelected,,ERR,否,,,文档转储命名空间：运行时不存在该全局,ERR,否,,,文档转储命名空间：运行时不存在该全局,,双端未见,文档转储（非运行时命名空间）,,
Q-CodeBuddyFuncsAddToolTipDisplayCallback,QUERY,CodeBuddyFuncs,AddToolTipDisplayCallback,,Dot (Global),Both,moduleObjects,dot,CodeBuddyFuncs.AddToolTipDisplayCallback,,ERR,否,,,文档转储命名空间：运行时不存在该全局,ERR,否,,,文档转储命名空间：运行时不存在该全局,,双端未见,文档转储（非运行时命名空间）,,
Q-CodeBuddyFuncsClearAll,QUERY,CodeBuddyFuncs,ClearAll,,Dot (Global),Both,moduleObjects,dot,CodeBuddyFuncs.ClearAll,,ERR,否,,,文档转储命名空间：运行时不存在该全局,ERR,否,,,文档转储命名空间：运行时不存在该全局,,双端未见,文档转储（非运行时命名空间）,,
Q-CodeBuddyFuncsC_SetToolTipType,QUERY,CodeBuddyFuncs,C_SetToolTipType,,Dot (Global),Both,moduleObjects,dot,CodeBuddyFuncs.C_SetToolTipType,,ERR,否,,,文档转储命名空间：运行时不存在该全局,ERR,否,,,文档转储命名空间：运行时不存在该全局,,双端未见,文档转储（非运行时命名空间）,,
Q-CodeBuddyFuncsSetBackgroundColor,QUERY,CodeBuddyFuncs,SetBackgroundColor,,Dot (Global),Both,moduleObjects,dot,CodeBuddyFuncs.SetBackgroundColor,,ERR,否,,,文档转储命名空间：运行时不存在该全局,ERR,否,,,文档转储命名空间：运行时不存在该全局,,双端未见,文档转储（非运行时命名空间）,,
Q-CodeBuddyFuncsClearString,QUERY,CodeBuddyFuncs,ClearString,,Dot (Global),Both,moduleObjects,dot,CodeBuddyFuncs.ClearString,,ERR,否,,,文档转储命名空间：运行时不存在该全局,ERR,否,,,文档转储命名空间：运行时不存在该全局,,双端未见,文档转储（非运行时命名空间）,,
Q-CodeBuddyFuncsSetConsumeMouseWheel,QUERY,CodeBuddyFuncs,SetConsumeMouseWheel,,Dot (Global),Both,moduleObjects,dot,CodeBuddyFuncs.SetConsumeMouseWheel,,ERR,否,,,文档转储命名空间：运行时不存在该全局,ERR,否,,,文档转储命名空间：运行时不存在该全局,,双端未见,文档转储（非运行时命名空间）,,
Q-CodeBuddyFuncsGetEndY,QUERY,CodeBuddyFuncs,GetEndY,,Dot (Global),Both,moduleObjects,dot,CodeBuddyFuncs.GetEndY,,ERR,否,,,文档转储命名空间：运行时不存在该全局,ERR,否,,,文档转储命名空间：运行时不存在该全局,,双端未见,文档转储（非运行时命名空间）,,
Q-CodeBuddyFuncsIsInPause,QUERY,CodeBuddyFuncs,IsInPause,,Dot (Global),Both,moduleObjects,dot,CodeBuddyFuncs.IsInPause,,ERR,否,,,文档转储命名空间：运行时不存在该全局,ERR,否,,,文档转储命名空间：运行时不存在该全局,,双端未见,文档转储（非运行时命名空间）,,
Q-CodeBuddyFuncsCreateSprites,QUERY,CodeBuddyFuncs,CreateSprites,,Dot (Global),Both,moduleObjects,dot,CodeBuddyFuncs.CreateSprites,,ERR,否,,,文档转储命名空间：运行时不存在该全局,ERR,否,,,文档转储命名空间：运行时不存在该全局,,双端未见,文档转储（非运行时命名空间）,,
Q-CodeBuddyFuncsClearUpdateGamepad,QUERY,CodeBuddyFuncs,ClearUpdateGamepad,,Dot (Global),Both,moduleObjects,dot,CodeBuddyFuncs.ClearUpdateGamepad,,ERR,否,,,文档转储命名空间：运行时不存在该全局,ERR,否,,,文档转储命名空间：运行时不存在该全局,,双端未见,文档转储（非运行时命名空间）,,
Q-CodeBuddyFuncsIsHidden,QUERY,CodeBuddyFuncs,IsHidden,,Dot (Global),Both,moduleObjects,dot,CodeBuddyFuncs.IsHidden,,ERR,否,,,文档转储命名空间：运行时不存在该全局,ERR,否,,,文档转储命名空间：运行时不存在该全局,,双端未见,文档转储（非运行时命名空间）,,
Q-CodeBuddyFuncsSetOffsetY,QUERY,CodeBuddyFuncs,SetOffsetY,,Dot (Global),Both,moduleObjects,dot,CodeBuddyFuncs.SetOffsetY,,ERR,否,,,文档转储命名空间：运行时不存在该全局,ERR,否,,,文档转储命名空间：运行时不存在该全局,,双端未见,文档转储（非运行时命名空间）,,
Q-CodeBuddyFuncsGetNormalX,QUERY,CodeBuddyFuncs,GetNormalX,,Dot (Global),Both,moduleObjects,dot,CodeBuddyFuncs.GetNormalX,,ERR,否,,,文档转储命名空间：运行时不存在该全局,ERR,否,,,文档转储命名空间：运行时不存在该全局,,双端未见,文档转储（非运行时命名空间）,,
Q-CodeBuddyFuncsIsVisibleOnWorld,QUERY,CodeBuddyFuncs,IsVisibleOnWorld,,Dot (Global),Both,moduleObjects,dot,CodeBuddyFuncs.IsVisibleOnWorld,,ERR,否,,,文档转储命名空间：运行时不存在该全局,ERR,否,,,文档转储命名空间：运行时不存在该全局,,双端未见,文档转储（非运行时命名空间）,,
Q-CodeBuddyFuncsLocalizeAndSetText,QUERY,CodeBuddyFuncs,LocalizeAndSetText,,Dot (Global),Both,moduleObjects,dot,CodeBuddyFuncs.LocalizeAndSetText,,ERR,否,,,文档转储命名空间：运行时不存在该全局,ERR,否,,,文档转储命名空间：运行时不存在该全局,,双端未见,文档转储（非运行时命名空间）,,
Q-CodeBuddyFuncsSetStartX,QUERY,CodeBuddyFuncs,SetStartX,,Dot (Global),Both,moduleObjects,dot,CodeBuddyFuncs.SetStartX,,ERR,否,,,文档转储命名空间：运行时不存在该全局,ERR,否,,,文档转储命名空间：运行时不存在该全局,,双端未见,文档转储（非运行时命名空间）,,
Q-CodeBuddyFuncsGetNumSteps,QUERY,CodeBuddyFuncs,GetNumSteps,,Dot (Global),Both,moduleObjects,dot,CodeBuddyFuncs.GetNumSteps,,ERR,否,,,文档转储命名空间：运行时不存在该全局,ERR,否,,,文档转储命名空间：运行时不存在该全局,,双端未见,文档转储（非运行时命名空间）,,
Q-CodeBuddyFuncsSetAutoSize,QUERY,CodeBuddyFuncs,SetAutoSize,,Dot (Global),Both,moduleObjects,dot,CodeBuddyFuncs.SetAutoSize,,ERR,否,,,文档转储命名空间：运行时不存在该全局,ERR,否,,,文档转储命名空间：运行时不存在该全局,,双端未见,文档转储（非运行时命名空间）,,
Q-CodeBuddyFuncsRemoveToolTipDisplayCallback,QUERY,CodeBuddyFuncs,RemoveToolTipDisplayCallback,,Dot (Global),Both,moduleObjects,dot,CodeBuddyFuncs.RemoveToolTipDisplayCallback,,ERR,否,,,文档转储命名空间：运行时不存在该全局,ERR,否,,,文档转储命名空间：运行时不存在该全局,,双端未见,文档转储（非运行时命名空间）,,
Q-CodeBuddyFuncsC_GetHash,QUERY,CodeBuddyFuncs,C_GetHash,,Dot (Global),Both,moduleObjects,dot,CodeBuddyFuncs.C_GetHash,,ERR,否,,,文档转储命名空间：运行时不存在该全局,ERR,否,,,文档转储命名空间：运行时不存在该全局,,双端未见,文档转储（非运行时命名空间）,,
Q-CodeBuddyFuncsGetBatteryLevel,QUERY,CodeBuddyFuncs,GetBatteryLevel,,Dot (Global),Both,moduleObjects,dot,CodeBuddyFuncs.GetBatteryLevel,,ERR,否,,,文档转储命名空间：运行时不存在该全局,ERR,否,,,文档转储命名空间：运行时不存在该全局,,双端未见,文档转储（非运行时命名空间）,,
Q-CodeBuddyFuncsSetChannelOn,QUERY,CodeBuddyFuncs,SetChannelOn,,Dot (Global),Both,moduleObjects,dot,CodeBuddyFuncs.SetChannelOn,,ERR,否,,,文档转储命名空间：运行时不存在该全局,ERR,否,,,文档转储命名空间：运行时不存在该全局,,双端未见,文档转储（非运行时命名空间）,,
Q-CodeBuddyFuncsSetFontSize,QUERY,CodeBuddyFuncs,SetFontSize,,Dot (Global),Both,moduleObjects,dot,CodeBuddyFuncs.SetFontSize,,ERR,否,,,文档转储命名空间：运行时不存在该全局,ERR,否,,,文档转储命名空间：运行时不存在该全局,,双端未见,文档转储（非运行时命名空间）,,
Q-CodeBuddyFuncsPrintAllocationInfo,QUERY,CodeBuddyFuncs,PrintAllocationInfo,,Dot (Global),Both,moduleObjects,dot,CodeBuddyFuncs.PrintAllocationInfo,,ERR,否,,,文档转储命名空间：运行时不存在该全局,ERR,否,,,文档转储命名空间：运行时不存在该全局,,双端未见,文档转储（非运行时命名空间）,,
Q-CodeBuddyFuncsSetEntrySelectedCallback,QUERY,CodeBuddyFuncs,SetEntrySelectedCallback,,Dot (Global),Both,moduleObjects,dot,CodeBuddyFuncs.SetEntrySelectedCallback,,ERR,否,,,文档转储命名空间：运行时不存在该全局,ERR,否,,,文档转储命名空间：运行时不存在该全局,,双端未见,文档转储（非运行时命名空间）,,
Q-CodeBuddyFuncsSetShowOnMouseOver,QUERY,CodeBuddyFuncs,SetShowOnMouseOver,,Dot (Global),Both,moduleObjects,dot,CodeBuddyFuncs.SetShowOnMouseOver,,ERR,否,,,文档转储命名空间：运行时不存在该全局,ERR,否,,,文档转储命名空间：运行时不存在该全局,,双端未见,文档转储（非运行时命名空间）,,
Q-CodeBuddyFuncsSetStep,QUERY,CodeBuddyFuncs,SetStep,,Dot (Global),Both,moduleObjects,dot,CodeBuddyFuncs.SetStep,,ERR,否,,,文档转储命名空间：运行时不存在该全局,ERR,否,,,文档转储命名空间：运行时不存在该全局,,双端未见,文档转储（非运行时命名空间）,,
Q-CodeBuddyFuncsDestroyAllChildren,QUERY,CodeBuddyFuncs,DestroyAllChildren,,Dot (Global),Both,moduleObjects,dot,CodeBuddyFuncs.DestroyAllChildren,,ERR,否,,,文档转储命名空间：运行时不存在该全局,ERR,否,,,文档转储命名空间：运行时不存在该全局,,双端未见,文档转储（非运行时命名空间）,,
Q-CodeBuddyFuncsIsNull,QUERY,CodeBuddyFuncs,IsNull,,Dot (Global),Both,moduleObjects,dot,CodeBuddyFuncs.IsNull,,ERR,否,,,文档转储命名空间：运行时不存在该全局,ERR,否,,,文档转储命名空间：运行时不存在该全局,,双端未见,文档转储（非运行时命名空间）,,
Q-CodeBuddyFuncsGetDownButton,QUERY,CodeBuddyFuncs,GetDownButton,,Dot (Global),Both,moduleObjects,dot,CodeBuddyFuncs.GetDownButton,,ERR,否,,,文档转储命名空间：运行时不存在该全局,ERR,否,,,文档转储命名空间：运行时不存在该全局,,双端未见,文档转储（非运行时命名空间）,,
Q-CodeBuddyFuncsGetScrollPanel,QUERY,CodeBuddyFuncs,GetScrollPanel,,Dot (Global),Both,moduleObjects,dot,CodeBuddyFuncs.GetScrollPanel,,ERR,否,,,文档转储命名空间：运行时不存在该全局,ERR,否,,,文档转储命名空间：运行时不存在该全局,,双端未见,文档转储（非运行时命名空间）,,
Q-CodeBuddyFuncsGetKey,QUERY,CodeBuddyFuncs,GetKey,,Dot (Global),Both,moduleObjects,dot,CodeBuddyFuncs.GetKey,,ERR,否,,,文档转储命名空间：运行时不存在该全局,ERR,否,,,文档转储命名空间：运行时不存在该全局,,双端未见,文档转储（非运行时命名空间）,,
Q-CodeBuddyFuncsReferenceCurrentGameCoreEvent,QUERY,CodeBuddyFuncs,ReferenceCurrentGameCoreEvent,,Dot (Global),Both,moduleObjects,dot,CodeBuddyFuncs.ReferenceCurrentGameCoreEvent,,ERR,否,,,文档转储命名空间：运行时不存在该全局,ERR,否,,,文档转储命名空间：运行时不存在该全局,,双端未见,文档转储（非运行时命名空间）,,
Q-CodeBuddyFuncsSetSizeVal,QUERY,CodeBuddyFuncs,SetSizeVal,,Dot (Global),Both,moduleObjects,dot,CodeBuddyFuncs.SetSizeVal,,ERR,否,,,文档转储命名空间：运行时不存在该全局,ERR,否,,,文档转储命名空间：运行时不存在该全局,,双端未见,文档转储（非运行时命名空间）,,
Q-CodeBuddyFuncsGetMouseDelta,QUERY,CodeBuddyFuncs,GetMouseDelta,,Dot (Global),Both,moduleObjects,dot,CodeBuddyFuncs.GetMouseDelta,,ERR,否,,,文档转储命名空间：运行时不存在该全局,ERR,否,,,文档转储命名空间：运行时不存在该全局,,双端未见,文档转储（非运行时命名空间）,,
Q-CodeBuddyFuncsSetZoomOffsetFarVal,QUERY,CodeBuddyFuncs,SetZoomOffsetFarVal,,Dot (Global),Both,moduleObjects,dot,CodeBuddyFuncs.SetZoomOffsetFarVal,,ERR,否,,,文档转储命名空间：运行时不存在该全局,ERR,否,,,文档转储命名空间：运行时不存在该全局,,双端未见,文档转储（非运行时命名空间）,,
Q-CodeBuddyFuncsHideAll_bool,QUERY,CodeBuddyFuncs,HideAll_bool,,Dot (Global),Both,moduleObjects,dot,CodeBuddyFuncs.HideAll_bool,,ERR,否,,,文档转储命名空间：运行时不存在该全局,ERR,否,,,文档转储命名空间：运行时不存在该全局,,双端未见,文档转储（非运行时命名空间）,,
Q-CodeBuddyFuncsSetConcentricStyle,QUERY,CodeBuddyFuncs,SetConcentricStyle,,Dot (Global),Both,moduleObjects,dot,CodeBuddyFuncs.SetConcentricStyle,,ERR,否,,,文档转储命名空间：运行时不存在该全局,ERR,否,,,文档转储命名空间：运行时不存在该全局,,双端未见,文档转储（非运行时命名空间）,,
Q-CodeBuddyFuncsPlayMask,QUERY,CodeBuddyFuncs,PlayMask,,Dot (Global),Both,moduleObjects,dot,CodeBuddyFuncs.PlayMask,,ERR,否,,,文档转储命名空间：运行时不存在该全局,ERR,否,,,文档转储命名空间：运行时不存在该全局,,双端未见,文档转储（非运行时命名空间）,,
Q-CodeBuddyFuncsGetStartX_int,QUERY,CodeBuddyFuncs,GetStartX_int,,Dot (Global),Both,moduleObjects,dot,CodeBuddyFuncs.GetStartX_int,,ERR,否,,,文档转储命名空间：运行时不存在该全局,ERR,否,,,文档转储命名空间：运行时不存在该全局,,双端未见,文档转储（非运行时命名空间）,,
Q-CodeBuddyFuncsSetToEnd,QUERY,CodeBuddyFuncs,SetToEnd,,Dot (Global),Both,moduleObjects,dot,CodeBuddyFuncs.SetToEnd,,ERR,否,,,文档转储命名空间：运行时不存在该全局,ERR,否,,,文档转储命名空间：运行时不存在该全局,,双端未见,文档转储（非运行时命名空间）,,
Q-CodeBuddyFuncsLocalizeAndSetToolTip,QUERY,CodeBuddyFuncs,LocalizeAndSetToolTip,,Dot (Global),Both,moduleObjects,dot,CodeBuddyFuncs.LocalizeAndSetToolTip,,ERR,否,,,文档转储命名空间：运行时不存在该全局,ERR,否,,,文档转储命名空间：运行时不存在该全局,,双端未见,文档转储（非运行时命名空间）,,
Q-CodeBuddyFuncsSetAppRegainedFocusHandler,QUERY,CodeBuddyFuncs,SetAppRegainedFocusHandler,,Dot (Global),Both,moduleObjects,dot,CodeBuddyFuncs.SetAppRegainedFocusHandler,,ERR,否,,,文档转储命名空间：运行时不存在该全局,ERR,否,,,文档转储命名空间：运行时不存在该全局,,双端未见,文档转储（非运行时命名空间）,,
Q-CodeBuddyFuncsGetTypeControlTable,QUERY,CodeBuddyFuncs,GetTypeControlTable,,Dot (Global),Both,moduleObjects,dot,CodeBuddyFuncs.GetTypeControlTable,,ERR,否,,,文档转储命名空间：运行时不存在该全局,ERR,否,,,文档转储命名空间：运行时不存在该全局,,双端未见,文档转储（非运行时命名空间）,,
Q-CodeBuddyFuncsSetCheck,QUERY,CodeBuddyFuncs,SetCheck,,Dot (Global),Both,moduleObjects,dot,CodeBuddyFuncs.SetCheck,,ERR,否,,,文档转储命名空间：运行时不存在该全局,ERR,否,,,文档转储命名空间：运行时不存在该全局,,双端未见,文档转储（非运行时命名空间）,,
Q-CodeBuddyFuncsIsVisibleOnMap,QUERY,CodeBuddyFuncs,IsVisibleOnMap,,Dot (Global),Both,moduleObjects,dot,CodeBuddyFuncs.IsVisibleOnMap,,ERR,否,,,文档转储命名空间：运行时不存在该全局,ERR,否,,,文档转储命名空间：运行时不存在该全局,,双端未见,文档转储（非运行时命名空间）,,
Q-CodeBuddyFuncsRequestReprocessAnchoring,QUERY,CodeBuddyFuncs,RequestReprocessAnchoring,,Dot (Global),Both,moduleObjects,dot,CodeBuddyFuncs.RequestReprocessAnchoring,,ERR,否,,,文档转储命名空间：运行时不存在该全局,ERR,否,,,文档转储命名空间：运行时不存在该全局,,双端未见,文档转储（非运行时命名空间）,,
Q-CodeBuddyFuncsGetDeltaX,QUERY,CodeBuddyFuncs,GetDeltaX,,Dot (Global),Both,moduleObjects,dot,CodeBuddyFuncs.GetDeltaX,,ERR,否,,,文档转储命名空间：运行时不存在该全局,ERR,否,,,文档转储命名空间：运行时不存在该全局,,双端未见,文档转储（非运行时命名空间）,,
Q-CodeBuddyFuncsSetPlotColor,QUERY,CodeBuddyFuncs,SetPlotColor,,Dot (Global),Both,moduleObjects,dot,CodeBuddyFuncs.SetPlotColor,,ERR,否,,,文档转储命名空间：运行时不存在该全局,ERR,否,,,文档转储命名空间：运行时不存在该全局,,双端未见,文档转储（非运行时命名空间）,,
Q-CodeBuddyFuncsSetGestureStartDistanceThreshold,QUERY,CodeBuddyFuncs,SetGestureStartDistanceThreshold,,Dot (Global),Both,moduleObjects,dot,CodeBuddyFuncs.SetGestureStartDistanceThreshold,,ERR,否,,,文档转储命名空间：运行时不存在该全局,ERR,否,,,文档转储命名空间：运行时不存在该全局,,双端未见,文档转储（非运行时命名空间）,,
Q-CodeBuddyFuncsPlayEffectOneTime,QUERY,CodeBuddyFuncs,PlayEffectOneTime,,Dot (Global),Both,moduleObjects,dot,CodeBuddyFuncs.PlayEffectOneTime,,ERR,否,,,文档转储命名空间：运行时不存在该全局,ERR,否,,,文档转储命名空间：运行时不存在该全局,,双端未见,文档转储（非运行时命名空间）,,
Q-CodeBuddyFuncsSetFGColor,QUERY,CodeBuddyFuncs,SetFGColor,,Dot (Global),Both,moduleObjects,dot,CodeBuddyFuncs.SetFGColor,,ERR,否,,,文档转储命名空间：运行时不存在该全局,ERR,否,,,文档转储命名空间：运行时不存在该全局,,双端未见,文档转储（非运行时命名空间）,,
Q-CodeBuddyFuncsSetVoid1,QUERY,CodeBuddyFuncs,SetVoid1,,Dot (Global),Both,moduleObjects,dot,CodeBuddyFuncs.SetVoid1,,ERR,否,,,文档转储命名空间：运行时不存在该全局,ERR,否,,,文档转储命名空间：运行时不存在该全局,,双端未见,文档转储（非运行时命名空间）,,
Q-CodeBuddyFuncsCreateText,QUERY,CodeBuddyFuncs,CreateText,,Dot (Global),Both,moduleObjects,dot,CodeBuddyFuncs.CreateText,,ERR,否,,,文档转储命名空间：运行时不存在该全局,ERR,否,,,文档转储命名空间：运行时不存在该全局,,双端未见,文档转储（非运行时命名空间）,,
Q-CodeBuddyFuncsIsOffBottom,QUERY,CodeBuddyFuncs,IsOffBottom,,Dot (Global),Both,moduleObjects,dot,CodeBuddyFuncs.IsOffBottom,,ERR,否,,,文档转储命名空间：运行时不存在该全局,ERR,否,,,文档转储命名空间：运行时不存在该全局,,双端未见,文档转储（非运行时命名空间）,,
Q-CodeBuddyFuncsSetZoomOffsetNear,QUERY,CodeBuddyFuncs,SetZoomOffsetNear,,Dot (Global),Both,moduleObjects,dot,CodeBuddyFuncs.SetZoomOffsetNear,,ERR,否,,,文档转储命名空间：运行时不存在该全局,ERR,否,,,文档转储命名空间：运行时不存在该全局,,双端未见,文档转储（非运行时命名空间）,,
Q-CodeBuddyFuncsGetConsumeMouseButton,QUERY,CodeBuddyFuncs,GetConsumeMouseButton,,Dot (Global),Both,moduleObjects,dot,CodeBuddyFuncs.GetConsumeMouseButton,,ERR,否,,,文档转储命名空间：运行时不存在该全局,ERR,否,,,文档转储命名空间：运行时不存在该全局,,双端未见,文档转储（非运行时命名空间）,,
Q-CodeBuddyFuncsFindIconAtlasNearestSize,QUERY,CodeBuddyFuncs,FindIconAtlasNearestSize,,Dot (Global),Both,moduleObjects,dot,CodeBuddyFuncs.FindIconAtlasNearestSize,,ERR,否,,,文档转储命名空间：运行时不存在该全局,ERR,否,,,文档转储命名空间：运行时不存在该全局,,双端未见,文档转储（非运行时命名空间）,,
Q-CodeBuddyFuncsIsOpen,QUERY,CodeBuddyFuncs,IsOpen,,Dot (Global),Both,moduleObjects,dot,CodeBuddyFuncs.IsOpen,,ERR,否,,,文档转储命名空间：运行时不存在该全局,ERR,否,,,文档转储命名空间：运行时不存在该全局,,双端未见,文档转储（非运行时命名空间）,,
Q-CodeBuddyFuncsSetSizeToText,QUERY,CodeBuddyFuncs,SetSizeToText,,Dot (Global),Both,moduleObjects,dot,CodeBuddyFuncs.SetSizeToText,,ERR,否,,,文档转储命名空间：运行时不存在该全局,ERR,否,,,文档转储命名空间：运行时不存在该全局,,双端未见,文档转储（非运行时命名空间）,,
Q-CodeBuddyFuncsDequeuePopup,QUERY,CodeBuddyFuncs,DequeuePopup,,Dot (Global),Both,moduleObjects,dot,CodeBuddyFuncs.DequeuePopup,,ERR,否,,,文档转储命名空间：运行时不存在该全局,ERR,否,,,文档转储命名空间：运行时不存在该全局,,双端未见,文档转储（非运行时命名空间）,,
Q-CodeBuddyFuncsGetGestureStartDistanceThreshold,QUERY,CodeBuddyFuncs,GetGestureStartDistanceThreshold,,Dot (Global),Both,moduleObjects,dot,CodeBuddyFuncs.GetGestureStartDistanceThreshold,,ERR,否,,,文档转储命名空间：运行时不存在该全局,ERR,否,,,文档转储命名空间：运行时不存在该全局,,双端未见,文档转储（非运行时命名空间）,,
Q-CodeBuddyFuncsClearGlobalInputHandler,QUERY,CodeBuddyFuncs,ClearGlobalInputHandler,,Dot (Global),Both,moduleObjects,dot,CodeBuddyFuncs.ClearGlobalInputHandler,,ERR,否,,,文档转储命名空间：运行时不存在该全局,ERR,否,,,文档转储命名空间：运行时不存在该全局,,双端未见,文档转储（非运行时命名空间）,,
Q-CodeBuddyFuncsSetSize,QUERY,CodeBuddyFuncs,SetSize,,Dot (Global),Both,moduleObjects,dot,CodeBuddyFuncs.SetSize,,ERR,否,,,文档转储命名空间：运行时不存在该全局,ERR,否,,,文档转储命名空间：运行时不存在该全局,,双端未见,文档转储（非运行时命名空间）,,
Q-CodeBuddyFuncsIsTouchToolTipDisabled,QUERY,CodeBuddyFuncs,IsTouchToolTipDisabled,,Dot (Global),Both,moduleObjects,dot,CodeBuddyFuncs.IsTouchToolTipDisabled,,ERR,否,,,文档转储命名空间：运行时不存在该全局,ERR,否,,,文档转储命名空间：运行时不存在该全局,,双端未见,文档转储（非运行时命名空间）,,
Q-CodeBuddyFuncsCPP_SetToolTipType,QUERY,CodeBuddyFuncs,CPP_SetToolTipType,,Dot (Global),Both,moduleObjects,dot,CodeBuddyFuncs.CPP_SetToolTipType,,ERR,否,,,文档转储命名空间：运行时不存在该全局,ERR,否,,,文档转储命名空间：运行时不存在该全局,,双端未见,文档转储（非运行时命名空间）,,
Q-CodeBuddyFuncsGetParent,QUERY,CodeBuddyFuncs,GetParent,,Dot (Global),Both,moduleObjects,dot,CodeBuddyFuncs.GetParent,,ERR,否,,,文档转储命名空间：运行时不存在该全局,ERR,否,,,文档转储命名空间：运行时不存在该全局,,双端未见,文档转储（非运行时命名空间）,,
Q-CodeBuddyFuncsCreateTextAtPos,QUERY,CodeBuddyFuncs,CreateTextAtPos,,Dot (Global),Both,moduleObjects,dot,CodeBuddyFuncs.CreateTextAtPos,,ERR,否,,,文档转储命名空间：运行时不存在该全局,ERR,否,,,文档转储命名空间：运行时不存在该全局,,双端未见,文档转储（非运行时命名空间）,,
Q-CodeBuddyFuncsClearToolTipCallback,QUERY,CodeBuddyFuncs,ClearToolTipCallback,,Dot (Global),Both,moduleObjects,dot,CodeBuddyFuncs.ClearToolTipCallback,,ERR,否,,,文档转储命名空间：运行时不存在该全局,ERR,否,,,文档转储命名空间：运行时不存在该全局,,双端未见,文档转储（非运行时命名空间）,,
Q-CodeBuddyFuncsC_SetToolTipString,QUERY,CodeBuddyFuncs,C_SetToolTipString,,Dot (Global),Both,moduleObjects,dot,CodeBuddyFuncs.C_SetToolTipString,,ERR,否,,,文档转储命名空间：运行时不存在该全局,ERR,否,,,文档转储命名空间：运行时不存在该全局,,双端未见,文档转储（非运行时命名空间）,,
Q-CodeBuddyFuncsCalculateInternalSize,QUERY,CodeBuddyFuncs,CalculateInternalSize,,Dot (Global),Both,moduleObjects,dot,CodeBuddyFuncs.CalculateInternalSize,,ERR,否,,,文档转储命名空间：运行时不存在该全局,ERR,否,,,文档转储命名空间：运行时不存在该全局,,双端未见,文档转储（非运行时命名空间）,,
Q-CodeBuddyFuncsRegisterSelectionCallback,QUERY,CodeBuddyFuncs,RegisterSelectionCallback,,Dot (Global),Both,moduleObjects,dot,CodeBuddyFuncs.RegisterSelectionCallback,,ERR,否,,,文档转储命名空间：运行时不存在该全局,ERR,否,,,文档转储命名空间：运行时不存在该全局,,双端未见,文档转储（非运行时命名空间）,,
Q-CodeBuddyFuncsSetWidth,QUERY,CodeBuddyFuncs,SetWidth,,Dot (Global),Both,moduleObjects,dot,CodeBuddyFuncs.SetWidth,,ERR,否,,,文档转储命名空间：运行时不存在该全局,ERR,否,,,文档转储命名空间：运行时不存在该全局,,双端未见,文档转储（非运行时命名空间）,,
Q-CodeBuddyFuncsSetPostInit,QUERY,CodeBuddyFuncs,SetPostInit,,Dot (Global),Both,moduleObjects,dot,CodeBuddyFuncs.SetPostInit,,ERR,否,,,文档转储命名空间：运行时不存在该全局,ERR,否,,,文档转储命名空间：运行时不存在该全局,,双端未见,文档转储（非运行时命名空间）,,
Q-CodeBuddyFuncsSetGridColor,QUERY,CodeBuddyFuncs,SetGridColor,,Dot (Global),Both,moduleObjects,dot,CodeBuddyFuncs.SetGridColor,,ERR,否,,,文档转储命名空间：运行时不存在该全局,ERR,否,,,文档转储命名空间：运行时不存在该全局,,双端未见,文档转储（非运行时命名空间）,,
Q-CodeBuddyFuncsSetString,QUERY,CodeBuddyFuncs,SetString,,Dot (Global),Both,moduleObjects,dot,CodeBuddyFuncs.SetString,,ERR,否,,,文档转储命名空间：运行时不存在该全局,ERR,否,,,文档转储命名空间：运行时不存在该全局,,双端未见,文档转储（非运行时命名空间）,,
Q-CodeBuddyFuncsClearCurrent,QUERY,CodeBuddyFuncs,ClearCurrent,,Dot (Global),Both,moduleObjects,dot,CodeBuddyFuncs.ClearCurrent,,ERR,否,,,文档转储命名空间：运行时不存在该全局,ERR,否,,,文档转储命名空间：运行时不存在该全局,,双端未见,文档转储（非运行时命名空间）,,
Q-CodeBuddyFuncsIsGamepadSupported,QUERY,CodeBuddyFuncs,IsGamepadSupported,,Dot (Global),Both,moduleObjects,dot,CodeBuddyFuncs.IsGamepadSupported,,ERR,否,,,文档转储命名空间：运行时不存在该全局,ERR,否,,,文档转储命名空间：运行时不存在该全局,,双端未见,文档转储（非运行时命名空间）,,
Q-CodeBuddyFuncsGetStack,QUERY,CodeBuddyFuncs,GetStack,,Dot (Global),Both,moduleObjects,dot,CodeBuddyFuncs.GetStack,,ERR,否,,,文档转储命名空间：运行时不存在该全局,ERR,否,,,文档转储命名空间：运行时不存在该全局,,双端未见,文档转储（非运行时命名空间）,,
Q-CodeBuddyFuncsSetHideHandler,QUERY,CodeBuddyFuncs,SetHideHandler,,Dot (Global),Both,moduleObjects,dot,CodeBuddyFuncs.SetHideHandler,,ERR,否,,,文档转储命名空间：运行时不存在该全局,ERR,否,,,文档转储命名空间：运行时不存在该全局,,双端未见,文档转储（非运行时命名空间）,,
Q-CodeBuddyFuncsHasTexture,QUERY,CodeBuddyFuncs,HasTexture,,Dot (Global),Both,moduleObjects,dot,CodeBuddyFuncs.HasTexture,,ERR,否,,,文档转储命名空间：运行时不存在该全局,ERR,否,,,文档转储命名空间：运行时不存在该全局,,双端未见,文档转储（非运行时命名空间）,,
Q-CodeBuddyFuncsBranchResetAnimation,QUERY,CodeBuddyFuncs,BranchResetAnimation,,Dot (Global),Both,moduleObjects,dot,CodeBuddyFuncs.BranchResetAnimation,,ERR,否,,,文档转储命名空间：运行时不存在该全局,ERR,否,,,文档转储命名空间：运行时不存在该全局,,双端未见,文档转储（非运行时命名空间）,,
Q-CodeBuddyFuncsSortChildren,QUERY,CodeBuddyFuncs,SortChildren,,Dot (Global),Both,moduleObjects,dot,CodeBuddyFuncs.SortChildren,,ERR,否,,,文档转储命名空间：运行时不存在该全局,ERR,否,,,文档转储命名空间：运行时不存在该全局,,双端未见,文档转储（非运行时命名空间）,,
Q-CodeBuddyFuncsSetSpeed,QUERY,CodeBuddyFuncs,SetSpeed,,Dot (Global),Both,moduleObjects,dot,CodeBuddyFuncs.SetSpeed,,ERR,否,,,文档转储命名空间：运行时不存在该全局,ERR,否,,,文档转储命名空间：运行时不存在该全局,,双端未见,文档转储（非运行时命名空间）,,
Q-CodeBuddyFuncsSetRange,QUERY,CodeBuddyFuncs,SetRange,,Dot (Global),Both,moduleObjects,dot,CodeBuddyFuncs.SetRange,,ERR,否,,,文档转储命名空间：运行时不存在该全局,ERR,否,,,文档转储命名空间：运行时不存在该全局,,双端未见,文档转储（非运行时命名空间）,,
Q-CodeBuddyFuncsSetButtonHighlightColor,QUERY,CodeBuddyFuncs,SetButtonHighlightColor,,Dot (Global),Both,moduleObjects,dot,CodeBuddyFuncs.SetButtonHighlightColor,,ERR,否,,,文档转储命名空间：运行时不存在该全局,ERR,否,,,文档转储命名空间：运行时不存在该全局,,双端未见,文档转储（非运行时命名空间）,,
Q-CodeBuddyFuncsGetConsumeMouseWheel,QUERY,CodeBuddyFuncs,GetConsumeMouseWheel,,Dot (Global),Both,moduleObjects,dot,CodeBuddyFuncs.GetConsumeMouseWheel,,ERR,否,,,文档转储命名空间：运行时不存在该全局,ERR,否,,,文档转储命名空间：运行时不存在该全局,,双端未见,文档转储（非运行时命名空间）,,
Q-CodeBuddyFuncsIsInPopupQueue,QUERY,CodeBuddyFuncs,IsInPopupQueue,,Dot (Global),Both,moduleObjects,dot,CodeBuddyFuncs.IsInPopupQueue,,ERR,否,,,文档转储命名空间：运行时不存在该全局,ERR,否,,,文档转储命名空间：运行时不存在该全局,,双端未见,文档转储（非运行时命名空间）,,
Q-CodeBuddyFuncsSetForceIME,QUERY,CodeBuddyFuncs,SetForceIME,,Dot (Global),Both,moduleObjects,dot,CodeBuddyFuncs.SetForceIME,,ERR,否,,,文档转储命名空间：运行时不存在该全局,ERR,否,,,文档转储命名空间：运行时不存在该全局,,双端未见,文档转储（非运行时命名空间）,,
Q-CodeBuddyFuncsGamepadEnableTooltips,QUERY,CodeBuddyFuncs,GamepadEnableTooltips,,Dot (Global),Both,moduleObjects,dot,CodeBuddyFuncs.GamepadEnableTooltips,,ERR,否,,,文档转储命名空间：运行时不存在该全局,ERR,否,,,文档转储命名空间：运行时不存在该全局,,双端未见,文档转储（非运行时命名空间）,,
Q-CodeBuddyFuncsGetGestureDistance,QUERY,CodeBuddyFuncs,GetGestureDistance,,Dot (Global),Both,moduleObjects,dot,CodeBuddyFuncs.GetGestureDistance,,ERR,否,,,文档转储命名空间：运行时不存在该全局,ERR,否,,,文档转储命名空间：运行时不存在该全局,,双端未见,文档转储（非运行时命名空间）,,
Q-CodeBuddyFuncsSetColor,QUERY,CodeBuddyFuncs,SetColor,,Dot (Global),Both,moduleObjects,dot,CodeBuddyFuncs.SetColor,,ERR,否,,,文档转储命名空间：运行时不存在该全局,ERR,否,,,文档转储命名空间：运行时不存在该全局,,双端未见,文档转储（非运行时命名空间）,,
Q-CodeBuddyFuncsIsAltDown,QUERY,CodeBuddyFuncs,IsAltDown,,Dot (Global),Both,moduleObjects,dot,CodeBuddyFuncs.IsAltDown,,ERR,否,,,文档转储命名空间：运行时不存在该全局,ERR,否,,,文档转储命名空间：运行时不存在该全局,,双端未见,文档转储（非运行时命名空间）,,
Q-CodeBuddyFuncsSetEndVal,QUERY,CodeBuddyFuncs,SetEndVal,,Dot (Global),Both,moduleObjects,dot,CodeBuddyFuncs.SetEndVal,,ERR,否,,,文档转储命名空间：运行时不存在该全局,ERR,否,,,文档转储命名空间：运行时不存在该全局,,双端未见,文档转储（非运行时命名空间）,,
Q-CodeBuddyFuncsIsToolTipEnabled,QUERY,CodeBuddyFuncs,IsToolTipEnabled,,Dot (Global),Both,moduleObjects,dot,CodeBuddyFuncs.IsToolTipEnabled,,ERR,否,,,文档转储命名空间：运行时不存在该全局,ERR,否,,,文档转储命名空间：运行时不存在该全局,,双端未见,文档转储（非运行时命名空间）,,
Q-CodeBuddyFuncsClearDownEndCallback,QUERY,CodeBuddyFuncs,ClearDownEndCallback,,Dot (Global),Both,moduleObjects,dot,CodeBuddyFuncs.ClearDownEndCallback,,ERR,否,,,文档转储命名空间：运行时不存在该全局,ERR,否,,,文档转储命名空间：运行时不存在该全局,,双端未见,文档转储（非运行时命名空间）,,
Q-CodeBuddyFuncsSetPlotChannel,QUERY,CodeBuddyFuncs,SetPlotChannel,,Dot (Global),Both,moduleObjects,dot,CodeBuddyFuncs.SetPlotChannel,,ERR,否,,,文档转储命名空间：运行时不存在该全局,ERR,否,,,文档转储命名空间：运行时不存在该全局,,双端未见,文档转储（非运行时命名空间）,,
Q-CodeBuddyFuncsSetWorldPositionVal,QUERY,CodeBuddyFuncs,SetWorldPositionVal,,Dot (Global),Both,moduleObjects,dot,CodeBuddyFuncs.SetWorldPositionVal,,ERR,否,,,文档转储命名空间：运行时不存在该全局,ERR,否,,,文档转储命名空间：运行时不存在该全局,,双端未见,文档转储（非运行时命名空间）,,
Q-CodeBuddyFuncsSetMask,QUERY,CodeBuddyFuncs,SetMask,,Dot (Global),Both,moduleObjects,dot,CodeBuddyFuncs.SetMask,,ERR,否,,,文档转储命名空间：运行时不存在该全局,ERR,否,,,文档转储命名空间：运行时不存在该全局,,双端未见,文档转储（非运行时命名空间）,,
Q-CodeBuddyFuncsPopModal,QUERY,CodeBuddyFuncs,PopModal,,Dot (Global),Both,moduleObjects,dot,CodeBuddyFuncs.PopModal,,ERR,否,,,文档转储命名空间：运行时不存在该全局,ERR,否,,,文档转储命名空间：运行时不存在该全局,,双端未见,文档转储（非运行时命名空间）,,
Q-CodeBuddyFuncsSetUnCheckTexture,QUERY,CodeBuddyFuncs,SetUnCheckTexture,,Dot (Global),Both,moduleObjects,dot,CodeBuddyFuncs.SetUnCheckTexture,,ERR,否,,,文档转储命名空间：运行时不存在该全局,ERR,否,,,文档转储命名空间：运行时不存在该全局,,双端未见,文档转储（非运行时命名空间）,,
Q-CodeBuddyFuncsSetProgress,QUERY,CodeBuddyFuncs,SetProgress,,Dot (Global),Both,moduleObjects,dot,CodeBuddyFuncs.SetProgress,,ERR,否,,,文档转储命名空间：运行时不存在该全局,ERR,否,,,文档转储命名空间：运行时不存在该全局,,双端未见,文档转储（非运行时命名空间）,,
Q-CodeBuddyFuncsGetPopupParameters,QUERY,CodeBuddyFuncs,GetPopupParameters,,Dot (Global),Both,moduleObjects,dot,CodeBuddyFuncs.GetPopupParameters,,ERR,否,,,文档转储命名空间：运行时不存在该全局,ERR,否,,,文档转储命名空间：运行时不存在该全局,,双端未见,文档转储（非运行时命名空间）,,
Q-CodeBuddyFuncsIsGamepadConnected,QUERY,CodeBuddyFuncs,IsGamepadConnected,,Dot (Global),Both,moduleObjects,dot,CodeBuddyFuncs.IsGamepadConnected,,ERR,否,,,文档转储命名空间：运行时不存在该全局,ERR,否,,,文档转储命名空间：运行时不存在该全局,,双端未见,文档转储（非运行时命名空间）,,
Q-CodeBuddyFuncsSetRelativeEndVal,QUERY,CodeBuddyFuncs,SetRelativeEndVal,,Dot (Global),Both,moduleObjects,dot,CodeBuddyFuncs.SetRelativeEndVal,,ERR,否,,,文档转储命名空间：运行时不存在该全局,ERR,否,,,文档转储命名空间：运行时不存在该全局,,双端未见,文档转储（非运行时命名空间）,,
Q-CodeBuddyFuncsGetScrollBar,QUERY,CodeBuddyFuncs,GetScrollBar,,Dot (Global),Both,moduleObjects,dot,CodeBuddyFuncs.GetScrollBar,,ERR,否,,,文档转储命名空间：运行时不存在该全局,ERR,否,,,文档转储命名空间：运行时不存在该全局,,双端未见,文档转储（非运行时命名空间）,,
Q-CodeBuddyFuncsSetUnCheckTextureSizeVal,QUERY,CodeBuddyFuncs,SetUnCheckTextureSizeVal,,Dot (Global),Both,moduleObjects,dot,CodeBuddyFuncs.SetUnCheckTextureSizeVal,,ERR,否,,,文档转储命名空间：运行时不存在该全局,ERR,否,,,文档转储命名空间：运行时不存在该全局,,双端未见,文档转储（非运行时命名空间）,,
Q-CodeBuddyFuncsPopAllInterrupts,QUERY,CodeBuddyFuncs,PopAllInterrupts,,Dot (Global),Both,moduleObjects,dot,CodeBuddyFuncs.PopAllInterrupts,,ERR,否,,,文档转储命名空间：运行时不存在该全局,ERR,否,,,文档转储命名空间：运行时不存在该全局,,双端未见,文档转储（非运行时命名空间）,,
Q-CodeBuddyFuncsRegisterAnimCallback,QUERY,CodeBuddyFuncs,RegisterAnimCallback,,Dot (Global),Both,moduleObjects,dot,CodeBuddyFuncs.RegisterAnimCallback,,ERR,否,,,文档转储命名空间：运行时不存在该全局,ERR,否,,,文档转储命名空间：运行时不存在该全局,,双端未见,文档转储（非运行时命名空间）,,
Q-CodeBuddyFuncsSetEnabled,QUERY,CodeBuddyFuncs,SetEnabled,,Dot (Global),Both,moduleObjects,dot,CodeBuddyFuncs.SetEnabled,,ERR,否,,,文档转储命名空间：运行时不存在该全局,ERR,否,,,文档转储命名空间：运行时不存在该全局,,双端未见,文档转储（非运行时命名空间）,,
Q-CodeBuddyFuncsWasInGesture,QUERY,CodeBuddyFuncs,WasInGesture,,Dot (Global),Both,moduleObjects,dot,CodeBuddyFuncs.WasInGesture,,ERR,否,,,文档转储命名空间：运行时不存在该全局,ERR,否,,,文档转储命名空间：运行时不存在该全局,,双端未见,文档转储（非运行时命名空间）,,
Q-CodeBuddyFuncsCPP_SetToolTipString,QUERY,CodeBuddyFuncs,CPP_SetToolTipString,,Dot (Global),Both,moduleObjects,dot,CodeBuddyFuncs.CPP_SetToolTipString,,ERR,否,,,文档转储命名空间：运行时不存在该全局,ERR,否,,,文档转储命名空间：运行时不存在该全局,,双端未见,文档转储（非运行时命名空间）,,
Q-CodeBuddyFuncsSetWrapWidth_float,QUERY,CodeBuddyFuncs,SetWrapWidth_float,,Dot (Global),Both,moduleObjects,dot,CodeBuddyFuncs.SetWrapWidth_float,,ERR,否,,,文档转储命名空间：运行时不存在该全局,ERR,否,,,文档转储命名空间：运行时不存在该全局,,双端未见,文档转储（非运行时命名空间）,,
Q-CodeBuddyFuncsGetCycleType,QUERY,CodeBuddyFuncs,GetCycleType,,Dot (Global),Both,moduleObjects,dot,CodeBuddyFuncs.GetCycleType,,ERR,否,,,文档转储命名空间：运行时不存在该全局,ERR,否,,,文档转储命名空间：运行时不存在该全局,,双端未见,文档转储（非运行时命名空间）,,
Q-CodeBuddyFuncsClearWhenHiddenCallback,QUERY,CodeBuddyFuncs,ClearWhenHiddenCallback,,Dot (Global),Both,moduleObjects,dot,CodeBuddyFuncs.ClearWhenHiddenCallback,,ERR,否,,,文档转储命名空间：运行时不存在该全局,ERR,否,,,文档转储命名空间：运行时不存在该全局,,双端未见,文档转储（非运行时命名空间）,,
Q-CodeBuddyFuncsHasFocus,QUERY,CodeBuddyFuncs,HasFocus,,Dot (Global),Both,moduleObjects,dot,CodeBuddyFuncs.HasFocus,,ERR,否,,,文档转储命名空间：运行时不存在该全局,ERR,否,,,文档转储命名空间：运行时不存在该全局,,双端未见,文档转储（非运行时命名空间）,,
Q-CodeBuddyFuncsGetLuaFileName,QUERY,CodeBuddyFuncs,GetLuaFileName,,Dot (Global),Both,moduleObjects,dot,CodeBuddyFuncs.GetLuaFileName,,ERR,否,,,文档转储命名空间：运行时不存在该全局,ERR,否,,,文档转储命名空间：运行时不存在该全局,,双端未见,文档转储（非运行时命名空间）,,
Q-CodeBuddyFuncsSetStyle,QUERY,CodeBuddyFuncs,SetStyle,,Dot (Global),Both,moduleObjects,dot,CodeBuddyFuncs.SetStyle,,ERR,否,,,文档转储命名空间：运行时不存在该全局,ERR,否,,,文档转储命名空间：运行时不存在该全局,,双端未见,文档转储（非运行时命名空间）,,
Q-CodeBuddyFuncsIsTextureLoaded,QUERY,CodeBuddyFuncs,IsTextureLoaded,,Dot (Global),Both,moduleObjects,dot,CodeBuddyFuncs.IsTextureLoaded,,ERR,否,,,文档转储命名空间：运行时不存在该全局,ERR,否,,,文档转储命名空间：运行时不存在该全局,,双端未见,文档转储（非运行时命名空间）,,
Q-CodeBuddyFuncsGetParentByID,QUERY,CodeBuddyFuncs,GetParentByID,,Dot (Global),Both,moduleObjects,dot,CodeBuddyFuncs.GetParentByID,,ERR,否,,,文档转储命名空间：运行时不存在该全局,ERR,否,,,文档转储命名空间：运行时不存在该全局,,双端未见,文档转储（非运行时命名空间）,,
Q-CodeBuddyFuncsSetMovieFrameCallback,QUERY,CodeBuddyFuncs,SetMovieFrameCallback,,Dot (Global),Both,moduleObjects,dot,CodeBuddyFuncs.SetMovieFrameCallback,,ERR,否,,,文档转储命名空间：运行时不存在该全局,ERR,否,,,文档转储命名空间：运行时不存在该全局,,双端未见,文档转储（非运行时命名空间）,,
Q-CodeBuddyFuncsSetWorldEndVal,QUERY,CodeBuddyFuncs,SetWorldEndVal,,Dot (Global),Both,moduleObjects,dot,CodeBuddyFuncs.SetWorldEndVal,,ERR,否,,,文档转储命名空间：运行时不存在该全局,ERR,否,,,文档转储命名空间：运行时不存在该全局,,双端未见,文档转储（非运行时命名空间）,,
Q-CodeBuddyFuncsIsMButtonDown,QUERY,CodeBuddyFuncs,IsMButtonDown,,Dot (Global),Both,moduleObjects,dot,CodeBuddyFuncs.IsMButtonDown,,ERR,否,,,文档转储命名空间：运行时不存在该全局,ERR,否,,,文档转储命名空间：运行时不存在该全局,,双端未见,文档转储（非运行时命名空间）,,
Q-CodeBuddyFuncsClearRequestRefresh,QUERY,CodeBuddyFuncs,ClearRequestRefresh,,Dot (Global),Both,moduleObjects,dot,CodeBuddyFuncs.ClearRequestRefresh,,ERR,否,,,文档转储命名空间：运行时不存在该全局,ERR,否,,,文档转储命名空间：运行时不存在该全局,,双端未见,文档转储（非运行时命名空间）,,
Q-CodeBuddyFuncsCreatePathAlongSpline,QUERY,CodeBuddyFuncs,CreatePathAlongSpline,,Dot (Global),Both,moduleObjects,dot,CodeBuddyFuncs.CreatePathAlongSpline,,ERR,否,,,文档转储命名空间：运行时不存在该全局,ERR,否,,,文档转储命名空间：运行时不存在该全局,,双端未见,文档转储（非运行时命名空间）,,
Q-CodeBuddyFuncsGetNormalDeltaX,QUERY,CodeBuddyFuncs,GetNormalDeltaX,,Dot (Global),Both,moduleObjects,dot,CodeBuddyFuncs.GetNormalDeltaX,,ERR,否,,,文档转储命名空间：运行时不存在该全局,ERR,否,,,文档转储命名空间：运行时不存在该全局,,双端未见,文档转储（非运行时命名空间）,,
Q-CodeBuddyFuncsGetMouseOverControls,QUERY,CodeBuddyFuncs,GetMouseOverControls,,Dot (Global),Both,moduleObjects,dot,CodeBuddyFuncs.GetMouseOverControls,,ERR,否,,,文档转储命名空间：运行时不存在该全局,ERR,否,,,文档转储命名空间：运行时不存在该全局,,双端未见,文档转储（非运行时命名空间）,,
Q-CodeBuddyFuncsIsEnabled,QUERY,CodeBuddyFuncs,IsEnabled,,Dot (Global),Both,moduleObjects,dot,CodeBuddyFuncs.IsEnabled,,ERR,否,,,文档转储命名空间：运行时不存在该全局,ERR,否,,,文档转储命名空间：运行时不存在该全局,,双端未见,文档转储（非运行时命名空间）,,
Q-CodeBuddyFuncsRegisterCommitCallback,QUERY,CodeBuddyFuncs,RegisterCommitCallback,,Dot (Global),Both,moduleObjects,dot,CodeBuddyFuncs.RegisterCommitCallback,,ERR,否,,,文档转储命名空间：运行时不存在该全局,ERR,否,,,文档转储命名空间：运行时不存在该全局,,双端未见,文档转储（非运行时命名空间）,,
Q-CodeBuddyFuncsStrategicView_ClearReferenceMap,QUERY,CodeBuddyFuncs,StrategicView_ClearReferenceMap,,Dot (Global),Both,moduleObjects,dot,CodeBuddyFuncs.StrategicView_ClearReferenceMap,,ERR,否,,,文档转储命名空间：运行时不存在该全局,ERR,否,,,文档转储命名空间：运行时不存在该全局,,双端未见,文档转储（非运行时命名空间）,,
Q-CodeBuddyFuncsShowVGridLines,QUERY,CodeBuddyFuncs,ShowVGridLines,,Dot (Global),Both,moduleObjects,dot,CodeBuddyFuncs.ShowVGridLines,,ERR,否,,,文档转储命名空间：运行时不存在该全局,ERR,否,,,文档转储命名空间：运行时不存在该全局,,双端未见,文档转储（非运行时命名空间）,,
Q-CodeBuddyFuncsStrategicView_GetReferenceMapAlpha,QUERY,CodeBuddyFuncs,StrategicView_GetReferenceMapAlpha,,Dot (Global),Both,moduleObjects,dot,CodeBuddyFuncs.StrategicView_GetReferenceMapAlpha,,ERR,否,,,文档转储命名空间：运行时不存在该全局,ERR,否,,,文档转储命名空间：运行时不存在该全局,,双端未见,文档转储（非运行时命名空间）,,
Q-CodeBuddyFuncsCPP_SetTexture,QUERY,CodeBuddyFuncs,CPP_SetTexture,,Dot (Global),Both,moduleObjects,dot,CodeBuddyFuncs.CPP_SetTexture,,ERR,否,,,文档转储命名空间：运行时不存在该全局,ERR,否,,,文档转储命名空间：运行时不存在该全局,,双端未见,文档转储（非运行时命名空间）,,
Q-CodeBuddyFuncsClearMouseExitCallback,QUERY,CodeBuddyFuncs,ClearMouseExitCallback,,Dot (Global),Both,moduleObjects,dot,CodeBuddyFuncs.ClearMouseExitCallback,,ERR,否,,,文档转储命名空间：运行时不存在该全局,ERR,否,,,文档转储命名空间：运行时不存在该全局,,双端未见,文档转储（非运行时命名空间）,,
Q-CodeBuddyFuncsSetParentRelativeSizeX,QUERY,CodeBuddyFuncs,SetParentRelativeSizeX,,Dot (Global),Both,moduleObjects,dot,CodeBuddyFuncs.SetParentRelativeSizeX,,ERR,否,,,文档转储命名空间：运行时不存在该全局,ERR,否,,,文档转储命名空间：运行时不存在该全局,,双端未见,文档转储（非运行时命名空间）,,
Q-CodeBuddyFuncsUnloadTexture,QUERY,CodeBuddyFuncs,UnloadTexture,,Dot (Global),Both,moduleObjects,dot,CodeBuddyFuncs.UnloadTexture,,ERR,否,,,文档转储命名空间：运行时不存在该全局,ERR,否,,,文档转储命名空间：运行时不存在该全局,,双端未见,文档转储（非运行时命名空间）,,
Q-CodeBuddyFuncsFindIconAtlas,QUERY,CodeBuddyFuncs,FindIconAtlas,,Dot (Global),Both,moduleObjects,dot,CodeBuddyFuncs.FindIconAtlas,,ERR,否,,,文档转储命名空间：运行时不存在该全局,ERR,否,,,文档转储命名空间：运行时不存在该全局,,双端未见,文档转储（非运行时命名空间）,,
Q-CodeBuddyFuncsResumeAllEffects,QUERY,CodeBuddyFuncs,ResumeAllEffects,,Dot (Global),Both,moduleObjects,dot,CodeBuddyFuncs.ResumeAllEffects,,ERR,否,,,文档转储命名空间：运行时不存在该全局,ERR,否,,,文档转储命名空间：运行时不存在该全局,,双端未见,文档转储（非运行时命名空间）,,
Q-CodeBuddyFuncsSetStackPadding,QUERY,CodeBuddyFuncs,SetStackPadding,,Dot (Global),Both,moduleObjects,dot,CodeBuddyFuncs.SetStackPadding,,ERR,否,,,文档转储命名空间：运行时不存在该全局,ERR,否,,,文档转储命名空间：运行时不存在该全局,,双端未见,文档转储（非运行时命名空间）,,
Q-CodeBuddyFuncsSetStartVal,QUERY,CodeBuddyFuncs,SetStartVal,,Dot (Global),Both,moduleObjects,dot,CodeBuddyFuncs.SetStartVal,,ERR,否,,,文档转储命名空间：运行时不存在该全局,ERR,否,,,文档转储命名空间：运行时不存在该全局,,双端未见,文档转储（非运行时命名空间）,,
Q-CodeBuddyFuncsDoLeftClick,QUERY,CodeBuddyFuncs,DoLeftClick,,Dot (Global),Both,moduleObjects,dot,CodeBuddyFuncs.DoLeftClick,,ERR,否,,,文档转储命名空间：运行时不存在该全局,ERR,否,,,文档转储命名空间：运行时不存在该全局,,双端未见,文档转储（非运行时命名空间）,,
Q-CodeBuddyFuncsSetInitHandler,QUERY,CodeBuddyFuncs,SetInitHandler,,Dot (Global),Both,moduleObjects,dot,CodeBuddyFuncs.SetInitHandler,,ERR,否,,,文档转储命名空间：运行时不存在该全局,ERR,否,,,文档转储命名空间：运行时不存在该全局,,双端未见,文档转储（非运行时命名空间）,,
Q-CodeBuddyFuncsIsPlaying,QUERY,CodeBuddyFuncs,IsPlaying,,Dot (Global),Both,moduleObjects,dot,CodeBuddyFuncs.IsPlaying,,ERR,否,,,文档转储命名空间：运行时不存在该全局,ERR,否,,,文档转储命名空间：运行时不存在该全局,,双端未见,文档转储（非运行时命名空间）,,
Q-CodeBuddyFuncsReparent,QUERY,CodeBuddyFuncs,Reparent,,Dot (Global),Both,moduleObjects,dot,CodeBuddyFuncs.Reparent,,ERR,否,,,文档转储命名空间：运行时不存在该全局,ERR,否,,,文档转储命名空间：运行时不存在该全局,,双端未见,文档转储（非运行时命名空间）,,
Q-CodeBuddyFuncsDisablePopupQueue,QUERY,CodeBuddyFuncs,DisablePopupQueue,,Dot (Global),Both,moduleObjects,dot,CodeBuddyFuncs.DisablePopupQueue,,ERR,否,,,文档转储命名空间：运行时不存在该全局,ERR,否,,,文档转储命名空间：运行时不存在该全局,,双端未见,文档转储（非运行时命名空间）,,
Q-CodeBuddyFuncsGetVoid1,QUERY,CodeBuddyFuncs,GetVoid1,,Dot (Global),Both,moduleObjects,dot,CodeBuddyFuncs.GetVoid1,,ERR,否,,,文档转储命名空间：运行时不存在该全局,ERR,否,,,文档转储命名空间：运行时不存在该全局,,双端未见,文档转储（非运行时命名空间）,,
Q-CodeBuddyFuncsScale,QUERY,CodeBuddyFuncs,Scale,,Dot (Global),Both,moduleObjects,dot,CodeBuddyFuncs.Scale,,ERR,否,,,文档转储命名空间：运行时不存在该全局,ERR,否,,,文档转储命名空间：运行时不存在该全局,,双端未见,文档转储（非运行时命名空间）,,
Q-CodeBuddyFuncsSetMovieFinishedCallback,QUERY,CodeBuddyFuncs,SetMovieFinishedCallback,,Dot (Global),Both,moduleObjects,dot,CodeBuddyFuncs.SetMovieFinishedCallback,,ERR,否,,,文档转储命名空间：运行时不存在该全局,ERR,否,,,文档转储命名空间：运行时不存在该全局,,双端未见,文档转储（非运行时命名空间）,,
Q-CodeBuddyFuncsBuildInstanceForControlAtIndex,QUERY,CodeBuddyFuncs,BuildInstanceForControlAtIndex,,Dot (Global),Both,moduleObjects,dot,CodeBuddyFuncs.BuildInstanceForControlAtIndex,,ERR,否,,,文档转储命名空间：运行时不存在该全局,ERR,否,,,文档转储命名空间：运行时不存在该全局,,双端未见,文档转储（非运行时命名空间）,,
Q-CodeBuddyFuncsLoadNewContext,QUERY,CodeBuddyFuncs,LoadNewContext,,Dot (Global),Both,moduleObjects,dot,CodeBuddyFuncs.LoadNewContext,,ERR,否,,,文档转储命名空间：运行时不存在该全局,ERR,否,,,文档转储命名空间：运行时不存在该全局,,双端未见,文档转储（非运行时命名空间）,,
Q-CodeBuddyFuncsGetSelectedTab,QUERY,CodeBuddyFuncs,GetSelectedTab,,Dot (Global),Both,moduleObjects,dot,CodeBuddyFuncs.GetSelectedTab,,ERR,否,,,文档转储命名空间：运行时不存在该全局,ERR,否,,,文档转储命名空间：运行时不存在该全局,,双端未见,文档转储（非运行时命名空间）,,
Q-CodeBuddyFuncsRotate,QUERY,CodeBuddyFuncs,Rotate,,Dot (Global),Both,moduleObjects,dot,CodeBuddyFuncs.Rotate,,ERR,否,,,文档转储命名空间：运行时不存在该全局,ERR,否,,,文档转储命名空间：运行时不存在该全局,,双端未见,文档转储（非运行时命名空间）,,
Q-CodeBuddyFuncsStopEffect,QUERY,CodeBuddyFuncs,StopEffect,,Dot (Global),Both,moduleObjects,dot,CodeBuddyFuncs.StopEffect,,ERR,否,,,文档转储命名空间：运行时不存在该全局,ERR,否,,,文档转储命名空间：运行时不存在该全局,,双端未见,文档转储（非运行时命名空间）,,
Q-CodeBuddyFuncsGetY,QUERY,CodeBuddyFuncs,GetY,,Dot (Global),Both,moduleObjects,dot,CodeBuddyFuncs.GetY,,ERR,否,,,文档转储命名空间：运行时不存在该全局,ERR,否,,,文档转储命名空间：运行时不存在该全局,,双端未见,文档转储（非运行时命名空间）,,
Q-CodeBuddyFuncsIsTrackingTouch,QUERY,CodeBuddyFuncs,IsTrackingTouch,,Dot (Global),Both,moduleObjects,dot,CodeBuddyFuncs.IsTrackingTouch,,ERR,否,,,文档转储命名空间：运行时不存在该全局,ERR,否,,,文档转储命名空间：运行时不存在该全局,,双端未见,文档转储（非运行时命名空间）,,
Q-CodeBuddyFuncsSetIndexSelected,QUERY,CodeBuddyFuncs,SetIndexSelected,,Dot (Global),Both,moduleObjects,dot,CodeBuddyFuncs.SetIndexSelected,,ERR,否,,,文档转储命名空间：运行时不存在该全局,ERR,否,,,文档转储命名空间：运行时不存在该全局,,双端未见,文档转储（非运行时命名空间）,,
Q-CodeBuddyFuncsGamepadUpdateTooltips,QUERY,CodeBuddyFuncs,GamepadUpdateTooltips,,Dot (Global),Both,moduleObjects,dot,CodeBuddyFuncs.GamepadUpdateTooltips,,ERR,否,,,文档转储命名空间：运行时不存在该全局,ERR,否,,,文档转储命名空间：运行时不存在该全局,,双端未见,文档转储（非运行时命名空间）,,
Q-CodeBuddyFuncsUpdateDrag,QUERY,CodeBuddyFuncs,UpdateDrag,,Dot (Global),Both,moduleObjects,dot,CodeBuddyFuncs.UpdateDrag,,ERR,否,,,文档转储命名空间：运行时不存在该全局,ERR,否,,,文档转储命名空间：运行时不存在该全局,,双端未见,文档转储（非运行时命名空间）,,
Q-CodeBuddyFuncsGetUpButton,QUERY,CodeBuddyFuncs,GetUpButton,,Dot (Global),Both,moduleObjects,dot,CodeBuddyFuncs.GetUpButton,,ERR,否,,,文档转储命名空间：运行时不存在该全局,ERR,否,,,文档转储命名空间：运行时不存在该全局,,双端未见,文档转储（非运行时命名空间）,,
Q-CodeBuddyFuncsIncrementPause,QUERY,CodeBuddyFuncs,IncrementPause,,Dot (Global),Both,moduleObjects,dot,CodeBuddyFuncs.IncrementPause,,ERR,否,,,文档转储命名空间：运行时不存在该全局,ERR,否,,,文档转储命名空间：运行时不存在该全局,,双端未见,文档转储（非运行时命名空间）,,
Q-CodeBuddyFuncsDisableDebugOutline,QUERY,CodeBuddyFuncs,DisableDebugOutline,,Dot (Global),Both,moduleObjects,dot,CodeBuddyFuncs.DisableDebugOutline,,ERR,否,,,文档转储命名空间：运行时不存在该全局,ERR,否,,,文档转储命名空间：运行时不存在该全局,,双端未见,文档转储（非运行时命名空间）,,
Q-CodeBuddyFuncsGetEntries,QUERY,CodeBuddyFuncs,GetEntries,,Dot (Global),Both,moduleObjects,dot,CodeBuddyFuncs.GetEntries,,ERR,否,,,文档转储命名空间：运行时不存在该全局,ERR,否,,,文档转储命名空间：运行时不存在该全局,,双端未见,文档转储（非运行时命名空间）,,
Q-CodeBuddyFuncsSetShow,QUERY,CodeBuddyFuncs,SetShow,,Dot (Global),Both,moduleObjects,dot,CodeBuddyFuncs.SetShow,,ERR,否,,,文档转储命名空间：运行时不存在该全局,ERR,否,,,文档转储命名空间：运行时不存在该全局,,双端未见,文档转储（非运行时命名空间）,,
Q-CodeBuddyFuncsRegisterSliderCallback,QUERY,CodeBuddyFuncs,RegisterSliderCallback,,Dot (Global),Both,moduleObjects,dot,CodeBuddyFuncs.RegisterSliderCallback,,ERR,否,,,文档转储命名空间：运行时不存在该全局,ERR,否,,,文档转储命名空间：运行时不存在该全局,,双端未见,文档转储（非运行时命名空间）,,
Q-CodeBuddyFuncsGetIsBatteryCharging,QUERY,CodeBuddyFuncs,GetIsBatteryCharging,,Dot (Global),Both,moduleObjects,dot,CodeBuddyFuncs.GetIsBatteryCharging,,ERR,否,,,文档转储命名空间：运行时不存在该全局,ERR,否,,,文档转储命名空间：运行时不存在该全局,,双端未见,文档转储（非运行时命名空间）,,
Q-CodeBuddyFuncsSetWorldPosition,QUERY,CodeBuddyFuncs,SetWorldPosition,,Dot (Global),Both,moduleObjects,dot,CodeBuddyFuncs.SetWorldPosition,,ERR,否,,,文档转储命名空间：运行时不存在该全局,ERR,否,,,文档转储命名空间：运行时不存在该全局,,双端未见,文档转储（非运行时命名空间）,,
Q-CodeBuddyFuncsEnableControlsByIdOrTag,QUERY,CodeBuddyFuncs,EnableControlsByIdOrTag,,Dot (Global),Both,moduleObjects,dot,CodeBuddyFuncs.EnableControlsByIdOrTag,,ERR,否,,,文档转储命名空间：运行时不存在该全局,ERR,否,,,文档转储命名空间：运行时不存在该全局,,双端未见,文档转储（非运行时命名空间）,,
Q-CodeBuddyFuncsSetShutdownGamepad,QUERY,CodeBuddyFuncs,SetShutdownGamepad,,Dot (Global),Both,moduleObjects,dot,CodeBuddyFuncs.SetShutdownGamepad,,ERR,否,,,文档转储命名空间：运行时不存在该全局,ERR,否,,,文档转储命名空间：运行时不存在该全局,,双端未见,文档转储（非运行时命名空间）,,
Q-CodeBuddyFuncsRegisterLostFocusCallback,QUERY,CodeBuddyFuncs,RegisterLostFocusCallback,,Dot (Global),Both,moduleObjects,dot,CodeBuddyFuncs.RegisterLostFocusCallback,,ERR,否,,,文档转储命名空间：运行时不存在该全局,ERR,否,,,文档转储命名空间：运行时不存在该全局,,双端未见,文档转储（非运行时命名空间）,,
Q-CodeBuddyFuncsSetToolTipDelay,QUERY,CodeBuddyFuncs,SetToolTipDelay,,Dot (Global),Both,moduleObjects,dot,CodeBuddyFuncs.SetToolTipDelay,,ERR,否,,,文档转储命名空间：运行时不存在该全局,ERR,否,,,文档转储命名空间：运行时不存在该全局,,双端未见,文档转储（非运行时命名空间）,,
Q-CodeBuddyFuncsSetUICursor,QUERY,CodeBuddyFuncs,SetUICursor,,Dot (Global),Both,moduleObjects,dot,CodeBuddyFuncs.SetUICursor,,ERR,否,,,文档转储命名空间：运行时不存在该全局,ERR,否,,,文档转储命名空间：运行时不存在该全局,,双端未见,文档转储（非运行时命名空间）,,
Q-CodeBuddyFuncsSetMaxCharacters,QUERY,CodeBuddyFuncs,SetMaxCharacters,,Dot (Global),Both,moduleObjects,dot,CodeBuddyFuncs.SetMaxCharacters,,ERR,否,,,文档转储命名空间：运行时不存在该全局,ERR,否,,,文档转储命名空间：运行时不存在该全局,,双端未见,文档转储（非运行时命名空间）,,
Q-CodeBuddyFuncsSetID,QUERY,CodeBuddyFuncs,SetID,,Dot (Global),Both,moduleObjects,dot,CodeBuddyFuncs.SetID,,ERR,否,,,文档转储命名空间：运行时不存在该全局,ERR,否,,,文档转储命名空间：运行时不存在该全局,,双端未见,文档转储（非运行时命名空间）,,
Q-CodeBuddyFuncsSetShadowColor,QUERY,CodeBuddyFuncs,SetShadowColor,,Dot (Global),Both,moduleObjects,dot,CodeBuddyFuncs.SetShadowColor,,ERR,否,,,文档转储命名空间：运行时不存在该全局,ERR,否,,,文档转储命名空间：运行时不存在该全局,,双端未见,文档转储（非运行时命名空间）,,
Q-CodeBuddyFuncsGetFontFamilyFromStyle,QUERY,CodeBuddyFuncs,GetFontFamilyFromStyle,,Dot (Global),Both,moduleObjects,dot,CodeBuddyFuncs.GetFontFamilyFromStyle,,ERR,否,,,文档转储命名空间：运行时不存在该全局,ERR,否,,,文档转储命名空间：运行时不存在该全局,,双端未见,文档转储（非运行时命名空间）,,
Q-CodeBuddyFuncsGetTouchPointLocation,QUERY,CodeBuddyFuncs,GetTouchPointLocation,,Dot (Global),Both,moduleObjects,dot,CodeBuddyFuncs.GetTouchPointLocation,,ERR,否,,,文档转储命名空间：运行时不存在该全局,ERR,否,,,文档转储命名空间：运行时不存在该全局,,双端未见,文档转储（非运行时命名空间）,,
Q-CodeBuddyFuncsSetShowHandler,QUERY,CodeBuddyFuncs,SetShowHandler,,Dot (Global),Both,moduleObjects,dot,CodeBuddyFuncs.SetShowHandler,,ERR,否,,,文档转储命名空间：运行时不存在该全局,ERR,否,,,文档转储命名空间：运行时不存在该全局,,双端未见,文档转储（非运行时命名空间）,,
Q-CodeBuddyFuncsSetNoClip,QUERY,CodeBuddyFuncs,SetNoClip,,Dot (Global),Both,moduleObjects,dot,CodeBuddyFuncs.SetNoClip,,ERR,否,,,文档转储命名空间：运行时不存在该全局,ERR,否,,,文档转储命名空间：运行时不存在该全局,,双端未见,文档转储（非运行时命名空间）,,
Q-CodeBuddyFuncsRegisterCheckHandler,QUERY,CodeBuddyFuncs,RegisterCheckHandler,,Dot (Global),Both,moduleObjects,dot,CodeBuddyFuncs.RegisterCheckHandler,,ERR,否,,,文档转储命名空间：运行时不存在该全局,ERR,否,,,文档转储命名空间：运行时不存在该全局,,双端未见,文档转储（非运行时命名空间）,,
Q-CodeBuddyFuncsSetEndY,QUERY,CodeBuddyFuncs,SetEndY,,Dot (Global),Both,moduleObjects,dot,CodeBuddyFuncs.SetEndY,,ERR,否,,,文档转储命名空间：运行时不存在该全局,ERR,否,,,文档转储命名空间：运行时不存在该全局,,双端未见,文档转储（非运行时命名空间）,,
Q-CodeBuddyFuncsSetTextureOffset,QUERY,CodeBuddyFuncs,SetTextureOffset,,Dot (Global),Both,moduleObjects,dot,CodeBuddyFuncs.SetTextureOffset,,ERR,否,,,文档转储命名空间：运行时不存在该全局,ERR,否,,,文档转储命名空间：运行时不存在该全局,,双端未见,文档转储（非运行时命名空间）,,
Q-CodeBuddyFuncsGetLastFrameNum,QUERY,CodeBuddyFuncs,GetLastFrameNum,,Dot (Global),Both,moduleObjects,dot,CodeBuddyFuncs.GetLastFrameNum,,ERR,否,,,文档转储命名空间：运行时不存在该全局,ERR,否,,,文档转储命名空间：运行时不存在该全局,,双端未见,文档转储（非运行时命名空间）,,
Q-CodeBuddyFuncsIsDrag,QUERY,CodeBuddyFuncs,IsDrag,,Dot (Global),Both,moduleObjects,dot,CodeBuddyFuncs.IsDrag,,ERR,否,,,文档转储命名空间：运行时不存在该全局,ERR,否,,,文档转储命名空间：运行时不存在该全局,,双端未见,文档转储（非运行时命名空间）,,
Q-CodeBuddyFuncsGetTexture,QUERY,CodeBuddyFuncs,GetTexture,,Dot (Global),Both,moduleObjects,dot,CodeBuddyFuncs.GetTexture,,ERR,否,,,文档转储命名空间：运行时不存在该全局,ERR,否,,,文档转储命名空间：运行时不存在该全局,,双端未见,文档转储（非运行时命名空间）,,
Q-CodeBuddyFuncsGetLastTimeDelta,QUERY,CodeBuddyFuncs,GetLastTimeDelta,,Dot (Global),Both,moduleObjects,dot,CodeBuddyFuncs.GetLastTimeDelta,,ERR,否,,,文档转储命名空间：运行时不存在该全局,ERR,否,,,文档转储命名空间：运行时不存在该全局,,双端未见,文档转储（非运行时命名空间）,,
Q-CodeBuddyFuncsDisableTouchScrolling,QUERY,CodeBuddyFuncs,DisableTouchScrolling,,Dot (Global),Both,moduleObjects,dot,CodeBuddyFuncs.DisableTouchScrolling,,ERR,否,,,文档转储命名空间：运行时不存在该全局,ERR,否,,,文档转储命名空间：运行时不存在该全局,,双端未见,文档转储（非运行时命名空间）,,
Q-CodeBuddyFuncsGetTextureSizeVal,QUERY,CodeBuddyFuncs,GetTextureSizeVal,,Dot (Global),Both,moduleObjects,dot,CodeBuddyFuncs.GetTextureSizeVal,,ERR,否,,,文档转储命名空间：运行时不存在该全局,ERR,否,,,文档转储命名空间：运行时不存在该全局,,双端未见,文档转储（非运行时命名空间）,,
Q-CodeBuddyFuncsSetAndCall_float,QUERY,CodeBuddyFuncs,SetAndCall_float,,Dot (Global),Both,moduleObjects,dot,CodeBuddyFuncs.SetAndCall_float,,ERR,否,,,文档转储命名空间：运行时不存在该全局,ERR,否,,,文档转储命名空间：运行时不存在该全局,,双端未见,文档转储（非运行时命名空间）,,
Q-CodeBuddyFuncsSetMaskSizeVal,QUERY,CodeBuddyFuncs,SetMaskSizeVal,,Dot (Global),Both,moduleObjects,dot,CodeBuddyFuncs.SetMaskSizeVal,,ERR,否,,,文档转储命名空间：运行时不存在该全局,ERR,否,,,文档转储命名空间：运行时不存在该全局,,双端未见,文档转储（非运行时命名空间）,,
Q-CodeBuddyFuncsSetTabSelectedCallback,QUERY,CodeBuddyFuncs,SetTabSelectedCallback,,Dot (Global),Both,moduleObjects,dot,CodeBuddyFuncs.SetTabSelectedCallback,,ERR,否,,,文档转储命名空间：运行时不存在该全局,ERR,否,,,文档转储命名空间：运行时不存在该全局,,双端未见,文档转储（非运行时命名空间）,,
Q-CodeBuddyFuncsSetForceNonIME,QUERY,CodeBuddyFuncs,SetForceNonIME,,Dot (Global),Both,moduleObjects,dot,CodeBuddyFuncs.SetForceNonIME,,ERR,否,,,文档转储命名空间：运行时不存在该全局,ERR,否,,,文档转储命名空间：运行时不存在该全局,,双端未见,文档转储（非运行时命名空间）,,
Q-CodeBuddyFuncsBuildEntry,QUERY,CodeBuddyFuncs,BuildEntry,,Dot (Global),Both,moduleObjects,dot,CodeBuddyFuncs.BuildEntry,,ERR,否,,,文档转储命名空间：运行时不存在该全局,ERR,否,,,文档转储命名空间：运行时不存在该全局,,双端未见,文档转储（非运行时命名空间）,,
Q-CodeBuddyFuncsIsFlippedHorizontal,QUERY,CodeBuddyFuncs,IsFlippedHorizontal,,Dot (Global),Both,moduleObjects,dot,CodeBuddyFuncs.IsFlippedHorizontal,,ERR,否,,,文档转储命名空间：运行时不存在该全局,ERR,否,,,文档转储命名空间：运行时不存在该全局,,双端未见,文档转储（非运行时命名空间）,,
Q-CodeBuddyFuncsRequestRefresh,QUERY,CodeBuddyFuncs,RequestRefresh,,Dot (Global),Both,moduleObjects,dot,CodeBuddyFuncs.RequestRefresh,,ERR,否,,,文档转储命名空间：运行时不存在该全局,ERR,否,,,文档转储命名空间：运行时不存在该全局,,双端未见,文档转储（非运行时命名空间）,,
Q-CodeBuddyFuncsSetRefreshHandler,QUERY,CodeBuddyFuncs,SetRefreshHandler,,Dot (Global),Both,moduleObjects,dot,CodeBuddyFuncs.SetRefreshHandler,,ERR,否,,,文档转储命名空间：运行时不存在该全局,ERR,否,,,文档转储命名空间：运行时不存在该全局,,双端未见,文档转储（非运行时命名空间）,,
Q-CodeBuddyFuncsSetCheckTextureOffsetVal,QUERY,CodeBuddyFuncs,SetCheckTextureOffsetVal,,Dot (Global),Both,moduleObjects,dot,CodeBuddyFuncs.SetCheckTextureOffsetVal,,ERR,否,,,文档转储命名空间：运行时不存在该全局,ERR,否,,,文档转储命名空间：运行时不存在该全局,,双端未见,文档转储（非运行时命名空间）,,
Q-CodeBuddyFuncsDropFocus,QUERY,CodeBuddyFuncs,DropFocus,,Dot (Global),Both,moduleObjects,dot,CodeBuddyFuncs.DropFocus,,ERR,否,,,文档转储命名空间：运行时不存在该全局,ERR,否,,,文档转储命名空间：运行时不存在该全局,,双端未见,文档转储（非运行时命名空间）,,
Q-CodeBuddyFuncsGetStartX_float,QUERY,CodeBuddyFuncs,GetStartX_float,,Dot (Global),Both,moduleObjects,dot,CodeBuddyFuncs.GetStartX_float,,ERR,否,,,文档转储命名空间：运行时不存在该全局,ERR,否,,,文档转储命名空间：运行时不存在该全局,,双端未见,文档转储（非运行时命名空间）,,
Q-CodeBuddyFuncsSetBeginVal,QUERY,CodeBuddyFuncs,SetBeginVal,,Dot (Global),Both,moduleObjects,dot,CodeBuddyFuncs.SetBeginVal,,ERR,否,,,文档转储命名空间：运行时不存在该全局,ERR,否,,,文档转储命名空间：运行时不存在该全局,,双端未见,文档转储（非运行时命名空间）,,
Q-CodeBuddyFuncsGetContextParameters,QUERY,CodeBuddyFuncs,GetContextParameters,,Dot (Global),Both,moduleObjects,dot,CodeBuddyFuncs.GetContextParameters,,ERR,否,,,文档转储命名空间：运行时不存在该全局,ERR,否,,,文档转储命名空间：运行时不存在该全局,,双端未见,文档转储（非运行时命名空间）,,
Q-CodeBuddyFuncsSetXTickInterval,QUERY,CodeBuddyFuncs,SetXTickInterval,,Dot (Global),Both,moduleObjects,dot,CodeBuddyFuncs.SetXTickInterval,,ERR,否,,,文档转储命名空间：运行时不存在该全局,ERR,否,,,文档转储命名空间：运行时不存在该全局,,双端未见,文档转储（非运行时命名空间）,,
Q-CodeBuddyFuncsGetAlpha,QUERY,CodeBuddyFuncs,GetAlpha,,Dot (Global),Both,moduleObjects,dot,CodeBuddyFuncs.GetAlpha,,ERR,否,,,文档转储命名空间：运行时不存在该全局,ERR,否,,,文档转储命名空间：运行时不存在该全局,,双端未见,文档转储（非运行时命名空间）,,
Q-CodeBuddyFuncsGetScrollValue,QUERY,CodeBuddyFuncs,GetScrollValue,,Dot (Global),Both,moduleObjects,dot,CodeBuddyFuncs.GetScrollValue,,ERR,否,,,文档转储命名空间：运行时不存在该全局,ERR,否,,,文档转储命名空间：运行时不存在该全局,,双端未见,文档转储（非运行时命名空间）,,
Q-CodeBuddyFuncsGetValue,QUERY,CodeBuddyFuncs,GetValue,,Dot (Global),Both,moduleObjects,dot,CodeBuddyFuncs.GetValue,,ERR,否,,,文档转储命名空间：运行时不存在该全局,ERR,否,,,文档转储命名空间：运行时不存在该全局,,双端未见,文档转储（非运行时命名空间）,,
Q-CodeBuddyFuncsRegisterMouseOverCallback,QUERY,CodeBuddyFuncs,RegisterMouseOverCallback,,Dot (Global),Both,moduleObjects,dot,CodeBuddyFuncs.RegisterMouseOverCallback,,ERR,否,,,文档转储命名空间：运行时不存在该全局,ERR,否,,,文档转储命名空间：运行时不存在该全局,,双端未见,文档转储（非运行时命名空间）,,
Q-CodeBuddyFuncsEnableOverlay,QUERY,CodeBuddyFuncs,EnableOverlay,,Dot (Global),Both,moduleObjects,dot,CodeBuddyFuncs.EnableOverlay,,ERR,否,,,文档转储命名空间：运行时不存在该全局,ERR,否,,,文档转储命名空间：运行时不存在该全局,,双端未见,文档转储（非运行时命名空间）,,
Q-CodeBuddyFuncsGetNumberInput,QUERY,CodeBuddyFuncs,GetNumberInput,,Dot (Global),Both,moduleObjects,dot,CodeBuddyFuncs.GetNumberInput,,ERR,否,,,文档转储命名空间：运行时不存在该全局,ERR,否,,,文档转储命名空间：运行时不存在该全局,,双端未见,文档转储（非运行时命名空间）,,
Q-CodeBuddyFuncsIsAbsoluteScrollEnabled,QUERY,CodeBuddyFuncs,IsAbsoluteScrollEnabled,,Dot (Global),Both,moduleObjects,dot,CodeBuddyFuncs.IsAbsoluteScrollEnabled,,ERR,否,,,文档转储命名空间：运行时不存在该全局,ERR,否,,,文档转储命名空间：运行时不存在该全局,,双端未见,文档转储（非运行时命名空间）,,
Q-CodeBuddyFuncsIsTrackingLeftMouseButton,QUERY,CodeBuddyFuncs,IsTrackingLeftMouseButton,,Dot (Global),Both,moduleObjects,dot,CodeBuddyFuncs.IsTrackingLeftMouseButton,,ERR,否,,,文档转储命名空间：运行时不存在该全局,ERR,否,,,文档转储命名空间：运行时不存在该全局,,双端未见,文档转储（非运行时命名空间）,,
Q-CodeBuddyFuncsSetVoids,QUERY,CodeBuddyFuncs,SetVoids,,Dot (Global),Both,moduleObjects,dot,CodeBuddyFuncs.SetVoids,,ERR,否,,,文档转储命名空间：运行时不存在该全局,ERR,否,,,文档转储命名空间：运行时不存在该全局,,双端未见,文档转储（非运行时命名空间）,,
Q-CodeBuddyFuncsGetSize,QUERY,CodeBuddyFuncs,GetSize,,Dot (Global),Both,moduleObjects,dot,CodeBuddyFuncs.GetSize,,ERR,否,,,文档转储命名空间：运行时不存在该全局,ERR,否,,,文档转储命名空间：运行时不存在该全局,,双端未见,文档转储（非运行时命名空间）,,
Q-CodeBuddyFuncsFlipY,QUERY,CodeBuddyFuncs,FlipY,,Dot (Global),Both,moduleObjects,dot,CodeBuddyFuncs.FlipY,,ERR,否,,,文档转储命名空间：运行时不存在该全局,ERR,否,,,文档转储命名空间：运行时不存在该全局,,双端未见,文档转储（非运行时命名空间）,,
Q-CodeBuddyFuncsGetName,QUERY,CodeBuddyFuncs,GetName,,Dot (Global),Both,moduleObjects,dot,CodeBuddyFuncs.GetName,,ERR,否,,,文档转储命名空间：运行时不存在该全局,ERR,否,,,文档转储命名空间：运行时不存在该全局,,双端未见,文档转储（非运行时命名空间）,,
Q-CodeBuddyFuncsGetCoordY,QUERY,CodeBuddyFuncs,GetCoordY,,Dot (Global),Both,moduleObjects,dot,CodeBuddyFuncs.GetCoordY,,ERR,否,,,文档转储命名空间：运行时不存在该全局,ERR,否,,,文档转储命名空间：运行时不存在该全局,,双端未见,文档转储（非运行时命名空间）,,
Q-CodeBuddyFuncsForceClose,QUERY,CodeBuddyFuncs,ForceClose,,Dot (Global),Both,moduleObjects,dot,CodeBuddyFuncs.ForceClose,,ERR,否,,,文档转储命名空间：运行时不存在该全局,ERR,否,,,文档转储命名空间：运行时不存在该全局,,双端未见,文档转储（非运行时命名空间）,,
Q-CodeBuddyFuncsRegisterHasFocusCallback,QUERY,CodeBuddyFuncs,RegisterHasFocusCallback,,Dot (Global),Both,moduleObjects,dot,CodeBuddyFuncs.RegisterHasFocusCallback,,ERR,否,,,文档转储命名空间：运行时不存在该全局,ERR,否,,,文档转储命名空间：运行时不存在该全局,,双端未见,文档转储（非运行时命名空间）,,
Q-CodeBuddyFuncsSetStepAndCall,QUERY,CodeBuddyFuncs,SetStepAndCall,,Dot (Global),Both,moduleObjects,dot,CodeBuddyFuncs.SetStepAndCall,,ERR,否,,,文档转储命名空间：运行时不存在该全局,ERR,否,,,文档转储命名空间：运行时不存在该全局,,双端未见,文档转储（非运行时命名空间）,,
Q-CodeBuddyFuncsSetShutdown,QUERY,CodeBuddyFuncs,SetShutdown,,Dot (Global),Both,moduleObjects,dot,CodeBuddyFuncs.SetShutdown,,ERR,否,,,文档转储命名空间：运行时不存在该全局,ERR,否,,,文档转储命名空间：运行时不存在该全局,,双端未见,文档转储（非运行时命名空间）,,
Q-CodeBuddyFuncsInitializeStyles,QUERY,CodeBuddyFuncs,InitializeStyles,,Dot (Global),Both,moduleObjects,dot,CodeBuddyFuncs.InitializeStyles,,ERR,否,,,文档转储命名空间：运行时不存在该全局,ERR,否,,,文档转储命名空间：运行时不存在该全局,,双端未见,文档转储（非运行时命名空间）,,
Q-CodeBuddyFuncsSetTextureAndMask,QUERY,CodeBuddyFuncs,SetTextureAndMask,,Dot (Global),Both,moduleObjects,dot,CodeBuddyFuncs.SetTextureAndMask,,ERR,否,,,文档转储命名空间：运行时不存在该全局,ERR,否,,,文档转储命名空间：运行时不存在该全局,,双端未见,文档转储（非运行时命名空间）,,
Q-CodeBuddyFuncsClearScrollCallback,QUERY,CodeBuddyFuncs,ClearScrollCallback,,Dot (Global),Both,moduleObjects,dot,CodeBuddyFuncs.ClearScrollCallback,,ERR,否,,,文档转储命名空间：运行时不存在该全局,ERR,否,,,文档转储命名空间：运行时不存在该全局,,双端未见,文档转储（非运行时命名空间）,,
Q-CodeBuddyFuncsShowHGridLines,QUERY,CodeBuddyFuncs,ShowHGridLines,,Dot (Global),Both,moduleObjects,dot,CodeBuddyFuncs.ShowHGridLines,,ERR,否,,,文档转储命名空间：运行时不存在该全局,ERR,否,,,文档转储命名空间：运行时不存在该全局,,双端未见,文档转储（非运行时命名空间）,,
Q-CodeBuddyFuncsGetTextLength,QUERY,CodeBuddyFuncs,GetTextLength,,Dot (Global),Both,moduleObjects,dot,CodeBuddyFuncs.GetTextLength,,ERR,否,,,文档转储命名空间：运行时不存在该全局,ERR,否,,,文档转储命名空间：运行时不存在该全局,,双端未见,文档转储（非运行时命名空间）,,
Q-CodeBuddyFuncsSetPauseTime,QUERY,CodeBuddyFuncs,SetPauseTime,,Dot (Global),Both,moduleObjects,dot,CodeBuddyFuncs.SetPauseTime,,ERR,否,,,文档转储命名空间：运行时不存在该全局,ERR,否,,,文档转储命名空间：运行时不存在该全局,,双端未见,文档转储（非运行时命名空间）,,
Q-CodeBuddyFuncsSetUpdate,QUERY,CodeBuddyFuncs,SetUpdate,,Dot (Global),Both,moduleObjects,dot,CodeBuddyFuncs.SetUpdate,,ERR,否,,,文档转储命名空间：运行时不存在该全局,ERR,否,,,文档转储命名空间：运行时不存在该全局,,双端未见,文档转储（非运行时命名空间）,,
Q-CodeBuddyFuncsCalculateInternals,QUERY,CodeBuddyFuncs,CalculateInternals,,Dot (Global),Both,moduleObjects,dot,CodeBuddyFuncs.CalculateInternals,,ERR,否,,,文档转储命名空间：运行时不存在该全局,ERR,否,,,文档转储命名空间：运行时不存在该全局,,双端未见,文档转储（非运行时命名空间）,,
Q-CodeBuddyFuncsEnableToolTip,QUERY,CodeBuddyFuncs,EnableToolTip,,Dot (Global),Both,moduleObjects,dot,CodeBuddyFuncs.EnableToolTip,,ERR,否,,,文档转储命名空间：运行时不存在该全局,ERR,否,,,文档转储命名空间：运行时不存在该全局,,双端未见,文档转储（非运行时命名空间）,,
Q-CodeBuddyFuncsToControlBase,QUERY,CodeBuddyFuncs,ToControlBase,,Dot (Global),Both,moduleObjects,dot,CodeBuddyFuncs.ToControlBase,,ERR,否,,,文档转储命名空间：运行时不存在该全局,ERR,否,,,文档转储命名空间：运行时不存在该全局,,双端未见,文档转储（非运行时命名空间）,,
Q-CodeBuddyFuncsIsChannelActive,QUERY,CodeBuddyFuncs,IsChannelActive,,Dot (Global),Both,moduleObjects,dot,CodeBuddyFuncs.IsChannelActive,,ERR,否,,,文档转储命名空间：运行时不存在该全局,ERR,否,,,文档转储命名空间：运行时不存在该全局,,双端未见,文档转储（非运行时命名空间）,,
Q-CodeBuddyFuncsSetValue,QUERY,CodeBuddyFuncs,SetValue,,Dot (Global),Both,moduleObjects,dot,CodeBuddyFuncs.SetValue,,ERR,否,,,文档转储命名空间：运行时不存在该全局,ERR,否,,,文档转储命名空间：运行时不存在该全局,,双端未见,文档转储（非运行时命名空间）,,
Q-CodeBuddyFuncsGetParentRelativeOffset,QUERY,CodeBuddyFuncs,GetParentRelativeOffset,,Dot (Global),Both,moduleObjects,dot,CodeBuddyFuncs.GetParentRelativeOffset,,ERR,否,,,文档转储命名空间：运行时不存在该全局,ERR,否,,,文档转储命名空间：运行时不存在该全局,,双端未见,文档转储（非运行时命名空间）,,
Q-CodeBuddyFuncsGetVoid2,QUERY,CodeBuddyFuncs,GetVoid2,,Dot (Global),Both,moduleObjects,dot,CodeBuddyFuncs.GetVoid2,,ERR,否,,,文档转储命名空间：运行时不存在该全局,ERR,否,,,文档转储命名空间：运行时不存在该全局,,双端未见,文档转储（非运行时命名空间）,,
Q-CodeBuddyFuncsIsStopped,QUERY,CodeBuddyFuncs,IsStopped,,Dot (Global),Both,moduleObjects,dot,CodeBuddyFuncs.IsStopped,,ERR,否,,,文档转储命名空间：运行时不存在该全局,ERR,否,,,文档转储命名空间：运行时不存在该全局,,双端未见,文档转储（非运行时命名空间）,,
Q-CodeBuddyFuncsSetSizeX,QUERY,CodeBuddyFuncs,SetSizeX,,Dot (Global),Both,moduleObjects,dot,CodeBuddyFuncs.SetSizeX,,ERR,否,,,文档转储命名空间：运行时不存在该全局,ERR,否,,,文档转储命名空间：运行时不存在该全局,,双端未见,文档转储（非运行时命名空间）,,
Q-CodeBuddyFuncsDeleteAllDataSets,QUERY,CodeBuddyFuncs,DeleteAllDataSets,,Dot (Global),Both,moduleObjects,dot,CodeBuddyFuncs.DeleteAllDataSets,,ERR,否,,,文档转储命名空间：运行时不存在该全局,ERR,否,,,文档转储命名空间：运行时不存在该全局,,双端未见,文档转储（非运行时命名空间）,,
Q-CodeBuddyFuncsDebugMouseOver,QUERY,CodeBuddyFuncs,DebugMouseOver,,Dot (Global),Both,moduleObjects,dot,CodeBuddyFuncs.DebugMouseOver,,ERR,否,,,文档转储命名空间：运行时不存在该全局,ERR,否,,,文档转储命名空间：运行时不存在该全局,,双端未见,文档转储（非运行时命名空间）,,
Q-CodeBuddyFuncsGetToolTipPoint,QUERY,CodeBuddyFuncs,GetToolTipPoint,,Dot (Global),Both,moduleObjects,dot,CodeBuddyFuncs.GetToolTipPoint,,ERR,否,,,文档转储命名空间：运行时不存在该全局,ERR,否,,,文档转储命名空间：运行时不存在该全局,,双端未见,文档转储（非运行时命名空间）,,
Q-CodeBuddyFuncsIsTopModal,QUERY,CodeBuddyFuncs,IsTopModal,,Dot (Global),Both,moduleObjects,dot,CodeBuddyFuncs.IsTopModal,,ERR,否,,,文档转储命名空间：运行时不存在该全局,ERR,否,,,文档转储命名空间：运行时不存在该全局,,双端未见,文档转储（非运行时命名空间）,,
Q-CodeBuddyFuncsGetPath,QUERY,CodeBuddyFuncs,GetPath,,Dot (Global),Both,moduleObjects,dot,CodeBuddyFuncs.GetPath,,ERR,否,,,文档转储命名空间：运行时不存在该全局,ERR,否,,,文档转储命名空间：运行时不存在该全局,,双端未见,文档转储（非运行时命名空间）,,
Q-CodeBuddyFuncsSetTextureSize,QUERY,CodeBuddyFuncs,SetTextureSize,,Dot (Global),Both,moduleObjects,dot,CodeBuddyFuncs.SetTextureSize,,ERR,否,,,文档转储命名空间：运行时不存在该全局,ERR,否,,,文档转储命名空间：运行时不存在该全局,,双端未见,文档转储（非运行时命名空间）,,
Q-CodeBuddyFuncsGetTextureName,QUERY,CodeBuddyFuncs,GetTextureName,,Dot (Global),Both,moduleObjects,dot,CodeBuddyFuncs.GetTextureName,,ERR,否,,,文档转储命名空间：运行时不存在该全局,ERR,否,,,文档转储命名空间：运行时不存在该全局,,双端未见,文档转储（非运行时命名空间）,,
Q-CodeBuddyFuncsGetStartY_float,QUERY,CodeBuddyFuncs,GetStartY_float,,Dot (Global),Both,moduleObjects,dot,CodeBuddyFuncs.GetStartY_float,,ERR,否,,,文档转储命名空间：运行时不存在该全局,ERR,否,,,文档转储命名空间：运行时不存在该全局,,双端未见,文档转储（非运行时命名空间）,,
Q-CodeBuddyFuncsLog,QUERY,CodeBuddyFuncs,Log,,Dot (Global),Both,moduleObjects,dot,CodeBuddyFuncs.Log,,ERR,否,,,文档转储命名空间：运行时不存在该全局,ERR,否,,,文档转储命名空间：运行时不存在该全局,,双端未见,文档转储（非运行时命名空间）,,
Q-CodeBuddyFuncsShowHighlights,QUERY,CodeBuddyFuncs,ShowHighlights,,Dot (Global),Both,moduleObjects,dot,CodeBuddyFuncs.ShowHighlights,,ERR,否,,,文档转储命名空间：运行时不存在该全局,ERR,否,,,文档转储命名空间：运行时不存在该全局,,双端未见,文档转储（非运行时命名空间）,,
Q-CodeBuddyFuncsLogAllocations,QUERY,CodeBuddyFuncs,LogAllocations,,Dot (Global),Both,moduleObjects,dot,CodeBuddyFuncs.LogAllocations,,ERR,否,,,文档转储命名空间：运行时不存在该全局,ERR,否,,,文档转储命名空间：运行时不存在该全局,,双端未见,文档转储（非运行时命名空间）,,
Q-CodeBuddyFuncsStopAllEffects,QUERY,CodeBuddyFuncs,StopAllEffects,,Dot (Global),Both,moduleObjects,dot,CodeBuddyFuncs.StopAllEffects,,ERR,否,,,文档转储命名空间：运行时不存在该全局,ERR,否,,,文档转储命名空间：运行时不存在该全局,,双端未见,文档转储（非运行时命名空间）,,
Q-CodeBuddyFuncsFindDataSet,QUERY,CodeBuddyFuncs,FindDataSet,,Dot (Global),Both,moduleObjects,dot,CodeBuddyFuncs.FindDataSet,,ERR,否,,,文档转储命名空间：运行时不存在该全局,ERR,否,,,文档转储命名空间：运行时不存在该全局,,双端未见,文档转储（非运行时命名空间）,,
Q-CodeBuddyFuncsGetToolTipString,QUERY,CodeBuddyFuncs,GetToolTipString,,Dot (Global),Both,moduleObjects,dot,CodeBuddyFuncs.GetToolTipString,,ERR,否,,,文档转储命名空间：运行时不存在该全局,ERR,否,,,文档转储命名空间：运行时不存在该全局,,双端未见,文档转储（非运行时命名空间）,,
Q-CodeBuddyFuncsShowXTicks,QUERY,CodeBuddyFuncs,ShowXTicks,,Dot (Global),Both,moduleObjects,dot,CodeBuddyFuncs.ShowXTicks,,ERR,否,,,文档转储命名空间：运行时不存在该全局,ERR,否,,,文档转储命名空间：运行时不存在该全局,,双端未见,文档转储（非运行时命名空间）,,
Q-CodeBuddyFuncsSetVisibleOnMap,QUERY,CodeBuddyFuncs,SetVisibleOnMap,,Dot (Global),Both,moduleObjects,dot,CodeBuddyFuncs.SetVisibleOnMap,,ERR,否,,,文档转储命名空间：运行时不存在该全局,ERR,否,,,文档转储命名空间：运行时不存在该全局,,双端未见,文档转储（非运行时命名空间）,,
Q-CodeBuddyFuncsClearPopupChangeHandler,QUERY,CodeBuddyFuncs,ClearPopupChangeHandler,,Dot (Global),Both,moduleObjects,dot,CodeBuddyFuncs.ClearPopupChangeHandler,,ERR,否,,,文档转储命名空间：运行时不存在该全局,ERR,否,,,文档转储命名空间：运行时不存在该全局,,双端未见,文档转储（非运行时命名空间）,,
Q-CodeBuddyFuncsRegisterScrollCallback,QUERY,CodeBuddyFuncs,RegisterScrollCallback,,Dot (Global),Both,moduleObjects,dot,CodeBuddyFuncs.RegisterScrollCallback,,ERR,否,,,文档转储命名空间：运行时不存在该全局,ERR,否,,,文档转储命名空间：运行时不存在该全局,,双端未见,文档转储（非运行时命名空间）,,
Q-CodeBuddyFuncsGetPercent,QUERY,CodeBuddyFuncs,GetPercent,,Dot (Global),Both,moduleObjects,dot,CodeBuddyFuncs.GetPercent,,ERR,否,,,文档转储命名空间：运行时不存在该全局,ERR,否,,,文档转储命名空间：运行时不存在该全局,,双端未见,文档转储（非运行时命名空间）,,
Q-CodeBuddyFuncsCPP_GetHash,QUERY,CodeBuddyFuncs,CPP_GetHash,,Dot (Global),Both,moduleObjects,dot,CodeBuddyFuncs.CPP_GetHash,,ERR,否,,,文档转储命名空间：运行时不存在该全局,ERR,否,,,文档转储命名空间：运行时不存在该全局,,双端未见,文档转储（非运行时命名空间）,,
Q-CodeBuddyFuncsHideControlsByID,QUERY,CodeBuddyFuncs,HideControlsByID,,Dot (Global),Both,moduleObjects,dot,CodeBuddyFuncs.HideControlsByID,,ERR,否,,,文档转储命名空间：运行时不存在该全局,ERR,否,,,文档转储命名空间：运行时不存在该全局,,双端未见,文档转储（非运行时命名空间）,,
Q-CodeBuddyFuncsGetSizeVal,QUERY,CodeBuddyFuncs,GetSizeVal,,Dot (Global),Both,moduleObjects,dot,CodeBuddyFuncs.GetSizeVal,,ERR,否,,,文档转储命名空间：运行时不存在该全局,ERR,否,,,文档转储命名空间：运行时不存在该全局,,双端未见,文档转储（非运行时命名空间）,,
Q-CodeBuddyFuncsIsGamepadToolTipOn,QUERY,CodeBuddyFuncs,IsGamepadToolTipOn,,Dot (Global),Both,moduleObjects,dot,CodeBuddyFuncs.IsGamepadToolTipOn,,ERR,否,,,文档转储命名空间：运行时不存在该全局,ERR,否,,,文档转储命名空间：运行时不存在该全局,,双端未见,文档转储（非运行时命名空间）,,
Q-CodeBuddyFuncsGetTouchPointCount,QUERY,CodeBuddyFuncs,GetTouchPointCount,,Dot (Global),Both,moduleObjects,dot,CodeBuddyFuncs.GetTouchPointCount,,ERR,否,,,文档转储命名空间：运行时不存在该全局,ERR,否,,,文档转储命名空间：运行时不存在该全局,,双端未见,文档转储（非运行时命名空间）,,
Q-CodeBuddyFuncsClearUpEndCallback,QUERY,CodeBuddyFuncs,ClearUpEndCallback,,Dot (Global),Both,moduleObjects,dot,CodeBuddyFuncs.ClearUpEndCallback,,ERR,否,,,文档转储命名空间：运行时不存在该全局,ERR,否,,,文档转储命名空间：运行时不存在该全局,,双端未见,文档转储（非运行时命名空间）,,
Q-CodeBuddyFuncsIsTooltipShowing,QUERY,CodeBuddyFuncs,IsTooltipShowing,,Dot (Global),Both,moduleObjects,dot,CodeBuddyFuncs.IsTooltipShowing,,ERR,否,,,文档转储命名空间：运行时不存在该全局,ERR,否,,,文档转储命名空间：运行时不存在该全局,,双端未见,文档转储（非运行时命名空间）,,
Q-CodeBuddyFuncsGetTouchPointDeltaFromStart,QUERY,CodeBuddyFuncs,GetTouchPointDeltaFromStart,,Dot (Global),Both,moduleObjects,dot,CodeBuddyFuncs.GetTouchPointDeltaFromStart,,ERR,否,,,文档转储命名空间：运行时不存在该全局,ERR,否,,,文档转储命名空间：运行时不存在该全局,,双端未见,文档转储（非运行时命名空间）,,
Q-CodeBuddyFuncsSelectTabByID,QUERY,CodeBuddyFuncs,SelectTabByID,,Dot (Global),Both,moduleObjects,dot,CodeBuddyFuncs.SelectTabByID,,ERR,否,,,文档转储命名空间：运行时不存在该全局,ERR,否,,,文档转储命名空间：运行时不存在该全局,,双端未见,文档转储（非运行时命名空间）,,
Q-CodeBuddyFuncsSetActiveAlways,QUERY,CodeBuddyFuncs,SetActiveAlways,,Dot (Global),Both,moduleObjects,dot,CodeBuddyFuncs.SetActiveAlways,,ERR,否,,,文档转储命名空间：运行时不存在该全局,ERR,否,,,文档转储命名空间：运行时不存在该全局,,双端未见,文档转储（非运行时命名空间）,,
Q-CodeBuddyFuncsCreateConcentricWaves,QUERY,CodeBuddyFuncs,CreateConcentricWaves,,Dot (Global),Both,moduleObjects,dot,CodeBuddyFuncs.CreateConcentricWaves,,ERR,否,,,文档转储命名空间：运行时不存在该全局,ERR,否,,,文档转储命名空间：运行时不存在该全局,,双端未见,文档转储（非运行时命名空间）,,
Q-CodeBuddyFuncsGetOffsetVal,QUERY,CodeBuddyFuncs,GetOffsetVal,,Dot (Global),Both,moduleObjects,dot,CodeBuddyFuncs.GetOffsetVal,,ERR,否,,,文档转储命名空间：运行时不存在该全局,ERR,否,,,文档转储命名空间：运行时不存在该全局,,双端未见,文档转储（非运行时命名空间）,,
Q-CodeBuddyFuncsToggleIndexSelected,QUERY,CodeBuddyFuncs,ToggleIndexSelected,,Dot (Global),Both,moduleObjects,dot,CodeBuddyFuncs.ToggleIndexSelected,,ERR,否,,,文档转储命名空间：运行时不存在该全局,ERR,否,,,文档转储命名空间：运行时不存在该全局,,双端未见,文档转储（非运行时命名空间）,,
Q-CodeBuddyFuncsLookUpControl,QUERY,CodeBuddyFuncs,LookUpControl,,Dot (Global),Both,moduleObjects,dot,CodeBuddyFuncs.LookUpControl,,ERR,否,,,文档转储命名空间：运行时不存在该全局,ERR,否,,,文档转储命名空间：运行时不存在该全局,,双端未见,文档转储（非运行时命名空间）,,
Q-CodeBuddyFuncsGetLeftButton,QUERY,CodeBuddyFuncs,GetLeftButton,,Dot (Global),Both,moduleObjects,dot,CodeBuddyFuncs.GetLeftButton,,ERR,否,,,文档转储命名空间：运行时不存在该全局,ERR,否,,,文档转储命名空间：运行时不存在该全局,,双端未见,文档转储（非运行时命名空间）,,
Q-CodeBuddyFuncsGrantedMouseOver,QUERY,CodeBuddyFuncs,GrantedMouseOver,,Dot (Global),Both,moduleObjects,dot,CodeBuddyFuncs.GrantedMouseOver,,ERR,否,,,文档转储命名空间：运行时不存在该全局,ERR,否,,,文档转储命名空间：运行时不存在该全局,,双端未见,文档转储（非运行时命名空间）,,
Q-CodeBuddyFuncsSetFocusStop,QUERY,CodeBuddyFuncs,SetFocusStop,,Dot (Global),Both,moduleObjects,dot,CodeBuddyFuncs.SetFocusStop,,ERR,否,,,文档转储命名空间：运行时不存在该全局,ERR,否,,,文档转储命名空间：运行时不存在该全局,,双端未见,文档转储（非运行时命名空间）,,
Q-CodeBuddyFuncsSetColorVal_float,QUERY,CodeBuddyFuncs,SetColorVal_float,,Dot (Global),Both,moduleObjects,dot,CodeBuddyFuncs.SetColorVal_float,,ERR,否,,,文档转储命名空间：运行时不存在该全局,ERR,否,,,文档转储命名空间：运行时不存在该全局,,双端未见,文档转储（非运行时命名空间）,,
Q-CodeBuddyFuncsSetConsumeMouseButton,QUERY,CodeBuddyFuncs,SetConsumeMouseButton,,Dot (Global),Both,moduleObjects,dot,CodeBuddyFuncs.SetConsumeMouseButton,,ERR,否,,,文档转储命名空间：运行时不存在该全局,ERR,否,,,文档转储命名空间：运行时不存在该全局,,双端未见,文档转储（非运行时命名空间）,,
Q-CodeBuddyFuncsSetEntrySubButtonClickedCallback,QUERY,CodeBuddyFuncs,SetEntrySubButtonClickedCallback,,Dot (Global),Both,moduleObjects,dot,CodeBuddyFuncs.SetEntrySubButtonClickedCallback,,ERR,否,,,文档转储命名空间：运行时不存在该全局,ERR,否,,,文档转储命名空间：运行时不存在该全局,,双端未见,文档转储（非运行时命名空间）,,
Q-CodeBuddyFuncsSetSizeY,QUERY,CodeBuddyFuncs,SetSizeY,,Dot (Global),Both,moduleObjects,dot,CodeBuddyFuncs.SetSizeY,,ERR,否,,,文档转储命名空间：运行时不存在该全局,ERR,否,,,文档转储命名空间：运行时不存在该全局,,双端未见,文档转储（非运行时命名空间）,,
Q-CodeBuddyFuncsSetAlpha,QUERY,CodeBuddyFuncs,SetAlpha,,Dot (Global),Both,moduleObjects,dot,CodeBuddyFuncs.SetAlpha,,ERR,否,,,文档转储命名空间：运行时不存在该全局,ERR,否,,,文档转储命名空间：运行时不存在该全局,,双端未见,文档转储（非运行时命名空间）,,
Q-CodeBuddyFuncsGetFlags,QUERY,CodeBuddyFuncs,GetFlags,,Dot (Global),Both,moduleObjects,dot,CodeBuddyFuncs.GetFlags,,ERR,否,,,文档转储命名空间：运行时不存在该全局,ERR,否,,,文档转储命名空间：运行时不存在该全局,,双端未见,文档转储（非运行时命名空间）,,
Q-CodeBuddyFuncsCallParentShowHideHandler,QUERY,CodeBuddyFuncs,CallParentShowHideHandler,,Dot (Global),Both,moduleObjects,dot,CodeBuddyFuncs.CallParentShowHideHandler,,ERR,否,,,文档转储命名空间：运行时不存在该全局,ERR,否,,,文档转储命名空间：运行时不存在该全局,,双端未见,文档转储（非运行时命名空间）,,
Q-CodeBuddyFuncsSelectTab,QUERY,CodeBuddyFuncs,SelectTab,,Dot (Global),Both,moduleObjects,dot,CodeBuddyFuncs.SelectTab,,ERR,否,,,文档转储命名空间：运行时不存在该全局,ERR,否,,,文档转储命名空间：运行时不存在该全局,,双端未见,文档转储（非运行时命名空间）,,
Q-CodeBuddyFuncsGetSelectedIndex,QUERY,CodeBuddyFuncs,GetSelectedIndex,,Dot (Global),Both,moduleObjects,dot,CodeBuddyFuncs.GetSelectedIndex,,ERR,否,,,文档转储命名空间：运行时不存在该全局,ERR,否,,,文档转储命名空间：运行时不存在该全局,,双端未见,文档转储（非运行时命名空间）,,
Q-CodeBuddyFuncsIsTrackingRightMouseButton,QUERY,CodeBuddyFuncs,IsTrackingRightMouseButton,,Dot (Global),Both,moduleObjects,dot,CodeBuddyFuncs.IsTrackingRightMouseButton,,ERR,否,,,文档转储命名空间：运行时不存在该全局,ERR,否,,,文档转储命名空间：运行时不存在该全局,,双端未见,文档转储（非运行时命名空间）,,
Q-CodeBuddyFuncsSetSelectedIndex,QUERY,CodeBuddyFuncs,SetSelectedIndex,,Dot (Global),Both,moduleObjects,dot,CodeBuddyFuncs.SetSelectedIndex,,ERR,否,,,文档转储命名空间：运行时不存在该全局,ERR,否,,,文档转储命名空间：运行时不存在该全局,,双端未见,文档转储（非运行时命名空间）,,
Q-CodeBuddyFuncsGetAnchor,QUERY,CodeBuddyFuncs,GetAnchor,,Dot (Global),Both,moduleObjects,dot,CodeBuddyFuncs.GetAnchor,,ERR,否,,,文档转储命名空间：运行时不存在该全局,ERR,否,,,文档转储命名空间：运行时不存在该全局,,双端未见,文档转储（非运行时命名空间）,,
Q-CodeBuddyFuncsIsDrop,QUERY,CodeBuddyFuncs,IsDrop,,Dot (Global),Both,moduleObjects,dot,CodeBuddyFuncs.IsDrop,,ERR,否,,,文档转储命名空间：运行时不存在该全局,ERR,否,,,文档转储命名空间：运行时不存在该全局,,双端未见,文档转储（非运行时命名空间）,,
Q-CodeBuddyFuncsCPP_GetText_const,QUERY,CodeBuddyFuncs,CPP_GetText_const,,Dot (Global),Both,moduleObjects,dot,CodeBuddyFuncs.CPP_GetText_const,,ERR,否,,,文档转储命名空间：运行时不存在该全局,ERR,否,,,文档转储命名空间：运行时不存在该全局,,双端未见,文档转储（非运行时命名空间）,,
Q-CodeBuddyFuncsClearChannel,QUERY,CodeBuddyFuncs,ClearChannel,,Dot (Global),Both,moduleObjects,dot,CodeBuddyFuncs.ClearChannel,,ERR,否,,,文档转储命名空间：运行时不存在该全局,ERR,否,,,文档转储命名空间：运行时不存在该全局,,双端未见,文档转储（非运行时命名空间）,,
Q-CodeBuddyFuncsDisableTouchToolTip,QUERY,CodeBuddyFuncs,DisableTouchToolTip,,Dot (Global),Both,moduleObjects,dot,CodeBuddyFuncs.DisableTouchToolTip,,ERR,否,,,文档转储命名空间：运行时不存在该全局,ERR,否,,,文档转储命名空间：运行时不存在该全局,,双端未见,文档转储（非运行时命名空间）,,
Q-CodeBuddyFuncsSetMaskOffset,QUERY,CodeBuddyFuncs,SetMaskOffset,,Dot (Global),Both,moduleObjects,dot,CodeBuddyFuncs.SetMaskOffset,,ERR,否,,,文档转储命名空间：运行时不存在该全局,ERR,否,,,文档转储命名空间：运行时不存在该全局,,双端未见,文档转储（非运行时命名空间）,,
Q-CodeBuddyFuncsGetSizeY,QUERY,CodeBuddyFuncs,GetSizeY,,Dot (Global),Both,moduleObjects,dot,CodeBuddyFuncs.GetSizeY,,ERR,否,,,文档转储命名空间：运行时不存在该全局,ERR,否,,,文档转储命名空间：运行时不存在该全局,,双端未见,文档转储（非运行时命名空间）,,
Q-CodeBuddyFuncsGetCurrentSubButton,QUERY,CodeBuddyFuncs,GetCurrentSubButton,,Dot (Global),Both,moduleObjects,dot,CodeBuddyFuncs.GetCurrentSubButton,,ERR,否,,,文档转储命名空间：运行时不存在该全局,ERR,否,,,文档转储命名空间：运行时不存在该全局,,双端未见,文档转储（非运行时命名空间）,,
Q-CodeBuddyFuncsC_GetText,QUERY,CodeBuddyFuncs,C_GetText,,Dot (Global),Both,moduleObjects,dot,CodeBuddyFuncs.C_GetText,,ERR,否,,,文档转储命名空间：运行时不存在该全局,ERR,否,,,文档转储命名空间：运行时不存在该全局,,双端未见,文档转储（非运行时命名空间）,,
Q-CodeBuddyFuncsGetStartY_int,QUERY,CodeBuddyFuncs,GetStartY_int,,Dot (Global),Both,moduleObjects,dot,CodeBuddyFuncs.GetStartY_int,,ERR,否,,,文档转储命名空间：运行时不存在该全局,ERR,否,,,文档转储命名空间：运行时不存在该全局,,双端未见,文档转储（非运行时命名空间）,,
Q-CodeBuddyFuncsSetClipboardString,QUERY,CodeBuddyFuncs,SetClipboardString,,Dot (Global),Both,moduleObjects,dot,CodeBuddyFuncs.SetClipboardString,,ERR,否,,,文档转储命名空间：运行时不存在该全局,ERR,否,,,文档转储命名空间：运行时不存在该全局,,双端未见,文档转储（非运行时命名空间）,,
Q-CodeBuddyFuncsGetStackPadding,QUERY,CodeBuddyFuncs,GetStackPadding,,Dot (Global),Both,moduleObjects,dot,CodeBuddyFuncs.GetStackPadding,,ERR,否,,,文档转储命名空间：运行时不存在该全局,ERR,否,,,文档转储命名空间：运行时不存在该全局,,双端未见,文档转储（非运行时命名空间）,,
Q-CodeBuddyFuncsSetUnCheckColor,QUERY,CodeBuddyFuncs,SetUnCheckColor,,Dot (Global),Both,moduleObjects,dot,CodeBuddyFuncs.SetUnCheckColor,,ERR,否,,,文档转储命名空间：运行时不存在该全局,ERR,否,,,文档转储命名空间：运行时不存在该全局,,双端未见,文档转储（非运行时命名空间）,,
Q-CodeBuddyFuncsLastHitOffset,QUERY,CodeBuddyFuncs,LastHitOffset,,Dot (Global),Both,moduleObjects,dot,CodeBuddyFuncs.LastHitOffset,,ERR,否,,,文档转储命名空间：运行时不存在该全局,ERR,否,,,文档转储命名空间：运行时不存在该全局,,双端未见,文档转储（非运行时命名空间）,,
Q-CodeBuddyFuncsSetCheckTexture,QUERY,CodeBuddyFuncs,SetCheckTexture,,Dot (Global),Both,moduleObjects,dot,CodeBuddyFuncs.SetCheckTexture,,ERR,否,,,文档转储命名空间：运行时不存在该全局,ERR,否,,,文档转储命名空间：运行时不存在该全局,,双端未见,文档转储（非运行时命名空间）,,
Q-CodeBuddyFuncsResize,QUERY,CodeBuddyFuncs,Resize,,Dot (Global),Both,moduleObjects,dot,CodeBuddyFuncs.Resize,,ERR,否,,,文档转储命名空间：运行时不存在该全局,ERR,否,,,文档转储命名空间：运行时不存在该全局,,双端未见,文档转储（非运行时命名空间）,,
Q-CodeBuddyFuncsIsRButtonDown,QUERY,CodeBuddyFuncs,IsRButtonDown,,Dot (Global),Both,moduleObjects,dot,CodeBuddyFuncs.IsRButtonDown,,ERR,否,,,文档转储命名空间：运行时不存在该全局,ERR,否,,,文档转储命名空间：运行时不存在该全局,,双端未见,文档转储（非运行时命名空间）,,
Q-CodeBuddyFuncsStrategicView_SetReferenceMap,QUERY,CodeBuddyFuncs,StrategicView_SetReferenceMap,,Dot (Global),Both,moduleObjects,dot,CodeBuddyFuncs.StrategicView_SetReferenceMap,,ERR,否,,,文档转储命名空间：运行时不存在该全局,ERR,否,,,文档转储命名空间：运行时不存在该全局,,双端未见,文档转储（非运行时命名空间）,,
Q-CodeBuddyFuncsReleaseAndUnloadTextureByName,QUERY,CodeBuddyFuncs,ReleaseAndUnloadTextureByName,,Dot (Global),Both,moduleObjects,dot,CodeBuddyFuncs.ReleaseAndUnloadTextureByName,,ERR,否,,,文档转储命名空间：运行时不存在该全局,ERR,否,,,文档转储命名空间：运行时不存在该全局,,双端未见,文档转储（非运行时命名空间）,,
Q-CodeBuddyFuncsGetTextButton,QUERY,CodeBuddyFuncs,GetTextButton,,Dot (Global),Both,moduleObjects,dot,CodeBuddyFuncs.GetTextButton,,ERR,否,,,文档转储命名空间：运行时不存在该全局,ERR,否,,,文档转储命名空间：运行时不存在该全局,,双端未见,文档转储（非运行时命名空间）,,
Q-CodeBuddyFuncsToButtonControl,QUERY,CodeBuddyFuncs,ToButtonControl,,Dot (Global),Both,moduleObjects,dot,CodeBuddyFuncs.ToButtonControl,,ERR,否,,,文档转储命名空间：运行时不存在该全局,ERR,否,,,文档转储命名空间：运行时不存在该全局,,双端未见,文档转储（非运行时命名空间）,,
Q-CodeBuddyFuncsReload,QUERY,CodeBuddyFuncs,Reload,,Dot (Global),Both,moduleObjects,dot,CodeBuddyFuncs.Reload,,ERR,否,,,文档转储命名空间：运行时不存在该全局,ERR,否,,,文档转储命名空间：运行时不存在该全局,,双端未见,文档转储（非运行时命名空间）,,
Q-CodeBuddyFuncsSetUseHighlightShader,QUERY,CodeBuddyFuncs,SetUseHighlightShader,,Dot (Global),Both,moduleObjects,dot,CodeBuddyFuncs.SetUseHighlightShader,,ERR,否,,,文档转储命名空间：运行时不存在该全局,ERR,否,,,文档转储命名空间：运行时不存在该全局,,双端未见,文档转储（非运行时命名空间）,,
Q-CodeBuddyFuncsCalculateSize,QUERY,CodeBuddyFuncs,CalculateSize,,Dot (Global),Both,moduleObjects,dot,CodeBuddyFuncs.CalculateSize,,ERR,否,,,文档转储命名空间：运行时不存在该全局,ERR,否,,,文档转储命名空间：运行时不存在该全局,,双端未见,文档转储（非运行时命名空间）,,
Q-CodeBuddyFuncsGetOffsetY,QUERY,CodeBuddyFuncs,GetOffsetY,,Dot (Global),Both,moduleObjects,dot,CodeBuddyFuncs.GetOffsetY,,ERR,否,,,文档转储命名空间：运行时不存在该全局,ERR,否,,,文档转储命名空间：运行时不存在该全局,,双端未见,文档转储（非运行时命名空间）,,
Q-CodeBuddyFuncsGetStickX,QUERY,CodeBuddyFuncs,GetStickX,,Dot (Global),Both,moduleObjects,dot,CodeBuddyFuncs.GetStickX,,ERR,否,,,文档转储命名空间：运行时不存在该全局,ERR,否,,,文档转储命名空间：运行时不存在该全局,,双端未见,文档转储（非运行时命名空间）,,
Q-CodeBuddyFuncsForceSetFocus,QUERY,CodeBuddyFuncs,ForceSetFocus,,Dot (Global),Both,moduleObjects,dot,CodeBuddyFuncs.ForceSetFocus,,ERR,否,,,文档转储命名空间：运行时不存在该全局,ERR,否,,,文档转储命名空间：运行时不存在该全局,,双端未见,文档转储（非运行时命名空间）,,
Q-CodeBuddyFuncsGetEndX,QUERY,CodeBuddyFuncs,GetEndX,,Dot (Global),Both,moduleObjects,dot,CodeBuddyFuncs.GetEndX,,ERR,否,,,文档转储命名空间：运行时不存在该全局,ERR,否,,,文档转储命名空间：运行时不存在该全局,,双端未见,文档转储（非运行时命名空间）,,
Q-CodeBuddyFuncsGetCoordX,QUERY,CodeBuddyFuncs,GetCoordX,,Dot (Global),Both,moduleObjects,dot,CodeBuddyFuncs.GetCoordX,,ERR,否,,,文档转储命名空间：运行时不存在该全局,ERR,否,,,文档转储命名空间：运行时不存在该全局,,双端未见,文档转储（非运行时命名空间）,,
Q-CodeBuddyFuncsSendOpenState,QUERY,CodeBuddyFuncs,SendOpenState,,Dot (Global),Both,moduleObjects,dot,CodeBuddyFuncs.SendOpenState,,ERR,否,,,文档转储命名空间：运行时不存在该全局,ERR,否,,,文档转储命名空间：运行时不存在该全局,,双端未见,文档转储（非运行时命名空间）,,
Q-CodeBuddyFuncsPlayEffect,QUERY,CodeBuddyFuncs,PlayEffect,,Dot (Global),Both,moduleObjects,dot,CodeBuddyFuncs.PlayEffect,,ERR,否,,,文档转储命名空间：运行时不存在该全局,ERR,否,,,文档转储命名空间：运行时不存在该全局,,双端未见,文档转储（非运行时命名空间）,,
Q-CodeBuddyFuncsIsDisabled,QUERY,CodeBuddyFuncs,IsDisabled,,Dot (Global),Both,moduleObjects,dot,CodeBuddyFuncs.IsDisabled,,ERR,否,,,文档转储命名空间：运行时不存在该全局,ERR,否,,,文档转储命名空间：运行时不存在该全局,,双端未见,文档转储（非运行时命名空间）,,
Q-CodeBuddyFuncsGetWorldPosition,QUERY,CodeBuddyFuncs,GetWorldPosition,,Dot (Global),Both,moduleObjects,dot,CodeBuddyFuncs.GetWorldPosition,,ERR,否,,,文档转储命名空间：运行时不存在该全局,ERR,否,,,文档转储命名空间：运行时不存在该全局,,双端未见,文档转储（非运行时命名空间）,,
Q-CodeBuddyFuncsAddControlToAlwaysReceiveInput,QUERY,CodeBuddyFuncs,AddControlToAlwaysReceiveInput,,Dot (Global),Both,moduleObjects,dot,CodeBuddyFuncs.AddControlToAlwaysReceiveInput,,ERR,否,,,文档转储命名空间：运行时不存在该全局,ERR,否,,,文档转储命名空间：运行时不存在该全局,,双端未见,文档转储（非运行时命名空间）,,
Q-CodeBuddyFuncsReleaseGameCoreEvent,QUERY,CodeBuddyFuncs,ReleaseGameCoreEvent,,Dot (Global),Both,moduleObjects,dot,CodeBuddyFuncs.ReleaseGameCoreEvent,,ERR,否,,,文档转储命名空间：运行时不存在该全局,ERR,否,,,文档转储命名空间：运行时不存在该全局,,双端未见,文档转储（非运行时命名空间）,,
Q-CodeBuddyFuncsSetTag,QUERY,CodeBuddyFuncs,SetTag,,Dot (Global),Both,moduleObjects,dot,CodeBuddyFuncs.SetTag,,ERR,否,,,文档转储命名空间：运行时不存在该全局,ERR,否,,,文档转储命名空间：运行时不存在该全局,,双端未见,文档转储（非运行时命名空间）,,
Q-CodeBuddyFuncsSetTextureSizeVal,QUERY,CodeBuddyFuncs,SetTextureSizeVal,,Dot (Global),Both,moduleObjects,dot,CodeBuddyFuncs.SetTextureSizeVal,,ERR,否,,,文档转储命名空间：运行时不存在该全局,ERR,否,,,文档转储命名空间：运行时不存在该全局,,双端未见,文档转储（非运行时命名空间）,,
Q-CodeBuddyFuncsIsAnyGestureStarted,QUERY,CodeBuddyFuncs,IsAnyGestureStarted,,Dot (Global),Both,moduleObjects,dot,CodeBuddyFuncs.IsAnyGestureStarted,,ERR,否,,,文档转储命名空间：运行时不存在该全局,ERR,否,,,文档转储命名空间：运行时不存在该全局,,双端未见,文档转储（非运行时命名空间）,,
Q-CodeBuddyFuncsGetID,QUERY,CodeBuddyFuncs,GetID,,Dot (Global),Both,moduleObjects,dot,CodeBuddyFuncs.GetID,,ERR,否,,,文档转储命名空间：运行时不存在该全局,ERR,否,,,文档转储命名空间：运行时不存在该全局,,双端未见,文档转储（非运行时命名空间）,,
Q-CodeBuddyFuncsSetModal,QUERY,CodeBuddyFuncs,SetModal,,Dot (Global),Both,moduleObjects,dot,CodeBuddyFuncs.SetModal,,ERR,否,,,文档转储命名空间：运行时不存在该全局,ERR,否,,,文档转储命名空间：运行时不存在该全局,,双端未见,文档转储（非运行时命名空间）,,
Q-CodeBuddyFuncsEnableDebugOutline,QUERY,CodeBuddyFuncs,EnableDebugOutline,,Dot (Global),Both,moduleObjects,dot,CodeBuddyFuncs.EnableDebugOutline,,ERR,否,,,文档转储命名空间：运行时不存在该全局,ERR,否,,,文档转储命名空间：运行时不存在该全局,,双端未见,文档转储（非运行时命名空间）,,
Q-CodeBuddyFuncsReverse,QUERY,CodeBuddyFuncs,Reverse,,Dot (Global),Both,moduleObjects,dot,CodeBuddyFuncs.Reverse,,ERR,否,,,文档转储命名空间：运行时不存在该全局,ERR,否,,,文档转储命名空间：运行时不存在该全局,,双端未见,文档转储（非运行时命名空间）,,
Q-CodeBuddyFuncsClearPersistantInputControls,QUERY,CodeBuddyFuncs,ClearPersistantInputControls,,Dot (Global),Both,moduleObjects,dot,CodeBuddyFuncs.ClearPersistantInputControls,,ERR,否,,,文档转储命名空间：运行时不存在该全局,ERR,否,,,文档转储命名空间：运行时不存在该全局,,双端未见,文档转储（非运行时命名空间）,,
Q-CodeBuddyFuncsIsDown,QUERY,CodeBuddyFuncs,IsDown,,Dot (Global),Both,moduleObjects,dot,CodeBuddyFuncs.IsDown,,ERR,否,,,文档转储命名空间：运行时不存在该全局,ERR,否,,,文档转储命名空间：运行时不存在该全局,,双端未见,文档转储（非运行时命名空间）,,
Q-CodeBuddyFuncsRegisterMouseEnterCallback,QUERY,CodeBuddyFuncs,RegisterMouseEnterCallback,,Dot (Global),Both,moduleObjects,dot,CodeBuddyFuncs.RegisterMouseEnterCallback,,ERR,否,,,文档转储命名空间：运行时不存在该全局,ERR,否,,,文档转储命名空间：运行时不存在该全局,,双端未见,文档转储（非运行时命名空间）,,
Q-CodeBuddyFuncsSetPercent,QUERY,CodeBuddyFuncs,SetPercent,,Dot (Global),Both,moduleObjects,dot,CodeBuddyFuncs.SetPercent,,ERR,否,,,文档转储命名空间：运行时不存在该全局,ERR,否,,,文档转储命名空间：运行时不存在该全局,,双端未见,文档转储（非运行时命名空间）,,
Q-CodeBuddyFuncsClear,QUERY,CodeBuddyFuncs,Clear,,Dot (Global),Both,moduleObjects,dot,CodeBuddyFuncs.Clear,,ERR,否,,,文档转储命名空间：运行时不存在该全局,ERR,否,,,文档转储命名空间：运行时不存在该全局,,双端未见,文档转储（非运行时命名空间）,,
Q-CodeBuddyFuncsGetAbsoluteScrollValue,QUERY,CodeBuddyFuncs,GetAbsoluteScrollValue,,Dot (Global),Both,moduleObjects,dot,CodeBuddyFuncs.GetAbsoluteScrollValue,,ERR,否,,,文档转储命名空间：运行时不存在该全局,ERR,否,,,文档转储命名空间：运行时不存在该全局,,双端未见,文档转储（非运行时命名空间）,,
Q-CodeBuddyFuncsWasInAnyGesture,QUERY,CodeBuddyFuncs,WasInAnyGesture,,Dot (Global),Both,moduleObjects,dot,CodeBuddyFuncs.WasInAnyGesture,,ERR,否,,,文档转储命名空间：运行时不存在该全局,ERR,否,,,文档转储命名空间：运行时不存在该全局,,双端未见,文档转储（非运行时命名空间）,,
Q-CodeBuddyFuncsSetYTickInterval,QUERY,CodeBuddyFuncs,SetYTickInterval,,Dot (Global),Both,moduleObjects,dot,CodeBuddyFuncs.SetYTickInterval,,ERR,否,,,文档转储命名空间：运行时不存在该全局,ERR,否,,,文档转储命名空间：运行时不存在该全局,,双端未见,文档转储（非运行时命名空间）,,
Q-CodeBuddyFuncsSetTruncateHeight,QUERY,CodeBuddyFuncs,SetTruncateHeight,,Dot (Global),Both,moduleObjects,dot,CodeBuddyFuncs.SetTruncateHeight,,ERR,否,,,文档转储命名空间：运行时不存在该全局,ERR,否,,,文档转储命名空间：运行时不存在该全局,,双端未见,文档转储（非运行时命名空间）,,
Q-CodeBuddyFuncsIsTextTruncated,QUERY,CodeBuddyFuncs,IsTextTruncated,,Dot (Global),Both,moduleObjects,dot,CodeBuddyFuncs.IsTextTruncated,,ERR,否,,,文档转储命名空间：运行时不存在该全局,ERR,否,,,文档转储命名空间：运行时不存在该全局,,双端未见,文档转储（非运行时命名空间）,,
Q-CodeBuddyFuncsGetX,QUERY,CodeBuddyFuncs,GetX,,Dot (Global),Both,moduleObjects,dot,CodeBuddyFuncs.GetX,,ERR,否,,,文档转储命名空间：运行时不存在该全局,ERR,否,,,文档转储命名空间：运行时不存在该全局,,双端未见,文档转储（非运行时命名空间）,,
Q-CodeBuddyFuncsSetShadowPercent,QUERY,CodeBuddyFuncs,SetShadowPercent,,Dot (Global),Both,moduleObjects,dot,CodeBuddyFuncs.SetShadowPercent,,ERR,否,,,文档转储命名空间：运行时不存在该全局,ERR,否,,,文档转储命名空间：运行时不存在该全局,,双端未见,文档转储（非运行时命名空间）,,
Q-CodeBuddyFuncsClearTextureChanged,QUERY,CodeBuddyFuncs,ClearTextureChanged,,Dot (Global),Both,moduleObjects,dot,CodeBuddyFuncs.ClearTextureChanged,,ERR,否,,,文档转储命名空间：运行时不存在该全局,ERR,否,,,文档转储命名空间：运行时不存在该全局,,双端未见,文档转储（非运行时命名空间）,,
Q-CodeBuddyFuncsIsSelected,QUERY,CodeBuddyFuncs,IsSelected,,Dot (Global),Both,moduleObjects,dot,CodeBuddyFuncs.IsSelected,,ERR,否,,,文档转储命名空间：运行时不存在该全局,ERR,否,,,文档转储命名空间：运行时不存在该全局,,双端未见,文档转储（非运行时命名空间）,,
Q-CodeBuddyFuncsSetParentRelativeSizeVal,QUERY,CodeBuddyFuncs,SetParentRelativeSizeVal,,Dot (Global),Both,moduleObjects,dot,CodeBuddyFuncs.SetParentRelativeSizeVal,,ERR,否,,,文档转储命名空间：运行时不存在该全局,ERR,否,,,文档转储命名空间：运行时不存在该全局,,双端未见,文档转储（非运行时命名空间）,,
Q-CodeBuddyFuncsRegisterEndCallback,QUERY,CodeBuddyFuncs,RegisterEndCallback,,Dot (Global),Both,moduleObjects,dot,CodeBuddyFuncs.RegisterEndCallback,,ERR,否,,,文档转储命名空间：运行时不存在该全局,ERR,否,,,文档转储命名空间：运行时不存在该全局,,双端未见,文档转储（非运行时命名空间）,,
Q-CodeBuddyFuncsIsModal,QUERY,CodeBuddyFuncs,IsModal,,Dot (Global),Both,moduleObjects,dot,CodeBuddyFuncs.IsModal,,ERR,否,,,文档转储命名空间：运行时不存在该全局,ERR,否,,,文档转储命名空间：运行时不存在该全局,,双端未见,文档转储（非运行时命名空间）,,
Q-CodeBuddyFuncsClose,QUERY,CodeBuddyFuncs,Close,,Dot (Global),Both,moduleObjects,dot,CodeBuddyFuncs.Close,,ERR,否,,,文档转储命名空间：运行时不存在该全局,ERR,否,,,文档转储命名空间：运行时不存在该全局,,双端未见,文档转储（非运行时命名空间）,,
Q-CodeBuddyFuncsSetLinearColor,QUERY,CodeBuddyFuncs,SetLinearColor,,Dot (Global),Both,moduleObjects,dot,CodeBuddyFuncs.SetLinearColor,,ERR,否,,,文档转储命名空间：运行时不存在该全局,ERR,否,,,文档转储命名空间：运行时不存在该全局,,双端未见,文档转储（非运行时命名空间）,,
Q-CodeBuddyFuncsQueuePopup,QUERY,CodeBuddyFuncs,QueuePopup,,Dot (Global),Both,moduleObjects,dot,CodeBuddyFuncs.QueuePopup,,ERR,否,,,文档转储命名空间：运行时不存在该全局,ERR,否,,,文档转储命名空间：运行时不存在该全局,,双端未见,文档转储（非运行时命名空间）,,
Q-CodeBuddyFuncsSetAllChildrenVisible,QUERY,CodeBuddyFuncs,SetAllChildrenVisible,,Dot (Global),Both,moduleObjects,dot,CodeBuddyFuncs.SetAllChildrenVisible,,ERR,否,,,文档转储命名空间：运行时不存在该全局,ERR,否,,,文档转储命名空间：运行时不存在该全局,,双端未见,文档转储（非运行时命名空间）,,
Q-CodeBuddyFuncsGetParentByType,QUERY,CodeBuddyFuncs,GetParentByType,,Dot (Global),Both,moduleObjects,dot,CodeBuddyFuncs.GetParentByType,,ERR,否,,,文档转储命名空间：运行时不存在该全局,ERR,否,,,文档转储命名空间：运行时不存在该全局,,双端未见,文档转储（非运行时命名空间）,,
Q-CodeBuddyFuncsSetAbsoluteScrollValue,QUERY,CodeBuddyFuncs,SetAbsoluteScrollValue,,Dot (Global),Both,moduleObjects,dot,CodeBuddyFuncs.SetAbsoluteScrollValue,,ERR,否,,,文档转储命名空间：运行时不存在该全局,ERR,否,,,文档转储命名空间：运行时不存在该全局,,双端未见,文档转储（非运行时命名空间）,,
Q-CodeBuddyFuncsSetColorVal_int,QUERY,CodeBuddyFuncs,SetColorVal_int,,Dot (Global),Both,moduleObjects,dot,CodeBuddyFuncs.SetColorVal_int,,ERR,否,,,文档转储命名空间：运行时不存在该全局,ERR,否,,,文档转储命名空间：运行时不存在该全局,,双端未见,文档转储（非运行时命名空间）,,
Q-CodeBuddyFuncsSetDrawControlBounds,QUERY,CodeBuddyFuncs,SetDrawControlBounds,,Dot (Global),Both,moduleObjects,dot,CodeBuddyFuncs.SetDrawControlBounds,,ERR,否,,,文档转储命名空间：运行时不存在该全局,ERR,否,,,文档转储命名空间：运行时不存在该全局,,双端未见,文档转储（非运行时命名空间）,,
Q-CodeBuddyFuncsCreateSpritePath,QUERY,CodeBuddyFuncs,CreateSpritePath,,Dot (Global),Both,moduleObjects,dot,CodeBuddyFuncs.CreateSpritePath,,ERR,否,,,文档转储命名空间：运行时不存在该全局,ERR,否,,,文档转储命名空间：运行时不存在该全局,,双端未见,文档转储（非运行时命名空间）,,
Q-CodeBuddyFuncsGetMouseDY,QUERY,CodeBuddyFuncs,GetMouseDY,,Dot (Global),Both,moduleObjects,dot,CodeBuddyFuncs.GetMouseDY,,ERR,否,,,文档转储命名空间：运行时不存在该全局,ERR,否,,,文档转储命名空间：运行时不存在该全局,,双端未见,文档转储（非运行时命名空间）,,
Q-CodeBuddyFuncsSetTruncateWidth,QUERY,CodeBuddyFuncs,SetTruncateWidth,,Dot (Global),Both,moduleObjects,dot,CodeBuddyFuncs.SetTruncateWidth,,ERR,否,,,文档转储命名空间：运行时不存在该全局,ERR,否,,,文档转储命名空间：运行时不存在该全局,,双端未见,文档转储（非运行时命名空间）,,
Q-CodeBuddyFuncsRegisterWhenHidden,QUERY,CodeBuddyFuncs,RegisterWhenHidden,,Dot (Global),Both,moduleObjects,dot,CodeBuddyFuncs.RegisterWhenHidden,,ERR,否,,,文档转储命名空间：运行时不存在该全局,ERR,否,,,文档转储命名空间：运行时不存在该全局,,双端未见,文档转储（非运行时命名空间）,,
Q-CodeBuddyFuncsIsHideAll,QUERY,CodeBuddyFuncs,IsHideAll,,Dot (Global),Both,moduleObjects,dot,CodeBuddyFuncs.IsHideAll,,ERR,否,,,文档转储命名空间：运行时不存在该全局,ERR,否,,,文档转储命名空间：运行时不存在该全局,,双端未见,文档转储（非运行时命名空间）,,
Q-CodeBuddyFuncsSetBorderColors,QUERY,CodeBuddyFuncs,SetBorderColors,,Dot (Global),Both,moduleObjects,dot,CodeBuddyFuncs.SetBorderColors,,ERR,否,,,文档转储命名空间：运行时不存在该全局,ERR,否,,,文档转储命名空间：运行时不存在该全局,,双端未见,文档转储（非运行时命名空间）,,
Q-CodeBuddyFuncsSetOffset,QUERY,CodeBuddyFuncs,SetOffset,,Dot (Global),Both,moduleObjects,dot,CodeBuddyFuncs.SetOffset,,ERR,否,,,文档转储命名空间：运行时不存在该全局,ERR,否,,,文档转储命名空间：运行时不存在该全局,,双端未见,文档转储（非运行时命名空间）,,
Q-CodeBuddyFuncsUnFocus,QUERY,CodeBuddyFuncs,UnFocus,,Dot (Global),Both,moduleObjects,dot,CodeBuddyFuncs.UnFocus,,ERR,否,,,文档转储命名空间：运行时不存在该全局,ERR,否,,,文档转储命名空间：运行时不存在该全局,,双端未见,文档转储（非运行时命名空间）,,
Q-CodeBuddyFuncsClearWhenShownCallback,QUERY,CodeBuddyFuncs,ClearWhenShownCallback,,Dot (Global),Both,moduleObjects,dot,CodeBuddyFuncs.ClearWhenShownCallback,,ERR,否,,,文档转储命名空间：运行时不存在该全局,ERR,否,,,文档转储命名空间：运行时不存在该全局,,双端未见,文档转储（非运行时命名空间）,,
Q-CodeBuddyFuncsResetAllWaves,QUERY,CodeBuddyFuncs,ResetAllWaves,,Dot (Global),Both,moduleObjects,dot,CodeBuddyFuncs.ResetAllWaves,,ERR,否,,,文档转储命名空间：运行时不存在该全局,ERR,否,,,文档转储命名空间：运行时不存在该全局,,双端未见,文档转储（非运行时命名空间）,,
Q-CodeBuddyFuncsRegisterStringChangedCallback,QUERY,CodeBuddyFuncs,RegisterStringChangedCallback,,Dot (Global),Both,moduleObjects,dot,CodeBuddyFuncs.RegisterStringChangedCallback,,ERR,否,,,文档转储命名空间：运行时不存在该全局,ERR,否,,,文档转储命名空间：运行时不存在该全局,,双端未见,文档转储（非运行时命名空间）,,
Q-CodeBuddyFuncsSetInputHandler,QUERY,CodeBuddyFuncs,SetInputHandler,,Dot (Global),Both,moduleObjects,dot,CodeBuddyFuncs.SetInputHandler,,ERR,否,,,文档转储命名空间：运行时不存在该全局,ERR,否,,,文档转储命名空间：运行时不存在该全局,,双端未见,文档转储（非运行时命名空间）,,
Q-CodeBuddyFuncsStop,QUERY,CodeBuddyFuncs,Stop,,Dot (Global),Both,moduleObjects,dot,CodeBuddyFuncs.Stop,,ERR,否,,,文档转储命名空间：运行时不存在该全局,ERR,否,,,文档转储命名空间：运行时不存在该全局,,双端未见,文档转储（非运行时命名空间）,,
Q-CodeBuddyFuncsSetGlobalInputHandler,QUERY,CodeBuddyFuncs,SetGlobalInputHandler,,Dot (Global),Both,moduleObjects,dot,CodeBuddyFuncs.SetGlobalInputHandler,,ERR,否,,,文档转储命名空间：运行时不存在该全局,ERR,否,,,文档转储命名空间：运行时不存在该全局,,双端未见,文档转储（非运行时命名空间）,,
Q-CodeBuddyFuncsCreateLinearWaves,QUERY,CodeBuddyFuncs,CreateLinearWaves,,Dot (Global),Both,moduleObjects,dot,CodeBuddyFuncs.CreateLinearWaves,,ERR,否,,,文档转储命名空间：运行时不存在该全局,ERR,否,,,文档转储命名空间：运行时不存在该全局,,双端未见,文档转储（非运行时命名空间）,,
Q-CodeBuddyFuncsRegisterMouseExitCallback,QUERY,CodeBuddyFuncs,RegisterMouseExitCallback,,Dot (Global),Both,moduleObjects,dot,CodeBuddyFuncs.RegisterMouseExitCallback,,ERR,否,,,文档转储命名空间：运行时不存在该全局,ERR,否,,,文档转储命名空间：运行时不存在该全局,,双端未见,文档转储（非运行时命名空间）,,
Q-CodeBuddyFuncsGetSizeX,QUERY,CodeBuddyFuncs,GetSizeX,,Dot (Global),Both,moduleObjects,dot,CodeBuddyFuncs.GetSizeX,,ERR,否,,,文档转储命名空间：运行时不存在该全局,ERR,否,,,文档转储命名空间：运行时不存在该全局,,双端未见,文档转储（非运行时命名空间）,,
Q-CodeBuddyFuncsShowXAxis,QUERY,CodeBuddyFuncs,ShowXAxis,,Dot (Global),Both,moduleObjects,dot,CodeBuddyFuncs.ShowXAxis,,ERR,否,,,文档转储命名空间：运行时不存在该全局,ERR,否,,,文档转储命名空间：运行时不存在该全局,,双端未见,文档转储（非运行时命名空间）,,
Q-CodeBuddyFuncsGetChildren,QUERY,CodeBuddyFuncs,GetChildren,,Dot (Global),Both,moduleObjects,dot,CodeBuddyFuncs.GetChildren,,ERR,否,,,文档转储命名空间：运行时不存在该全局,ERR,否,,,文档转储命名空间：运行时不存在该全局,,双端未见,文档转储（非运行时命名空间）,,
Q-CodeBuddyFuncsSetZoomOffsetNearVal,QUERY,CodeBuddyFuncs,SetZoomOffsetNearVal,,Dot (Global),Both,moduleObjects,dot,CodeBuddyFuncs.SetZoomOffsetNearVal,,ERR,否,,,文档转储命名空间：运行时不存在该全局,ERR,否,,,文档转储命名空间：运行时不存在该全局,,双端未见,文档转储（非运行时命名空间）,,
Q-CodeBuddyFuncsLostMouseOver,QUERY,CodeBuddyFuncs,LostMouseOver,,Dot (Global),Both,moduleObjects,dot,CodeBuddyFuncs.LostMouseOver,,ERR,否,,,文档转储命名空间：运行时不存在该全局,ERR,否,,,文档转储命名空间：运行时不存在该全局,,双端未见,文档转储（非运行时命名空间）,,
Q-CodeBuddyFuncsSetXNumberInterval,QUERY,CodeBuddyFuncs,SetXNumberInterval,,Dot (Global),Both,moduleObjects,dot,CodeBuddyFuncs.SetXNumberInterval,,ERR,否,,,文档转储命名空间：运行时不存在该全局,ERR,否,,,文档转储命名空间：运行时不存在该全局,,双端未见,文档转储（非运行时命名空间）,,
Q-CodeBuddyFuncsGetPauseTime,QUERY,CodeBuddyFuncs,GetPauseTime,,Dot (Global),Both,moduleObjects,dot,CodeBuddyFuncs.GetPauseTime,,ERR,否,,,文档转储命名空间：运行时不存在该全局,ERR,否,,,文档转储命名空间：运行时不存在该全局,,双端未见,文档转储（非运行时命名空间）,,
Q-CodeBuddyFuncsHighlightColoredHexes,QUERY,CodeBuddyFuncs,HighlightColoredHexes,,Dot (Global),Both,moduleObjects,dot,CodeBuddyFuncs.HighlightColoredHexes,,ERR,否,,,文档转储命名空间：运行时不存在该全局,ERR,否,,,文档转储命名空间：运行时不存在该全局,,双端未见,文档转储（非运行时命名空间）,,
Q-CodeBuddyFuncsGetPopupStack,QUERY,CodeBuddyFuncs,GetPopupStack,,Dot (Global),Both,moduleObjects,dot,CodeBuddyFuncs.GetPopupStack,,ERR,否,,,文档转储命名空间：运行时不存在该全局,ERR,否,,,文档转储命名空间：运行时不存在该全局,,双端未见,文档转储（非运行时命名空间）,,
Q-CodeBuddyFuncsGetSelectedEntry,QUERY,CodeBuddyFuncs,GetSelectedEntry,,Dot (Global),Both,moduleObjects,dot,CodeBuddyFuncs.GetSelectedEntry,,ERR,否,,,文档转储命名空间：运行时不存在该全局,ERR,否,,,文档转储命名空间：运行时不存在该全局,,双端未见,文档转储（非运行时命名空间）,,
Q-CodeBuddyFuncsSetEntries,QUERY,CodeBuddyFuncs,SetEntries,,Dot (Global),Both,moduleObjects,dot,CodeBuddyFuncs.SetEntries,,ERR,否,,,文档转储命名空间：运行时不存在该全局,ERR,否,,,文档转储命名空间：运行时不存在该全局,,双端未见,文档转储（非运行时命名空间）,,
Q-CodeBuddyFuncsSetConsumeMouseOver,QUERY,CodeBuddyFuncs,SetConsumeMouseOver,,Dot (Global),Both,moduleObjects,dot,CodeBuddyFuncs.SetConsumeMouseOver,,ERR,否,,,文档转储命名空间：运行时不存在该全局,ERR,否,,,文档转储命名空间：运行时不存在该全局,,双端未见,文档转储（非运行时命名空间）,,
Q-CodeBuddyFuncsHasEntries,QUERY,CodeBuddyFuncs,HasEntries,,Dot (Global),Both,moduleObjects,dot,CodeBuddyFuncs.HasEntries,,ERR,否,,,文档转储命名空间：运行时不存在该全局,ERR,否,,,文档转储命名空间：运行时不存在该全局,,双端未见,文档转储（非运行时命名空间）,,
Q-CodeBuddyFuncsGetParentRelativeSizeX,QUERY,CodeBuddyFuncs,GetParentRelativeSizeX,,Dot (Global),Both,moduleObjects,dot,CodeBuddyFuncs.GetParentRelativeSizeX,,ERR,否,,,文档转储命名空间：运行时不存在该全局,ERR,否,,,文档转储命名空间：运行时不存在该全局,,双端未见,文档转储（非运行时命名空间）,,
Q-CodeBuddyFuncsGetParentRelativeSizeY,QUERY,CodeBuddyFuncs,GetParentRelativeSizeY,,Dot (Global),Both,moduleObjects,dot,CodeBuddyFuncs.GetParentRelativeSizeY,,ERR,否,,,文档转储命名空间：运行时不存在该全局,ERR,否,,,文档转储命名空间：运行时不存在该全局,,双端未见,文档转储（非运行时命名空间）,,
Q-CodeBuddyFuncsBuildInstance,QUERY,CodeBuddyFuncs,BuildInstance,,Dot (Global),Both,moduleObjects,dot,CodeBuddyFuncs.BuildInstance,,ERR,否,,,文档转储命名空间：运行时不存在该全局,ERR,否,,,文档转储命名空间：运行时不存在该全局,,双端未见,文档转储（非运行时命名空间）,,
Q-CodeBuddyFuncsTypeInfo,QUERY,CodeBuddyFuncs,TypeInfo,,Dot (Global),Both,moduleObjects,dot,CodeBuddyFuncs.TypeInfo,,ERR,否,,,文档转储命名空间：运行时不存在该全局,ERR,否,,,文档转储命名空间：运行时不存在该全局,,双端未见,文档转储（非运行时命名空间）,,
Q-CodeBuddyFuncsC_SetText,QUERY,CodeBuddyFuncs,C_SetText,,Dot (Global),Both,moduleObjects,dot,CodeBuddyFuncs.C_SetText,,ERR,否,,,文档转储命名空间：运行时不存在该全局,ERR,否,,,文档转储命名空间：运行时不存在该全局,,双端未见,文档转储（非运行时命名空间）,,
Q-CodeBuddyFuncsGetContext,QUERY,CodeBuddyFuncs,GetContext,,Dot (Global),Both,moduleObjects,dot,CodeBuddyFuncs.GetContext,,ERR,否,,,文档转储命名空间：运行时不存在该全局,ERR,否,,,文档转储命名空间：运行时不存在该全局,,双端未见,文档转储（非运行时命名空间）,,
Q-CodeBuddyFuncsClearSizeChangedCallback,QUERY,CodeBuddyFuncs,ClearSizeChangedCallback,,Dot (Global),Both,moduleObjects,dot,CodeBuddyFuncs.ClearSizeChangedCallback,,ERR,否,,,文档转储命名空间：运行时不存在该全局,ERR,否,,,文档转储命名空间：运行时不存在该全局,,双端未见,文档转储（非运行时命名空间）,,
Q-CodeBuddyFuncsSetMovie,QUERY,CodeBuddyFuncs,SetMovie,,Dot (Global),Both,moduleObjects,dot,CodeBuddyFuncs.SetMovie,,ERR,否,,,文档转储命名空间：运行时不存在该全局,ERR,否,,,文档转储命名空间：运行时不存在该全局,,双端未见,文档转储（非运行时命名空间）,,
Q-CodeBuddyFuncsSetAndCall_bool,QUERY,CodeBuddyFuncs,SetAndCall_bool,,Dot (Global),Both,moduleObjects,dot,CodeBuddyFuncs.SetAndCall_bool,,ERR,否,,,文档转储命名空间：运行时不存在该全局,ERR,否,,,文档转储命名空间：运行时不存在该全局,,双端未见,文档转储（非运行时命名空间）,,
Q-CodeBuddyFuncsGetStickType,QUERY,CodeBuddyFuncs,GetStickType,,Dot (Global),Both,moduleObjects,dot,CodeBuddyFuncs.GetStickType,,ERR,否,,,文档转储命名空间：运行时不存在该全局,ERR,否,,,文档转储命名空间：运行时不存在该全局,,双端未见,文档转储（非运行时命名空间）,,
Q-CodeBuddyFuncsSetPressureStyle,QUERY,CodeBuddyFuncs,SetPressureStyle,,Dot (Global),Both,moduleObjects,dot,CodeBuddyFuncs.SetPressureStyle,,ERR,否,,,文档转储命名空间：运行时不存在该全局,ERR,否,,,文档转储命名空间：运行时不存在该全局,,双端未见,文档转储（非运行时命名空间）,,
Q-CodeBuddyFuncsSetVoid2,QUERY,CodeBuddyFuncs,SetVoid2,,Dot (Global),Both,moduleObjects,dot,CodeBuddyFuncs.SetVoid2,,ERR,否,,,文档转储命名空间：运行时不存在该全局,ERR,否,,,文档转储命名空间：运行时不存在该全局,,双端未见,文档转储（非运行时命名空间）,,
Q-CodeBuddyFuncsC_RegisterCallback,QUERY,CodeBuddyFuncs,C_RegisterCallback,,Dot (Global),Both,moduleObjects,dot,CodeBuddyFuncs.C_RegisterCallback,,ERR,否,,,文档转储命名空间：运行时不存在该全局,ERR,否,,,文档转储命名空间：运行时不存在该全局,,双端未见,文档转储（非运行时命名空间）,,
Q-CodeBuddyFuncsStopSnapBack,QUERY,CodeBuddyFuncs,StopSnapBack,,Dot (Global),Both,moduleObjects,dot,CodeBuddyFuncs.StopSnapBack,,ERR,否,,,文档转储命名空间：运行时不存在该全局,ERR,否,,,文档转储命名空间：运行时不存在该全局,,双端未见,文档转储（非运行时命名空间）,,
Q-CodeBuddyFuncsSetHide,QUERY,CodeBuddyFuncs,SetHide,,Dot (Global),Both,moduleObjects,dot,CodeBuddyFuncs.SetHide,,ERR,否,,,文档转储命名空间：运行时不存在该全局,ERR,否,,,文档转储命名空间：运行时不存在该全局,,双端未见,文档转储（非运行时命名空间）,,
Q-CodeBuddyFuncsGetNumChildren,QUERY,CodeBuddyFuncs,GetNumChildren,,Dot (Global),Both,moduleObjects,dot,CodeBuddyFuncs.GetNumChildren,,ERR,否,,,文档转储命名空间：运行时不存在该全局,ERR,否,,,文档转储命名空间：运行时不存在该全局,,双端未见,文档转储（非运行时命名空间）,,
Q-CodeBuddyFuncsGetOffsetX,QUERY,CodeBuddyFuncs,GetOffsetX,,Dot (Global),Both,moduleObjects,dot,CodeBuddyFuncs.GetOffsetX,,ERR,否,,,文档转储命名空间：运行时不存在该全局,ERR,否,,,文档转储命名空间：运行时不存在该全局,,双端未见,文档转储（非运行时命名空间）,,
Q-CodeBuddyFuncsSetMaskOffsetVal,QUERY,CodeBuddyFuncs,SetMaskOffsetVal,,Dot (Global),Both,moduleObjects,dot,CodeBuddyFuncs.SetMaskOffsetVal,,ERR,否,,,文档转储命名空间：运行时不存在该全局,ERR,否,,,文档转储命名空间：运行时不存在该全局,,双端未见,文档转储（非运行时命名空间）,,
Q-CodeBuddyFuncsCPP_GetType,QUERY,CodeBuddyFuncs,CPP_GetType,,Dot (Global),Both,moduleObjects,dot,CodeBuddyFuncs.CPP_GetType,,ERR,否,,,文档转储命名空间：运行时不存在该全局,ERR,否,,,文档转储命名空间：运行时不存在该全局,,双端未见,文档转储（非运行时命名空间）,,
Q-CodeBuddyFuncsSetReduceWidth,QUERY,CodeBuddyFuncs,SetReduceWidth,,Dot (Global),Both,moduleObjects,dot,CodeBuddyFuncs.SetReduceWidth,,ERR,否,,,文档转储命名空间：运行时不存在该全局,ERR,否,,,文档转储命名空间：运行时不存在该全局,,双端未见,文档转储（非运行时命名空间）,,
Q-CodeBuddyFuncsIsHotLoad,QUERY,CodeBuddyFuncs,IsHotLoad,,Dot (Global),Both,moduleObjects,dot,CodeBuddyFuncs.IsHotLoad,,ERR,否,,,文档转储命名空间：运行时不存在该全局,ERR,否,,,文档转储命名空间：运行时不存在该全局,,双端未见,文档转储（非运行时命名空间）,,
Q-CodeBuddyFuncsSetOffsetVal,QUERY,CodeBuddyFuncs,SetOffsetVal,,Dot (Global),Both,moduleObjects,dot,CodeBuddyFuncs.SetOffsetVal,,ERR,否,,,文档转储命名空间：运行时不存在该全局,ERR,否,,,文档转储命名空间：运行时不存在该全局,,双端未见,文档转储（非运行时命名空间）,,
Q-CodeBuddyFuncsIsTrackingMiddleMouseButton,QUERY,CodeBuddyFuncs,IsTrackingMiddleMouseButton,,Dot (Global),Both,moduleObjects,dot,CodeBuddyFuncs.IsTrackingMiddleMouseButton,,ERR,否,,,文档转储命名空间：运行时不存在该全局,ERR,否,,,文档转储命名空间：运行时不存在该全局,,双端未见,文档转储（非运行时命名空间）,,
Q-CodeBuddyFuncsHasTouchOver,QUERY,CodeBuddyFuncs,HasTouchOver,,Dot (Global),Both,moduleObjects,dot,CodeBuddyFuncs.HasTouchOver,,ERR,否,,,文档转储命名空间：运行时不存在该全局,ERR,否,,,文档转储命名空间：运行时不存在该全局,,双端未见,文档转储（非运行时命名空间）,,
Q-CodeBuddyFuncsCPP_GetButton,QUERY,CodeBuddyFuncs,CPP_GetButton,,Dot (Global),Both,moduleObjects,dot,CodeBuddyFuncs.CPP_GetButton,,ERR,否,,,文档转储命名空间：运行时不存在该全局,ERR,否,,,文档转储命名空间：运行时不存在该全局,,双端未见,文档转储（非运行时命名空间）,,
Q-CodeBuddyFuncsRegisterCharCallback,QUERY,CodeBuddyFuncs,RegisterCharCallback,,Dot (Global),Both,moduleObjects,dot,CodeBuddyFuncs.RegisterCharCallback,,ERR,否,,,文档转储命名空间：运行时不存在该全局,ERR,否,,,文档转储命名空间：运行时不存在该全局,,双端未见,文档转储（非运行时命名空间）,,
Q-CodeBuddyFuncsSetBorderStyle,QUERY,CodeBuddyFuncs,SetBorderStyle,,Dot (Global),Both,moduleObjects,dot,CodeBuddyFuncs.SetBorderStyle,,ERR,否,,,文档转储命名空间：运行时不存在该全局,ERR,否,,,文档转储命名空间：运行时不存在该全局,,双端未见,文档转储（非运行时命名空间）,,
Q-CodeBuddyFuncsSetVisState,QUERY,CodeBuddyFuncs,SetVisState,,Dot (Global),Both,moduleObjects,dot,CodeBuddyFuncs.SetVisState,,ERR,否,,,文档转储命名空间：运行时不存在该全局,ERR,否,,,文档转储命名空间：运行时不存在该全局,,双端未见,文档转储（非运行时命名空间）,,
Q-CodeBuddyFuncsGetMouseOverWorld,QUERY,CodeBuddyFuncs,GetMouseOverWorld,,Dot (Global),Both,moduleObjects,dot,CodeBuddyFuncs.GetMouseOverWorld,,ERR,否,,,文档转储命名空间：运行时不存在该全局,ERR,否,,,文档转储命名空间：运行时不存在该全局,,双端未见,文档转储（非运行时命名空间）,,
Q-CodeBuddyFuncsSetShowOnMouseOut,QUERY,CodeBuddyFuncs,SetShowOnMouseOut,,Dot (Global),Both,moduleObjects,dot,CodeBuddyFuncs.SetShowOnMouseOut,,ERR,否,,,文档转储命名空间：运行时不存在该全局,ERR,否,,,文档转储命名空间：运行时不存在该全局,,双端未见,文档转储（非运行时命名空间）,,
Q-CodeBuddyFuncsGetButtonIconText,QUERY,CodeBuddyFuncs,GetButtonIconText,,Dot (Global),Both,moduleObjects,dot,CodeBuddyFuncs.GetButtonIconText,,ERR,否,,,文档转储命名空间：运行时不存在该全局,ERR,否,,,文档转储命名空间：运行时不存在该全局,,双端未见,文档转储（非运行时命名空间）,,
Q-CodeBuddyFuncsSetEnableSpaceReplacement,QUERY,CodeBuddyFuncs,SetEnableSpaceReplacement,,Dot (Global),Both,moduleObjects,dot,CodeBuddyFuncs.SetEnableSpaceReplacement,,ERR,否,,,文档转储命名空间：运行时不存在该全局,ERR,否,,,文档转储命名空间：运行时不存在该全局,,双端未见,文档转储（非运行时命名空间）,,
Q-CodeBuddyFuncsSetScrollValue,QUERY,CodeBuddyFuncs,SetScrollValue,,Dot (Global),Both,moduleObjects,dot,CodeBuddyFuncs.SetScrollValue,,ERR,否,,,文档转储命名空间：运行时不存在该全局,ERR,否,,,文档转储命名空间：运行时不存在该全局,,双端未见,文档转储（非运行时命名空间）,,
Q-CodeBuddyFuncsSetTextureOffsetVal,QUERY,CodeBuddyFuncs,SetTextureOffsetVal,,Dot (Global),Both,moduleObjects,dot,CodeBuddyFuncs.SetTextureOffsetVal,,ERR,否,,,文档转储命名空间：运行时不存在该全局,ERR,否,,,文档转储命名空间：运行时不存在该全局,,双端未见,文档转储（非运行时命名空间）,,
Q-CodeBuddyFuncsGetToolTipDelay,QUERY,CodeBuddyFuncs,GetToolTipDelay,,Dot (Global),Both,moduleObjects,dot,CodeBuddyFuncs.GetToolTipDelay,,ERR,否,,,文档转储命名空间：运行时不存在该全局,ERR,否,,,文档转储命名空间：运行时不存在该全局,,双端未见,文档转储（非运行时命名空间）,,
Q-CodeBuddyFuncsGetNormalDeltaY,QUERY,CodeBuddyFuncs,GetNormalDeltaY,,Dot (Global),Both,moduleObjects,dot,CodeBuddyFuncs.GetNormalDeltaY,,ERR,否,,,文档转储命名空间：运行时不存在该全局,ERR,否,,,文档转储命名空间：运行时不存在该全局,,双端未见,文档转储（非运行时命名空间）,,
Q-CodeBuddyFuncsCPP_RegisterCallback,QUERY,CodeBuddyFuncs,CPP_RegisterCallback,,Dot (Global),Both,moduleObjects,dot,CodeBuddyFuncs.CPP_RegisterCallback,,ERR,否,,,文档转储命名空间：运行时不存在该全局,ERR,否,,,文档转储命名空间：运行时不存在该全局,,双端未见,文档转储（非运行时命名空间）,,
Q-CodeBuddyFuncsGetGrid,QUERY,CodeBuddyFuncs,GetGrid,,Dot (Global),Both,moduleObjects,dot,CodeBuddyFuncs.GetGrid,,ERR,否,,,文档转储命名空间：运行时不存在该全局,ERR,否,,,文档转储命名空间：运行时不存在该全局,,双端未见,文档转储（非运行时命名空间）,,
Q-CodeBuddyFuncsClearMouseOverCallback,QUERY,CodeBuddyFuncs,ClearMouseOverCallback,,Dot (Global),Both,moduleObjects,dot,CodeBuddyFuncs.ClearMouseOverCallback,,ERR,否,,,文档转储命名空间：运行时不存在该全局,ERR,否,,,文档转储命名空间：运行时不存在该全局,,双端未见,文档转储（非运行时命名空间）,,
Q-CodeBuddyFuncsGetMouseDX,QUERY,CodeBuddyFuncs,GetMouseDX,,Dot (Global),Both,moduleObjects,dot,CodeBuddyFuncs.GetMouseDX,,ERR,否,,,文档转储命名空间：运行时不存在该全局,ERR,否,,,文档转储命名空间：运行时不存在该全局,,双端未见,文档转储（非运行时命名空间）,,
Q-CodeBuddyFuncsShowYNumbers,QUERY,CodeBuddyFuncs,ShowYNumbers,,Dot (Global),Both,moduleObjects,dot,CodeBuddyFuncs.ShowYNumbers,,ERR,否,,,文档转储命名空间：运行时不存在该全局,ERR,否,,,文档转储命名空间：运行时不存在该全局,,双端未见,文档转储（非运行时命名空间）,,
Q-CodeBuddyFuncsGetScreenOffset,QUERY,CodeBuddyFuncs,GetScreenOffset,,Dot (Global),Both,moduleObjects,dot,CodeBuddyFuncs.GetScreenOffset,,ERR,否,,,文档转储命名空间：运行时不存在该全局,ERR,否,,,文档转储命名空间：运行时不存在该全局,,双端未见,文档转储（非运行时命名空间）,,
Q-CodeBuddyFuncsHighlightHexes,QUERY,CodeBuddyFuncs,HighlightHexes,,Dot (Global),Both,moduleObjects,dot,CodeBuddyFuncs.HighlightHexes,,ERR,否,,,文档转储命名空间：运行时不存在该全局,ERR,否,,,文档转储命名空间：运行时不存在该全局,,双端未见,文档转储（非运行时命名空间）,,
Q-CodeBuddyFuncsCPP_ClearCallback,QUERY,CodeBuddyFuncs,CPP_ClearCallback,,Dot (Global),Both,moduleObjects,dot,CodeBuddyFuncs.CPP_ClearCallback,,ERR,否,,,文档转储命名空间：运行时不存在该全局,ERR,否,,,文档转储命名空间：运行时不存在该全局,,双端未见,文档转储（非运行时命名空间）,,
Q-CodeBuddyFuncsSetToolTipCallback,QUERY,CodeBuddyFuncs,SetToolTipCallback,,Dot (Global),Both,moduleObjects,dot,CodeBuddyFuncs.SetToolTipCallback,,ERR,否,,,文档转储命名空间：运行时不存在该全局,ERR,否,,,文档转储命名空间：运行时不存在该全局,,双端未见,文档转储（非运行时命名空间）,,
Q-CodeBuddyFuncsStrategicView_SetReferenceMapAlpha,QUERY,CodeBuddyFuncs,StrategicView_SetReferenceMapAlpha,,Dot (Global),Both,moduleObjects,dot,CodeBuddyFuncs.StrategicView_SetReferenceMapAlpha,,ERR,否,,,文档转储命名空间：运行时不存在该全局,ERR,否,,,文档转储命名空间：运行时不存在该全局,,双端未见,文档转储（非运行时命名空间）,,
Q-CodeBuddyFuncsSetButtonIconText,QUERY,CodeBuddyFuncs,SetButtonIconText,,Dot (Global),Both,moduleObjects,dot,CodeBuddyFuncs.SetButtonIconText,,ERR,否,,,文档转储命名空间：运行时不存在该全局,ERR,否,,,文档转储命名空间：运行时不存在该全局,,双端未见,文档转储（非运行时命名空间）,,
Q-CodeBuddyFuncsSetAxisColor,QUERY,CodeBuddyFuncs,SetAxisColor,,Dot (Global),Both,moduleObjects,dot,CodeBuddyFuncs.SetAxisColor,,ERR,否,,,文档转储命名空间：运行时不存在该全局,ERR,否,,,文档转储命名空间：运行时不存在该全局,,双端未见,文档转储（非运行时命名空间）,,
Q-CodeBuddyFuncsPauseAllEffects,QUERY,CodeBuddyFuncs,PauseAllEffects,,Dot (Global),Both,moduleObjects,dot,CodeBuddyFuncs.PauseAllEffects,,ERR,否,,,文档转储命名空间：运行时不存在该全局,ERR,否,,,文档转储命名空间：运行时不存在该全局,,双端未见,文档转储（非运行时命名空间）,,
Q-CodeBuddyFuncsRegisterWhenShown,QUERY,CodeBuddyFuncs,RegisterWhenShown,,Dot (Global),Both,moduleObjects,dot,CodeBuddyFuncs.RegisterWhenShown,,ERR,否,,,文档转储命名空间：运行时不存在该全局,ERR,否,,,文档转储命名空间：运行时不存在该全局,,双端未见,文档转储（非运行时命名空间）,,
Q-CodeBuddyFuncsSetDomain,QUERY,CodeBuddyFuncs,SetDomain,,Dot (Global),Both,moduleObjects,dot,CodeBuddyFuncs.SetDomain,,ERR,否,,,文档转储命名空间：运行时不存在该全局,ERR,否,,,文档转储命名空间：运行时不存在该全局,,双端未见,文档转储（非运行时命名空间）,,
Q-CodeBuddyFuncsCreateTextArc,QUERY,CodeBuddyFuncs,CreateTextArc,,Dot (Global),Both,moduleObjects,dot,CodeBuddyFuncs.CreateTextArc,,ERR,否,,,文档转储命名空间：运行时不存在该全局,ERR,否,,,文档转储命名空间：运行时不存在该全局,,双端未见,文档转储（非运行时命名空间）,,
Q-CodeBuddyFuncsReprocessAnchoring,QUERY,CodeBuddyFuncs,ReprocessAnchoring,,Dot (Global),Both,moduleObjects,dot,CodeBuddyFuncs.ReprocessAnchoring,,ERR,否,,,文档转储命名空间：运行时不存在该全局,ERR,否,,,文档转储命名空间：运行时不存在该全局,,双端未见,文档转储（非运行时命名空间）,,
Q-CodeBuddyFuncsReleaseChild,QUERY,CodeBuddyFuncs,ReleaseChild,,Dot (Global),Both,moduleObjects,dot,CodeBuddyFuncs.ReleaseChild,,ERR,否,,,文档转储命名空间：运行时不存在该全局,ERR,否,,,文档转储命名空间：运行时不存在该全局,,双端未见,文档转储（非运行时命名空间）,,
Q-CodeBuddyFuncsGetStickY,QUERY,CodeBuddyFuncs,GetStickY,,Dot (Global),Both,moduleObjects,dot,CodeBuddyFuncs.GetStickY,,ERR,否,,,文档转储命名空间：运行时不存在该全局,ERR,否,,,文档转储命名空间：运行时不存在该全局,,双端未见,文档转储（非运行时命名空间）,,
Q-CodeBuddyFuncsRequestReloadUI,QUERY,CodeBuddyFuncs,RequestReloadUI,,Dot (Global),Both,moduleObjects,dot,CodeBuddyFuncs.RequestReloadUI,,ERR,否,,,文档转储命名空间：运行时不存在该全局,ERR,否,,,文档转储命名空间：运行时不存在该全局,,双端未见,文档转储（非运行时命名空间）,,
Q-CodeBuddyFuncsSetEndPauseTime,QUERY,CodeBuddyFuncs,SetEndPauseTime,,Dot (Global),Both,moduleObjects,dot,CodeBuddyFuncs.SetEndPauseTime,,ERR,否,,,文档转储命名空间：运行时不存在该全局,ERR,否,,,文档转储命名空间：运行时不存在该全局,,双端未见,文档转储（非运行时命名空间）,,
Q-CodeBuddyFuncsSetEntrySelected,QUERY,CodeBuddyFuncs,SetEntrySelected,,Dot (Global),Both,moduleObjects,dot,CodeBuddyFuncs.SetEntrySelected,,ERR,否,,,文档转储命名空间：运行时不存在该全局,ERR,否,,,文档转储命名空间：运行时不存在该全局,,双端未见,文档转储（非运行时命名空间）,,
Q-CodeBuddyFuncsGetRatio,QUERY,CodeBuddyFuncs,GetRatio,,Dot (Global),Both,moduleObjects,dot,CodeBuddyFuncs.GetRatio,,ERR,否,,,文档转储命名空间：运行时不存在该全局,ERR,否,,,文档转储命名空间：运行时不存在该全局,,双端未见,文档转储（非运行时命名空间）,,
Q-CodeBuddyFuncsSetFontFamily,QUERY,CodeBuddyFuncs,SetFontFamily,,Dot (Global),Both,moduleObjects,dot,CodeBuddyFuncs.SetFontFamily,,ERR,否,,,文档转储命名空间：运行时不存在该全局,ERR,否,,,文档转储命名空间：运行时不存在该全局,,双端未见,文档转储（非运行时命名空间）,,
Q-CodeBuddyFuncsClearRefreshHandler,QUERY,CodeBuddyFuncs,ClearRefreshHandler,,Dot (Global),Both,moduleObjects,dot,CodeBuddyFuncs.ClearRefreshHandler,,ERR,否,,,文档转储命名空间：运行时不存在该全局,ERR,否,,,文档转储命名空间：运行时不存在该全局,,双端未见,文档转储（非运行时命名空间）,,
Q-CodeBuddyFuncsIsInAnyGesture,QUERY,CodeBuddyFuncs,IsInAnyGesture,,Dot (Global),Both,moduleObjects,dot,CodeBuddyFuncs.IsInAnyGesture,,ERR,否,,,文档转储命名空间：运行时不存在该全局,ERR,否,,,文档转储命名空间：运行时不存在该全局,,双端未见,文档转储（非运行时命名空间）,,
Q-CodeBuddyFuncsPlay,QUERY,CodeBuddyFuncs,Play,,Dot (Global),Both,moduleObjects,dot,CodeBuddyFuncs.Play,,ERR,否,,,文档转储命名空间：运行时不存在该全局,ERR,否,,,文档转储命名空间：运行时不存在该全局,,双端未见,文档转储（非运行时命名空间）,,
Q-CodeBuddyFuncsGetTouchPointMaxDeltaFromStart,QUERY,CodeBuddyFuncs,GetTouchPointMaxDeltaFromStart,,Dot (Global),Both,moduleObjects,dot,CodeBuddyFuncs.GetTouchPointMaxDeltaFromStart,,ERR,否,,,文档转储命名空间：运行时不存在该全局,ERR,否,,,文档转储命名空间：运行时不存在该全局,,双端未见,文档转储（非运行时命名空间）,,
Q-CodeBuddyFuncsGetProgress,QUERY,CodeBuddyFuncs,GetProgress,,Dot (Global),Both,moduleObjects,dot,CodeBuddyFuncs.GetProgress,,ERR,否,,,文档转储命名空间：运行时不存在该全局,ERR,否,,,文档转储命名空间：运行时不存在该全局,,双端未见,文档转储（非运行时命名空间）,,
Q-CodeBuddyFuncsSetCheckColor,QUERY,CodeBuddyFuncs,SetCheckColor,,Dot (Global),Both,moduleObjects,dot,CodeBuddyFuncs.SetCheckColor,,ERR,否,,,文档转储命名空间：运行时不存在该全局,ERR,否,,,文档转储命名空间：运行时不存在该全局,,双端未见,文档转储（非运行时命名空间）,,
Q-CodeBuddyFuncsGetConsumeMouseOver,QUERY,CodeBuddyFuncs,GetConsumeMouseOver,,Dot (Global),Both,moduleObjects,dot,CodeBuddyFuncs.GetConsumeMouseOver,,ERR,否,,,文档转储命名空间：运行时不存在该全局,ERR,否,,,文档转储命名空间：运行时不存在该全局,,双端未见,文档转储（非运行时命名空间）,,
Q-CodeBuddyFuncsHideAll,QUERY,CodeBuddyFuncs,HideAll,,Dot (Global),Both,moduleObjects,dot,CodeBuddyFuncs.HideAll,,ERR,否,,,文档转储命名空间：运行时不存在该全局,ERR,否,,,文档转储命名空间：运行时不存在该全局,,双端未见,文档转储（非运行时命名空间）,,
Q-CodeBuddyFuncsClearEndCallback,QUERY,CodeBuddyFuncs,ClearEndCallback,,Dot (Global),Both,moduleObjects,dot,CodeBuddyFuncs.ClearEndCallback,,ERR,否,,,文档转储命名空间：运行时不存在该全局,ERR,否,,,文档转储命名空间：运行时不存在该全局,,双端未见,文档转储（非运行时命名空间）,,
Q-CodeBuddyFuncsSetFollow,QUERY,CodeBuddyFuncs,SetFollow,,Dot (Global),Both,moduleObjects,dot,CodeBuddyFuncs.SetFollow,,ERR,否,,,文档转储命名空间：运行时不存在该全局,ERR,否,,,文档转储命名空间：运行时不存在该全局,,双端未见,文档转储（非运行时命名空间）,,
Q-CodeBuddyFuncsIsControlDown,QUERY,CodeBuddyFuncs,IsControlDown,,Dot (Global),Both,moduleObjects,dot,CodeBuddyFuncs.IsControlDown,,ERR,否,,,文档转储命名空间：运行时不存在该全局,ERR,否,,,文档转储命名空间：运行时不存在该全局,,双端未见,文档转储（非运行时命名空间）,,
Q-CodeBuddyFuncsIsModal_alt,QUERY,CodeBuddyFuncs,IsModal_alt,,Dot (Global),Both,moduleObjects,dot,CodeBuddyFuncs.IsModal_alt,,ERR,否,,,文档转储命名空间：运行时不存在该全局,ERR,否,,,文档转储命名空间：运行时不存在该全局,,双端未见,文档转储（非运行时命名空间）,,
Q-CodeBuddyFuncsClearUpdate,QUERY,CodeBuddyFuncs,ClearUpdate,,Dot (Global),Both,moduleObjects,dot,CodeBuddyFuncs.ClearUpdate,,ERR,否,,,文档转储命名空间：运行时不存在该全局,ERR,否,,,文档转储命名空间：运行时不存在该全局,,双端未见,文档转储（非运行时命名空间）,,
Q-CodeBuddyFuncsSetIcon,QUERY,CodeBuddyFuncs,SetIcon,,Dot (Global),Both,moduleObjects,dot,CodeBuddyFuncs.SetIcon,,ERR,否,,,文档转储命名空间：运行时不存在该全局,ERR,否,,,文档转储命名空间：运行时不存在该全局,,双端未见,文档转储（非运行时命名空间）,,
Q-CodeBuddyFuncsTakeFocus,QUERY,CodeBuddyFuncs,TakeFocus,,Dot (Global),Both,moduleObjects,dot,CodeBuddyFuncs.TakeFocus,,ERR,否,,,文档转储命名空间：运行时不存在该全局,ERR,否,,,文档转储命名空间：运行时不存在该全局,,双端未见,文档转储（非运行时命名空间）,,
Q-CodeBuddyFuncsGetTouchID,QUERY,CodeBuddyFuncs,GetTouchID,,Dot (Global),Both,moduleObjects,dot,CodeBuddyFuncs.GetTouchID,,ERR,否,,,文档转储命名空间：运行时不存在该全局,ERR,否,,,文档转储命名空间：运行时不存在该全局,,双端未见,文档转储（非运行时命名空间）,,
Q-CodeBuddyFuncsSetCheckTextureSizeVal,QUERY,CodeBuddyFuncs,SetCheckTextureSizeVal,,Dot (Global),Both,moduleObjects,dot,CodeBuddyFuncs.SetCheckTextureSizeVal,,ERR,否,,,文档转储命名空间：运行时不存在该全局,ERR,否,,,文档转储命名空间：运行时不存在该全局,,双端未见,文档转储（非运行时命名空间）,,
Q-CodeBuddyFuncsGetBestOverlappingControl,QUERY,CodeBuddyFuncs,GetBestOverlappingControl,,Dot (Global),Both,moduleObjects,dot,CodeBuddyFuncs.GetBestOverlappingControl,,ERR,否,,,文档转储命名空间：运行时不存在该全局,ERR,否,,,文档转储命名空间：运行时不存在该全局,,双端未见,文档转储（非运行时命名空间）,,
Q-CodeBuddyFuncsSetOffsetX,QUERY,CodeBuddyFuncs,SetOffsetX,,Dot (Global),Both,moduleObjects,dot,CodeBuddyFuncs.SetOffsetX,,ERR,否,,,文档转储命名空间：运行时不存在该全局,ERR,否,,,文档转储命名空间：运行时不存在该全局,,双端未见,文档转储（非运行时命名空间）,,
Q-CodeBuddyFuncsSetVisible,QUERY,CodeBuddyFuncs,SetVisible,,Dot (Global),Both,moduleObjects,dot,CodeBuddyFuncs.SetVisible,,ERR,否,,,文档转储命名空间：运行时不存在该全局,ERR,否,,,文档转储命名空间：运行时不存在该全局,,双端未见,文档转储（非运行时命名空间）,,
Q-CodeBuddyFuncsSetChannelOff,QUERY,CodeBuddyFuncs,SetChannelOff,,Dot (Global),Both,moduleObjects,dot,CodeBuddyFuncs.SetChannelOff,,ERR,否,,,文档转储命名空间：运行时不存在该全局,ERR,否,,,文档转储命名空间：运行时不存在该全局,,双端未见,文档转储（非运行时命名空间）,,
Q-CodeBuddyFuncsGetSelectedTabID,QUERY,CodeBuddyFuncs,GetSelectedTabID,,Dot (Global),Both,moduleObjects,dot,CodeBuddyFuncs.GetSelectedTabID,,ERR,否,,,文档转储命名空间：运行时不存在该全局,ERR,否,,,文档转储命名空间：运行时不存在该全局,,双端未见,文档转储（非运行时命名空间）,,
Q-CodeBuddyFuncsSetColorByName,QUERY,CodeBuddyFuncs,SetColorByName,,Dot (Global),Both,moduleObjects,dot,CodeBuddyFuncs.SetColorByName,,ERR,否,,,文档转储命名空间：运行时不存在该全局,ERR,否,,,文档转储命名空间：运行时不存在该全局,,双端未见,文档转储（非运行时命名空间）,,
Q-CodeBuddyFuncsDoAutoSize,QUERY,CodeBuddyFuncs,DoAutoSize,,Dot (Global),Both,moduleObjects,dot,CodeBuddyFuncs.DoAutoSize,,ERR,否,,,文档转储命名空间：运行时不存在该全局,ERR,否,,,文档转储命名空间：运行时不存在该全局,,双端未见,文档转储（非运行时命名空间）,,
Q-CodeBuddyFuncsCreateDataSet,QUERY,CodeBuddyFuncs,CreateDataSet,,Dot (Global),Both,moduleObjects,dot,CodeBuddyFuncs.CreateDataSet,,ERR,否,,,文档转储命名空间：运行时不存在该全局,ERR,否,,,文档转储命名空间：运行时不存在该全局,,双端未见,文档转储（非运行时命名空间）,,
Q-CodeBuddyFuncsDeleteDataSet,QUERY,CodeBuddyFuncs,DeleteDataSet,,Dot (Global),Both,moduleObjects,dot,CodeBuddyFuncs.DeleteDataSet,,ERR,否,,,文档转储命名空间：运行时不存在该全局,ERR,否,,,文档转储命名空间：运行时不存在该全局,,双端未见,文档转储（非运行时命名空间）,,
Q-CodeBuddyFuncsGetMaxCharacters,QUERY,CodeBuddyFuncs,GetMaxCharacters,,Dot (Global),Both,moduleObjects,dot,CodeBuddyFuncs.GetMaxCharacters,,ERR,否,,,文档转储命名空间：运行时不存在该全局,ERR,否,,,文档转储命名空间：运行时不存在该全局,,双端未见,文档转储（非运行时命名空间）,,
Q-CodeBuddyFuncsGetControlUnderMouse,QUERY,CodeBuddyFuncs,GetControlUnderMouse,,Dot (Global),Both,moduleObjects,dot,CodeBuddyFuncs.GetControlUnderMouse,,ERR,否,,,文档转储命名空间：运行时不存在该全局,ERR,否,,,文档转储命名空间：运行时不存在该全局,,双端未见,文档转储（非运行时命名空间）,,
Q-CodeBuddyFuncsAddVertex,QUERY,CodeBuddyFuncs,AddVertex,,Dot (Global),Both,moduleObjects,dot,CodeBuddyFuncs.AddVertex,,ERR,否,,,文档转储命名空间：运行时不存在该全局,ERR,否,,,文档转储命名空间：运行时不存在该全局,,双端未见,文档转储（非运行时命名空间）,,
Q-CodeBuddyFuncsSetBGColor,QUERY,CodeBuddyFuncs,SetBGColor,,Dot (Global),Both,moduleObjects,dot,CodeBuddyFuncs.SetBGColor,,ERR,否,,,文档转储命名空间：运行时不存在该全局,ERR,否,,,文档转储命名空间：运行时不存在该全局,,双端未见,文档转储（非运行时命名空间）,,
Q-CodeBuddyFuncsGetStep,QUERY,CodeBuddyFuncs,GetStep,,Dot (Global),Both,moduleObjects,dot,CodeBuddyFuncs.GetStep,,ERR,否,,,文档转储命名空间：运行时不存在该全局,ERR,否,,,文档转储命名空间：运行时不存在该全局,,双端未见,文档转储（非运行时命名空间）,,
Q-CodeBuddyFuncsSetWorldStartVal,QUERY,CodeBuddyFuncs,SetWorldStartVal,,Dot (Global),Both,moduleObjects,dot,CodeBuddyFuncs.SetWorldStartVal,,ERR,否,,,文档转储命名空间：运行时不存在该全局,ERR,否,,,文档转储命名空间：运行时不存在该全局,,双端未见,文档转储（非运行时命名空间）,,
Q-CodeBuddyFuncsClearContextParameters,QUERY,CodeBuddyFuncs,ClearContextParameters,,Dot (Global),Both,moduleObjects,dot,CodeBuddyFuncs.ClearContextParameters,,ERR,否,,,文档转储命名空间：运行时不存在该全局,ERR,否,,,文档转储命名空间：运行时不存在该全局,,双端未见,文档转储（非运行时命名空间）,,
Q-CodeBuddyFuncsSetEntries_alt,QUERY,CodeBuddyFuncs,SetEntries_alt,,Dot (Global),Both,moduleObjects,dot,CodeBuddyFuncs.SetEntries_alt,,ERR,否,,,文档转储命名空间：运行时不存在该全局,ERR,否,,,文档转储命名空间：运行时不存在该全局,,双端未见,文档转储（非运行时命名空间）,,
Q-CodeBuddyFuncsClearPlotChannel,QUERY,CodeBuddyFuncs,ClearPlotChannel,,Dot (Global),Both,moduleObjects,dot,CodeBuddyFuncs.ClearPlotChannel,,ERR,否,,,文档转储命名空间：运行时不存在该全局,ERR,否,,,文档转储命名空间：运行时不存在该全局,,双端未见,文档转储（非运行时命名空间）,,
Q-CodeBuddyFuncsSetWorldPositionOffsetVal,QUERY,CodeBuddyFuncs,SetWorldPositionOffsetVal,,Dot (Global),Both,moduleObjects,dot,CodeBuddyFuncs.SetWorldPositionOffsetVal,,ERR,否,,,文档转储命名空间：运行时不存在该全局,ERR,否,,,文档转储命名空间：运行时不存在该全局,,双端未见,文档转储（非运行时命名空间）,,
Q-CodeBuddyFuncsC_SetTexture,QUERY,CodeBuddyFuncs,C_SetTexture,,Dot (Global),Both,moduleObjects,dot,CodeBuddyFuncs.C_SetTexture,,ERR,否,,,文档转储命名空间：运行时不存在该全局,ERR,否,,,文档转储命名空间：运行时不存在该全局,,双端未见,文档转储（非运行时命名空间）,,
Q-CodeBuddyFuncsGetMousePos,QUERY,CodeBuddyFuncs,GetMousePos,,Dot (Global),Both,moduleObjects,dot,CodeBuddyFuncs.GetMousePos,,ERR,否,,,文档转储命名空间：运行时不存在该全局,ERR,否,,,文档转储命名空间：运行时不存在该全局,,双端未见,文档转储（非运行时命名空间）,,
Q-CodeBuddyFuncsClearHexes,QUERY,CodeBuddyFuncs,ClearHexes,,Dot (Global),Both,moduleObjects,dot,CodeBuddyFuncs.ClearHexes,,ERR,否,,,文档转储命名空间：运行时不存在该全局,ERR,否,,,文档转储命名空间：运行时不存在该全局,,双端未见,文档转储（非运行时命名空间）,,
Q-CodeBuddyFuncsPushModal,QUERY,CodeBuddyFuncs,PushModal,,Dot (Global),Both,moduleObjects,dot,CodeBuddyFuncs.PushModal,,ERR,否,,,文档转储命名空间：运行时不存在该全局,ERR,否,,,文档转储命名空间：运行时不存在该全局,,双端未见,文档转储（非运行时命名空间）,,
Q-CodeBuddyFuncsCPP_RegisterCallback_alt,QUERY,CodeBuddyFuncs,CPP_RegisterCallback_alt,,Dot (Global),Both,moduleObjects,dot,CodeBuddyFuncs.CPP_RegisterCallback_alt,,ERR,否,,,文档转储命名空间：运行时不存在该全局,ERR,否,,,文档转储命名空间：运行时不存在该全局,,双端未见,文档转储（非运行时命名空间）,,
Q-CodeBuddyFuncsClearAnimCallback,QUERY,CodeBuddyFuncs,ClearAnimCallback,,Dot (Global),Both,moduleObjects,dot,CodeBuddyFuncs.ClearAnimCallback,,ERR,否,,,文档转储命名空间：运行时不存在该全局,ERR,否,,,文档转储命名空间：运行时不存在该全局,,双端未见,文档转储（非运行时命名空间）,,
Q-CodeBuddyFuncsClearPlotsByChannel,QUERY,CodeBuddyFuncs,ClearPlotsByChannel,,Dot (Global),Both,moduleObjects,dot,CodeBuddyFuncs.ClearPlotsByChannel,,ERR,否,,,文档转储命名空间：运行时不存在该全局,ERR,否,,,文档转储命名空间：运行时不存在该全局,,双端未见,文档转储（非运行时命名空间）,,
Q-CodeBuddyFuncsRegisterOpenToggleCallback,QUERY,CodeBuddyFuncs,RegisterOpenToggleCallback,,Dot (Global),Both,moduleObjects,dot,CodeBuddyFuncs.RegisterOpenToggleCallback,,ERR,否,,,文档转储命名空间：运行时不存在该全局,ERR,否,,,文档转储命名空间：运行时不存在该全局,,双端未见,文档转储（非运行时命名空间）,,
Q-CodeBuddyFuncsCPP_SetText,QUERY,CodeBuddyFuncs,CPP_SetText,,Dot (Global),Both,moduleObjects,dot,CodeBuddyFuncs.CPP_SetText,,ERR,否,,,文档转储命名空间：运行时不存在该全局,ERR,否,,,文档转储命名空间：运行时不存在该全局,,双端未见,文档转储（非运行时命名空间）,,
Q-CodeBuddyFuncsIsPopupQueueDisabled,QUERY,CodeBuddyFuncs,IsPopupQueueDisabled,,Dot (Global),Both,moduleObjects,dot,CodeBuddyFuncs.IsPopupQueueDisabled,,ERR,否,,,文档转储命名空间：运行时不存在该全局,ERR,否,,,文档转储命名空间：运行时不存在该全局,,双端未见,文档转储（非运行时命名空间）,,
Q-CodeBuddyFuncsEnableTooltipAtPos,QUERY,CodeBuddyFuncs,EnableTooltipAtPos,,Dot (Global),Both,moduleObjects,dot,CodeBuddyFuncs.EnableTooltipAtPos,,ERR,否,,,文档转储命名空间：运行时不存在该全局,ERR,否,,,文档转储命名空间：运行时不存在该全局,,双端未见,文档转储（非运行时命名空间）,,
Q-CodeBuddyFuncsSetNumberInput,QUERY,CodeBuddyFuncs,SetNumberInput,,Dot (Global),Both,moduleObjects,dot,CodeBuddyFuncs.SetNumberInput,,ERR,否,,,文档转储命名空间：运行时不存在该全局,ERR,否,,,文档转储命名空间：运行时不存在该全局,,双端未见,文档转储（非运行时命名空间）,,
Q-CodeBuddyFuncsTrySetIcon,QUERY,CodeBuddyFuncs,TrySetIcon,,Dot (Global),Both,moduleObjects,dot,CodeBuddyFuncs.TrySetIcon,,ERR,否,,,文档转储命名空间：运行时不存在该全局,ERR,否,,,文档转储命名空间：运行时不存在该全局,,双端未见,文档转储（非运行时命名空间）,,
Q-CodeBuddyFuncsGetParentRelativeSizeVal,QUERY,CodeBuddyFuncs,GetParentRelativeSizeVal,,Dot (Global),Both,moduleObjects,dot,CodeBuddyFuncs.GetParentRelativeSizeVal,,ERR,否,,,文档转储命名空间：运行时不存在该全局,ERR,否,,,文档转储命名空间：运行时不存在该全局,,双端未见,文档转储（非运行时命名空间）,,
Q-CodeBuddyFuncsSetMaskTexture,QUERY,CodeBuddyFuncs,SetMaskTexture,,Dot (Global),Both,moduleObjects,dot,CodeBuddyFuncs.SetMaskTexture,,ERR,否,,,文档转储命名空间：运行时不存在该全局,ERR,否,,,文档转储命名空间：运行时不存在该全局,,双端未见,文档转储（非运行时命名空间）,,
Q-CodeBuddyFuncsStartDrag,QUERY,CodeBuddyFuncs,StartDrag,,Dot (Global),Both,moduleObjects,dot,CodeBuddyFuncs.StartDrag,,ERR,否,,,文档转储命名空间：运行时不存在该全局,ERR,否,,,文档转储命名空间：运行时不存在该全局,,双端未见,文档转储（非运行时命名空间）,,
Q-CodeBuddyFuncsShowXNumbers,QUERY,CodeBuddyFuncs,ShowXNumbers,,Dot (Global),Both,moduleObjects,dot,CodeBuddyFuncs.ShowXNumbers,,ERR,否,,,文档转储命名空间：运行时不存在该全局,ERR,否,,,文档转储命名空间：运行时不存在该全局,,双端未见,文档转储（非运行时命名空间）,,
Q-CodeBuddyFuncsRegisterTextureChanged,QUERY,CodeBuddyFuncs,RegisterTextureChanged,,Dot (Global),Both,moduleObjects,dot,CodeBuddyFuncs.RegisterTextureChanged,,ERR,否,,,文档转储命名空间：运行时不存在该全局,ERR,否,,,文档转储命名空间：运行时不存在该全局,,双端未见,文档转储（非运行时命名空间）,,
Q-CodeBuddyFuncsChangeParent,QUERY,CodeBuddyFuncs,ChangeParent,,Dot (Global),Both,moduleObjects,dot,CodeBuddyFuncs.ChangeParent,,ERR,否,,,文档转储命名空间：运行时不存在该全局,ERR,否,,,文档转储命名空间：运行时不存在该全局,,双端未见,文档转储（非运行时命名空间）,,
Q-CodeBuddyFuncsClearEntries,QUERY,CodeBuddyFuncs,ClearEntries,,Dot (Global),Both,moduleObjects,dot,CodeBuddyFuncs.ClearEntries,,ERR,否,,,文档转储命名空间：运行时不存在该全局,ERR,否,,,文档转储命名空间：运行时不存在该全局,,双端未见,文档转储（非运行时命名空间）,,
Q-CodeBuddyFuncsGetNormalizedMousePos,QUERY,CodeBuddyFuncs,GetNormalizedMousePos,,Dot (Global),Both,moduleObjects,dot,CodeBuddyFuncs.GetNormalizedMousePos,,ERR,否,,,文档转储命名空间：运行时不存在该全局,ERR,否,,,文档转储命名空间：运行时不存在该全局,,双端未见,文档转储（非运行时命名空间）,,
Q-CodeBuddyFuncsBreakLine,QUERY,CodeBuddyFuncs,BreakLine,,Dot (Global),Both,moduleObjects,dot,CodeBuddyFuncs.BreakLine,,ERR,否,,,文档转储命名空间：运行时不存在该全局,ERR,否,,,文档转储命名空间：运行时不存在该全局,,双端未见,文档转储（非运行时命名空间）,,
Q-CodeBuddyFuncsCreateRegionText,QUERY,CodeBuddyFuncs,CreateRegionText,,Dot (Global),Both,moduleObjects,dot,CodeBuddyFuncs.CreateRegionText,,ERR,否,,,文档转储命名空间：运行时不存在该全局,ERR,否,,,文档转储命名空间：运行时不存在该全局,,双端未见,文档转储（非运行时命名空间）,,
Q-CodeBuddyFuncsAddChildAtIndex,QUERY,CodeBuddyFuncs,AddChildAtIndex,,Dot (Global),Both,moduleObjects,dot,CodeBuddyFuncs.AddChildAtIndex,,ERR,否,,,文档转储命名空间：运行时不存在该全局,ERR,否,,,文档转储命名空间：运行时不存在该全局,,双端未见,文档转储（非运行时命名空间）,,
Q-CodeBuddyFuncsDestroyChild,QUERY,CodeBuddyFuncs,DestroyChild,,Dot (Global),Both,moduleObjects,dot,CodeBuddyFuncs.DestroyChild,,ERR,否,,,文档转储命名空间：运行时不存在该全局,ERR,否,,,文档转储命名空间：运行时不存在该全局,,双端未见,文档转储（非运行时命名空间）,,
Q-CodeBuddyFuncsSendTooltipRefreshMessage,QUERY,CodeBuddyFuncs,SendTooltipRefreshMessage,,Dot (Global),Both,moduleObjects,dot,CodeBuddyFuncs.SendTooltipRefreshMessage,,ERR,否,,,文档转储命名空间：运行时不存在该全局,ERR,否,,,文档转储命名空间：运行时不存在该全局,,双端未见,文档转储（非运行时命名空间）,,
Q-CodeBuddyFuncsSetAnchor,QUERY,CodeBuddyFuncs,SetAnchor,,Dot (Global),Both,moduleObjects,dot,CodeBuddyFuncs.SetAnchor,,ERR,否,,,文档转储命名空间：运行时不存在该全局,ERR,否,,,文档转储命名空间：运行时不存在该全局,,双端未见,文档转储（非运行时命名空间）,,
Q-CodeBuddyFuncsIsExtendedFont,QUERY,CodeBuddyFuncs,IsExtendedFont,,Dot (Global),Both,moduleObjects,dot,CodeBuddyFuncs.IsExtendedFont,,ERR,否,,,文档转储命名空间：运行时不存在该全局,ERR,否,,,文档转储命名空间：运行时不存在该全局,,双端未见,文档转储（非运行时命名空间）,,
Q-CodeBuddyFuncsReceiveCallbacksIfDisabled,QUERY,CodeBuddyFuncs,ReceiveCallbacksIfDisabled,,Dot (Global),Both,moduleObjects,dot,CodeBuddyFuncs.ReceiveCallbacksIfDisabled,,ERR,否,,,文档转储命名空间：运行时不存在该全局,ERR,否,,,文档转储命名空间：运行时不存在该全局,,双端未见,文档转储（非运行时命名空间）,,
Q-CodeBuddyFuncsGetWheel,QUERY,CodeBuddyFuncs,GetWheel,,Dot (Global),Both,moduleObjects,dot,CodeBuddyFuncs.GetWheel,,ERR,否,,,文档转储命名空间：运行时不存在该全局,ERR,否,,,文档转储命名空间：运行时不存在该全局,,双端未见,文档转储（非运行时命名空间）,,
Q-CodeBuddyFuncsClearMouseEnterCallback,QUERY,CodeBuddyFuncs,ClearMouseEnterCallback,,Dot (Global),Both,moduleObjects,dot,CodeBuddyFuncs.ClearMouseEnterCallback,,ERR,否,,,文档转储命名空间：运行时不存在该全局,ERR,否,,,文档转储命名空间：运行时不存在该全局,,双端未见,文档转储（非运行时命名空间）,,
Q-CodeBuddyFuncsRemoveControlToAlwaysReceiveInput,QUERY,CodeBuddyFuncs,RemoveControlToAlwaysReceiveInput,,Dot (Global),Both,moduleObjects,dot,CodeBuddyFuncs.RemoveControlToAlwaysReceiveInput,,ERR,否,,,文档转储命名空间：运行时不存在该全局,ERR,否,,,文档转储命名空间：运行时不存在该全局,,双端未见,文档转储（非运行时命名空间）,,
Q-CodeBuddyFuncsGetLayout,QUERY,CodeBuddyFuncs,GetLayout,,Dot (Global),Both,moduleObjects,dot,CodeBuddyFuncs.GetLayout,,ERR,否,,,文档转储命名空间：运行时不存在该全局,ERR,否,,,文档转储命名空间：运行时不存在该全局,,双端未见,文档转储（非运行时命名空间）,,
Q-CodeBuddyFuncsEnableTouchScrolling,QUERY,CodeBuddyFuncs,EnableTouchScrolling,,Dot (Global),Both,moduleObjects,dot,CodeBuddyFuncs.EnableTouchScrolling,,ERR,否,,,文档转储命名空间：运行时不存在该全局,ERR,否,,,文档转储命名空间：运行时不存在该全局,,双端未见,文档转储（非运行时命名空间）,,
Q-CodeBuddyFuncsGetRows,QUERY,CodeBuddyFuncs,GetRows,,Dot (Global),Both,moduleObjects,dot,CodeBuddyFuncs.GetRows,,ERR,否,,,文档转储命名空间：运行时不存在该全局,ERR,否,,,文档转储命名空间：运行时不存在该全局,,双端未见,文档转储（非运行时命名空间）,,
Q-CodeBuddyFuncsSetNumSteps,QUERY,CodeBuddyFuncs,SetNumSteps,,Dot (Global),Both,moduleObjects,dot,CodeBuddyFuncs.SetNumSteps,,ERR,否,,,文档转储命名空间：运行时不存在该全局,ERR,否,,,文档转储命名空间：运行时不存在该全局,,双端未见,文档转储（非运行时命名空间）,,
Q-CodeBuddyFuncsSetFocus,QUERY,CodeBuddyFuncs,SetFocus,,Dot (Global),Both,moduleObjects,dot,CodeBuddyFuncs.SetFocus,,ERR,否,,,文档转储命名空间：运行时不存在该全局,ERR,否,,,文档转储命名空间：运行时不存在该全局,,双端未见,文档转储（非运行时命名空间）,,
Q-CodeBuddyFuncsRegisterUpEndCallback,QUERY,CodeBuddyFuncs,RegisterUpEndCallback,,Dot (Global),Both,moduleObjects,dot,CodeBuddyFuncs.RegisterUpEndCallback,,ERR,否,,,文档转储命名空间：运行时不存在该全局,ERR,否,,,文档转储命名空间：运行时不存在该全局,,双端未见,文档转储（非运行时命名空间）,,
Q-CodeBuddyFuncsRegisterDownEndCallback,QUERY,CodeBuddyFuncs,RegisterDownEndCallback,,Dot (Global),Both,moduleObjects,dot,CodeBuddyFuncs.RegisterDownEndCallback,,ERR,否,,,文档转储命名空间：运行时不存在该全局,ERR,否,,,文档转储命名空间：运行时不存在该全局,,双端未见,文档转储（非运行时命名空间）,,
Q-CodeBuddyFuncsC_GetButton,QUERY,CodeBuddyFuncs,C_GetButton,,Dot (Global),Both,moduleObjects,dot,CodeBuddyFuncs.C_GetButton,,ERR,否,,,文档转储命名空间：运行时不存在该全局,ERR,否,,,文档转储命名空间：运行时不存在该全局,,双端未见,文档转储（非运行时命名空间）,,
Q-CodeBuddyFuncsIsTopOfPopupQueue,QUERY,CodeBuddyFuncs,IsTopOfPopupQueue,,Dot (Global),Both,moduleObjects,dot,CodeBuddyFuncs.IsTopOfPopupQueue,,ERR,否,,,文档转储命名空间：运行时不存在该全局,ERR,否,,,文档转储命名空间：运行时不存在该全局,,双端未见,文档转储（非运行时命名空间）,,
Q-CodeBuddyFuncsIsLButtonDown,QUERY,CodeBuddyFuncs,IsLButtonDown,,Dot (Global),Both,moduleObjects,dot,CodeBuddyFuncs.IsLButtonDown,,ERR,否,,,文档转储命名空间：运行时不存在该全局,ERR,否,,,文档转储命名空间：运行时不存在该全局,,双端未见,文档转储（非运行时命名空间）,,
Q-CodeBuddyFuncsSetAnimationSpeed,QUERY,CodeBuddyFuncs,SetAnimationSpeed,,Dot (Global),Both,moduleObjects,dot,CodeBuddyFuncs.SetAnimationSpeed,,ERR,否,,,文档转储命名空间：运行时不存在该全局,ERR,否,,,文档转储命名空间：运行时不存在该全局,,双端未见,文档转储（非运行时命名空间）,,
Q-CodeBuddyFuncsRegisterStartCallback,QUERY,CodeBuddyFuncs,RegisterStartCallback,,Dot (Global),Both,moduleObjects,dot,CodeBuddyFuncs.RegisterStartCallback,,ERR,否,,,文档转储命名空间：运行时不存在该全局,ERR,否,,,文档转储命名空间：运行时不存在该全局,,双端未见,文档转储（非运行时命名空间）,,
Q-CodeBuddyFuncsSetWrapWidth_int,QUERY,CodeBuddyFuncs,SetWrapWidth_int,,Dot (Global),Both,moduleObjects,dot,CodeBuddyFuncs.SetWrapWidth_int,,ERR,否,,,文档转储命名空间：运行时不存在该全局,ERR,否,,,文档转储命名空间：运行时不存在该全局,,双端未见,文档转储（非运行时命名空间）,,
Q-CodeBuddyFuncsSetZoomOffsetFar,QUERY,CodeBuddyFuncs,SetZoomOffsetFar,,Dot (Global),Both,moduleObjects,dot,CodeBuddyFuncs.SetZoomOffsetFar,,ERR,否,,,文档转储命名空间：运行时不存在该全局,ERR,否,,,文档转储命名空间：运行时不存在该全局,,双端未见,文档转储（非运行时命名空间）,,
Q-CodeBuddyFuncsCreateTextAlongSpline,QUERY,CodeBuddyFuncs,CreateTextAlongSpline,,Dot (Global),Both,moduleObjects,dot,CodeBuddyFuncs.CreateTextAlongSpline,,ERR,否,,,文档转储命名空间：运行时不存在该全局,ERR,否,,,文档转储命名空间：运行时不存在该全局,,双端未见,文档转储（非运行时命名空间）,,
Q-CodeBuddyFuncsReleaseTextureByName,QUERY,CodeBuddyFuncs,ReleaseTextureByName,,Dot (Global),Both,moduleObjects,dot,CodeBuddyFuncs.ReleaseTextureByName,,ERR,否,,,文档转储命名空间：运行时不存在该全局,ERR,否,,,文档转储命名空间：运行时不存在该全局,,双端未见,文档转储（非运行时命名空间）,,
Q-CodeBuddyFuncsIsPopupQueueEmpty,QUERY,CodeBuddyFuncs,IsPopupQueueEmpty,,Dot (Global),Both,moduleObjects,dot,CodeBuddyFuncs.IsPopupQueueEmpty,,ERR,否,,,文档转储命名空间：运行时不存在该全局,ERR,否,,,文档转储命名空间：运行时不存在该全局,,双端未见,文档转储（非运行时命名空间）,,
Q-CodeBuddyFuncsSetWorldPositionOffset,QUERY,CodeBuddyFuncs,SetWorldPositionOffset,,Dot (Global),Both,moduleObjects,dot,CodeBuddyFuncs.SetWorldPositionOffset,,ERR,否,,,文档转储命名空间：运行时不存在该全局,ERR,否,,,文档转储命名空间：运行时不存在该全局,,双端未见,文档转储（非运行时命名空间）,,
Q-CodeBuddyFuncsSetAppLostFocusHandler,QUERY,CodeBuddyFuncs,SetAppLostFocusHandler,,Dot (Global),Both,moduleObjects,dot,CodeBuddyFuncs.SetAppLostFocusHandler,,ERR,否,,,文档转储命名空间：运行时不存在该全局,ERR,否,,,文档转储命名空间：运行时不存在该全局,,双端未见,文档转储（非运行时命名空间）,,
Q-CodeBuddyFuncsResetSelection,QUERY,CodeBuddyFuncs,ResetSelection,,Dot (Global),Both,moduleObjects,dot,CodeBuddyFuncs.ResetSelection,,ERR,否,,,文档转储命名空间：运行时不存在该全局,ERR,否,,,文档转储命名空间：运行时不存在该全局,,双端未见,文档转储（非运行时命名空间）,,
Q-CodeBuddyFuncsIsReversing,QUERY,CodeBuddyFuncs,IsReversing,,Dot (Global),Both,moduleObjects,dot,CodeBuddyFuncs.IsReversing,,ERR,否,,,文档转储命名空间：运行时不存在该全局,ERR,否,,,文档转储命名空间：运行时不存在该全局,,双端未见,文档转储（非运行时命名空间）,,
Q-CodeBuddyFuncsSetHighlightColor,QUERY,CodeBuddyFuncs,SetHighlightColor,,Dot (Global),Both,moduleObjects,dot,CodeBuddyFuncs.SetHighlightColor,,ERR,否,,,文档转储命名空间：运行时不存在该全局,ERR,否,,,文档转储命名空间：运行时不存在该全局,,双端未见,文档转储（非运行时命名空间）,,
Q-CodeBuddyFuncsGetNormalY,QUERY,CodeBuddyFuncs,GetNormalY,,Dot (Global),Both,moduleObjects,dot,CodeBuddyFuncs.GetNormalY,,ERR,否,,,文档转储命名空间：运行时不存在该全局,ERR,否,,,文档转储命名空间：运行时不存在该全局,,双端未见,文档转储（非运行时命名空间）,,
Q-CodeBuddyFuncsGetControl,QUERY,CodeBuddyFuncs,GetControl,,Dot (Global),Both,moduleObjects,dot,CodeBuddyFuncs.GetControl,,ERR,否,,,文档转储命名空间：运行时不存在该全局,ERR,否,,,文档转储命名空间：运行时不存在该全局,,双端未见,文档转储（非运行时命名空间）,,
Q-CodeBuddyFuncsClearStartCallback,QUERY,CodeBuddyFuncs,ClearStartCallback,,Dot (Global),Both,moduleObjects,dot,CodeBuddyFuncs.ClearStartCallback,,ERR,否,,,文档转储命名空间：运行时不存在该全局,ERR,否,,,文档转储命名空间：运行时不存在该全局,,双端未见,文档转储（非运行时命名空间）,,
Q-CodeBuddyFuncsStopDrag,QUERY,CodeBuddyFuncs,StopDrag,,Dot (Global),Both,moduleObjects,dot,CodeBuddyFuncs.StopDrag,,ERR,否,,,文档转储命名空间：运行时不存在该全局,ERR,否,,,文档转储命名空间：运行时不存在该全局,,双端未见,文档转储（非运行时命名空间）,,
Q-CodeBuddyFuncsSetMaskSize,QUERY,CodeBuddyFuncs,SetMaskSize,,Dot (Global),Both,moduleObjects,dot,CodeBuddyFuncs.SetMaskSize,,ERR,否,,,文档转储命名空间：运行时不存在该全局,ERR,否,,,文档转储命名空间：运行时不存在该全局,,双端未见,文档转储（非运行时命名空间）,,
Q-CodeBuddyFuncsShowDelayedPopups,QUERY,CodeBuddyFuncs,ShowDelayedPopups,,Dot (Global),Both,moduleObjects,dot,CodeBuddyFuncs.ShowDelayedPopups,,ERR,否,,,文档转储命名空间：运行时不存在该全局,ERR,否,,,文档转储命名空间：运行时不存在该全局,,双端未见,文档转储（非运行时命名空间）,,
Q-CodeBuddyFuncsWasAnyGestureStarted,QUERY,CodeBuddyFuncs,WasAnyGestureStarted,,Dot (Global),Both,moduleObjects,dot,CodeBuddyFuncs.WasAnyGestureStarted,,ERR,否,,,文档转储命名空间：运行时不存在该全局,ERR,否,,,文档转储命名空间：运行时不存在该全局,,双端未见,文档转储（非运行时命名空间）,,
Q-CodeBuddyFuncsHasMouseOver,QUERY,CodeBuddyFuncs,HasMouseOver,,Dot (Global),Both,moduleObjects,dot,CodeBuddyFuncs.HasMouseOver,,ERR,否,,,文档转储命名空间：运行时不存在该全局,ERR,否,,,文档转储命名空间：运行时不存在该全局,,双端未见,文档转储（非运行时命名空间）,,
Q-CodeBuddyFuncsSetDisabled,QUERY,CodeBuddyFuncs,SetDisabled,,Dot (Global),Both,moduleObjects,dot,CodeBuddyFuncs.SetDisabled,,ERR,否,,,文档转储命名空间：运行时不存在该全局,ERR,否,,,文档转储命名空间：运行时不存在该全局,,双端未见,文档转储（非运行时命名空间）,,
Q-CodeBuddyFuncsGetScreenSizeVal,QUERY,CodeBuddyFuncs,GetScreenSizeVal,,Dot (Global),Both,moduleObjects,dot,CodeBuddyFuncs.GetScreenSizeVal,,ERR,否,,,文档转储命名空间：运行时不存在该全局,ERR,否,,,文档转储命名空间：运行时不存在该全局,,双端未见,文档转储（非运行时命名空间）,,
Q-CodeBuddyFuncsIsChecked,QUERY,CodeBuddyFuncs,IsChecked,,Dot (Global),Both,moduleObjects,dot,CodeBuddyFuncs.IsChecked,,ERR,否,,,文档转储命名空间：运行时不存在该全局,ERR,否,,,文档转储命名空间：运行时不存在该全局,,双端未见,文档转储（非运行时命名空间）,,
Q-CodeBuddyFuncsGetFontSize,QUERY,CodeBuddyFuncs,GetFontSize,,Dot (Global),Both,moduleObjects,dot,CodeBuddyFuncs.GetFontSize,,ERR,否,,,文档转储命名空间：运行时不存在该全局,ERR,否,,,文档转储命名空间：运行时不存在该全局,,双端未见,文档转储（非运行时命名空间）,,
Q-CodeBuddyFuncsFlipX,QUERY,CodeBuddyFuncs,FlipX,,Dot (Global),Both,moduleObjects,dot,CodeBuddyFuncs.FlipX,,ERR,否,,,文档转储命名空间：运行时不存在该全局,ERR,否,,,文档转储命名空间：运行时不存在该全局,,双端未见,文档转储（非运行时命名空间）,,
Q-CodeBuddyFuncsSetColorAsNorm,QUERY,CodeBuddyFuncs,SetColorAsNorm,,Dot (Global),Both,moduleObjects,dot,CodeBuddyFuncs.SetColorAsNorm,,ERR,否,,,文档转储命名空间：运行时不存在该全局,ERR,否,,,文档转储命名空间：运行时不存在该全局,,双端未见,文档转储（非运行时命名空间）,,
Q-CodeBuddyFuncsHideScrollBar,QUERY,CodeBuddyFuncs,HideScrollBar,,Dot (Global),Both,moduleObjects,dot,CodeBuddyFuncs.HideScrollBar,,ERR,否,,,文档转储命名空间：运行时不存在该全局,ERR,否,,,文档转储命名空间：运行时不存在该全局,,双端未见,文档转储（非运行时命名空间）,,
Q-CodeBuddyFuncsGetBaseFileName,QUERY,CodeBuddyFuncs,GetBaseFileName,,Dot (Global),Both,moduleObjects,dot,CodeBuddyFuncs.GetBaseFileName,,ERR,否,,,文档转储命名空间：运行时不存在该全局,ERR,否,,,文档转储命名空间：运行时不存在该全局,,双端未见,文档转储（非运行时命名空间）,,
Q-CodeBuddyFuncsGetTextControl,QUERY,CodeBuddyFuncs,GetTextControl,,Dot (Global),Both,moduleObjects,dot,CodeBuddyFuncs.GetTextControl,,ERR,否,,,文档转储命名空间：运行时不存在该全局,ERR,否,,,文档转储命名空间：运行时不存在该全局,,双端未见,文档转储（非运行时命名空间）,,
Q-CodeBuddyFuncsGetWidth,QUERY,CodeBuddyFuncs,GetWidth,,Dot (Global),Both,moduleObjects,dot,CodeBuddyFuncs.GetWidth,,ERR,否,,,文档转储命名空间：运行时不存在该全局,ERR,否,,,文档转储命名空间：运行时不存在该全局,,双端未见,文档转储（非运行时命名空间）,,
Q-CodeBuddyFuncsGetTag,QUERY,CodeBuddyFuncs,GetTag,,Dot (Global),Both,moduleObjects,dot,CodeBuddyFuncs.GetTag,,ERR,否,,,文档转储命名空间：运行时不存在该全局,ERR,否,,,文档转储命名空间：运行时不存在该全局,,双端未见,文档转储（非运行时命名空间）,,
Q-CodeBuddyFuncsSetEndX,QUERY,CodeBuddyFuncs,SetEndX,,Dot (Global),Both,moduleObjects,dot,CodeBuddyFuncs.SetEndX,,ERR,否,,,文档转储命名空间：运行时不存在该全局,ERR,否,,,文档转储命名空间：运行时不存在该全局,,双端未见,文档转储（非运行时命名空间）,,
Q-CodeBuddyFuncsCPP_GetText,QUERY,CodeBuddyFuncs,CPP_GetText,,Dot (Global),Both,moduleObjects,dot,CodeBuddyFuncs.CPP_GetText,,ERR,否,,,文档转储命名空间：运行时不存在该全局,ERR,否,,,文档转储命名空间：运行时不存在该全局,,双端未见,文档转储（非运行时命名空间）,,
Q-CodeBuddyFuncsShowYAxis,QUERY,CodeBuddyFuncs,ShowYAxis,,Dot (Global),Both,moduleObjects,dot,CodeBuddyFuncs.ShowYAxis,,ERR,否,,,文档转储命名空间：运行时不存在该全局,ERR,否,,,文档转储命名空间：运行时不存在该全局,,双端未见,文档转储（非运行时命名空间）,,
Q-CodeBuddyFuncsIsVisible,QUERY,CodeBuddyFuncs,IsVisible,,Dot (Global),Both,moduleObjects,dot,CodeBuddyFuncs.IsVisible,,ERR,否,,,文档转储命名空间：运行时不存在该全局,ERR,否,,,文档转储命名空间：运行时不存在该全局,,双端未见,文档转储（非运行时命名空间）,,
Q-CodeBuddyFuncsC_GetType,QUERY,CodeBuddyFuncs,C_GetType,,Dot (Global),Both,moduleObjects,dot,CodeBuddyFuncs.C_GetType,,ERR,否,,,文档转储命名空间：运行时不存在该全局,ERR,否,,,文档转储命名空间：运行时不存在该全局,,双端未见,文档转储（非运行时命名空间）,,
Q-CodeBuddyFuncsC_ClearCallback,QUERY,CodeBuddyFuncs,C_ClearCallback,,Dot (Global),Both,moduleObjects,dot,CodeBuddyFuncs.C_ClearCallback,,ERR,否,,,文档转储命名空间：运行时不存在该全局,ERR,否,,,文档转储命名空间：运行时不存在该全局,,双端未见,文档转储（非运行时命名空间）,,
Q-CodeBuddyFuncsGetIndexedEntry,QUERY,CodeBuddyFuncs,GetIndexedEntry,,Dot (Global),Both,moduleObjects,dot,CodeBuddyFuncs.GetIndexedEntry,,ERR,否,,,文档转储命名空间：运行时不存在该全局,ERR,否,,,文档转储命名空间：运行时不存在该全局,,双端未见,文档转储（非运行时命名空间）,,
Q-CodeBuddyFuncsSetUnCheckTextureOffsetVal,QUERY,CodeBuddyFuncs,SetUnCheckTextureOffsetVal,,Dot (Global),Both,moduleObjects,dot,CodeBuddyFuncs.SetUnCheckTextureOffsetVal,,ERR,否,,,文档转储命名空间：运行时不存在该全局,ERR,否,,,文档转储命名空间：运行时不存在该全局,,双端未见,文档转储（非运行时命名空间）,,
Q-CodeBuddyFuncsSetVisibleOnWorld,QUERY,CodeBuddyFuncs,SetVisibleOnWorld,,Dot (Global),Both,moduleObjects,dot,CodeBuddyFuncs.SetVisibleOnWorld,,ERR,否,,,文档转储命名空间：运行时不存在该全局,ERR,否,,,文档转储命名空间：运行时不存在该全局,,双端未见,文档转储（非运行时命名空间）,,
Q-CodeBuddyFuncsGetTouchPointIDByIndex,QUERY,CodeBuddyFuncs,GetTouchPointIDByIndex,,Dot (Global),Both,moduleObjects,dot,CodeBuddyFuncs.GetTouchPointIDByIndex,,ERR,否,,,文档转储命名空间：运行时不存在该全局,ERR,否,,,文档转储命名空间：运行时不存在该全局,,双端未见,文档转储（非运行时命名空间）,,
Q-CodeBuddyFuncsSetParentRelativeSize,QUERY,CodeBuddyFuncs,SetParentRelativeSize,,Dot (Global),Both,moduleObjects,dot,CodeBuddyFuncs.SetParentRelativeSize,,ERR,否,,,文档转储命名空间：运行时不存在该全局,ERR,否,,,文档转储命名空间：运行时不存在该全局,,双端未见,文档转储（非运行时命名空间）,,
Q-CodeBuddyFuncsShowControlsByID,QUERY,CodeBuddyFuncs,ShowControlsByID,,Dot (Global),Both,moduleObjects,dot,CodeBuddyFuncs.ShowControlsByID,,ERR,否,,,文档转储命名空间：运行时不存在该全局,ERR,否,,,文档转储命名空间：运行时不存在该全局,,双端未见,文档转储（非运行时命名空间）,,
Q-CodeBuddyFuncsSetToBeginning,QUERY,CodeBuddyFuncs,SetToBeginning,,Dot (Global),Both,moduleObjects,dot,CodeBuddyFuncs.SetToBeginning,,ERR,否,,,文档转储命名空间：运行时不存在该全局,ERR,否,,,文档转储命名空间：运行时不存在该全局,,双端未见,文档转储（非运行时命名空间）,,
Q-CodeBuddyFuncsIsAnyButtonDown,QUERY,CodeBuddyFuncs,IsAnyButtonDown,,Dot (Global),Both,moduleObjects,dot,CodeBuddyFuncs.IsAnyButtonDown,,ERR,否,,,文档转储命名空间：运行时不存在该全局,ERR,否,,,文档转储命名空间：运行时不存在该全局,,双端未见,文档转储（非运行时命名空间）,,
Q-CodeBuddyFuncsShowYTicks,QUERY,CodeBuddyFuncs,ShowYTicks,,Dot (Global),Both,moduleObjects,dot,CodeBuddyFuncs.ShowYTicks,,ERR,否,,,文档转储命名空间：运行时不存在该全局,ERR,否,,,文档转储命名空间：运行时不存在该全局,,双端未见,文档转储（非运行时命名空间）,,
Q-CodeBuddyFuncsIsInGesture,QUERY,CodeBuddyFuncs,IsInGesture,,Dot (Global),Both,moduleObjects,dot,CodeBuddyFuncs.IsInGesture,,ERR,否,,,文档转储命名空间：运行时不存在该全局,ERR,否,,,文档转储命名空间：运行时不存在该全局,,双端未见,文档转储（非运行时命名空间）,,
Q-CodeBuddyFuncsGetDeltaY,QUERY,CodeBuddyFuncs,GetDeltaY,,Dot (Global),Both,moduleObjects,dot,CodeBuddyFuncs.GetDeltaY,,ERR,否,,,文档转储命名空间：运行时不存在该全局,ERR,否,,,文档转储命名空间：运行时不存在该全局,,双端未见,文档转储（非运行时命名空间）,,
Q-CodeBuddyFuncsIsGamepadActive,QUERY,CodeBuddyFuncs,IsGamepadActive,,Dot (Global),Both,moduleObjects,dot,CodeBuddyFuncs.IsGamepadActive,,ERR,否,,,文档转储命名空间：运行时不存在该全局,ERR,否,,,文档转储命名空间：运行时不存在该全局,,双端未见,文档转储（非运行时命名空间）,,
Q-CodeBuddyFuncsClearPopupParameters,QUERY,CodeBuddyFuncs,ClearPopupParameters,,Dot (Global),Both,moduleObjects,dot,CodeBuddyFuncs.ClearPopupParameters,,ERR,否,,,文档转储命名空间：运行时不存在该全局,ERR,否,,,文档转储命名空间：运行时不存在该全局,,双端未见,文档转储（非运行时命名空间）,,
Q-CodeBuddyFuncsSetCycleType,QUERY,CodeBuddyFuncs,SetCycleType,,Dot (Global),Both,moduleObjects,dot,CodeBuddyFuncs.SetCycleType,,ERR,否,,,文档转储命名空间：运行时不存在该全局,ERR,否,,,文档转储命名空间：运行时不存在该全局,,双端未见,文档转储（非运行时命名空间）,,
Q-CodeBuddyFuncsGetFilePath,QUERY,CodeBuddyFuncs,GetFilePath,,Dot (Global),Both,moduleObjects,dot,CodeBuddyFuncs.GetFilePath,,ERR,否,,,文档转储命名空间：运行时不存在该全局,ERR,否,,,文档转储命名空间：运行时不存在该全局,,双端未见,文档转储（非运行时命名空间）,,
Q-CodeBuddyFuncsSetPercents,QUERY,CodeBuddyFuncs,SetPercents,,Dot (Global),Both,moduleObjects,dot,CodeBuddyFuncs.SetPercents,,ERR,否,,,文档转储命名空间：运行时不存在该全局,ERR,否,,,文档转储命名空间：运行时不存在该全局,,双端未见,文档转储（非运行时命名空间）,,
Q-CodeBuddyFuncsSetFrame,QUERY,CodeBuddyFuncs,SetFrame,,Dot (Global),Both,moduleObjects,dot,CodeBuddyFuncs.SetFrame,,ERR,否,,,文档转储命名空间：运行时不存在该全局,ERR,否,,,文档转储命名空间：运行时不存在该全局,,双端未见,文档转储（非运行时命名空间）,,
Q-CodeBuddyFuncsIsActive,QUERY,CodeBuddyFuncs,IsActive,,Dot (Global),Both,moduleObjects,dot,CodeBuddyFuncs.IsActive,,ERR,否,,,文档转储命名空间：运行时不存在该全局,ERR,否,,,文档转储命名空间：运行时不存在该全局,,双端未见,文档转储（非运行时命名空间）,,
Q-CodeBuddyFuncsSetCounterClockwise,QUERY,CodeBuddyFuncs,SetCounterClockwise,,Dot (Global),Both,moduleObjects,dot,CodeBuddyFuncs.SetCounterClockwise,,ERR,否,,,文档转储命名空间：运行时不存在该全局,ERR,否,,,文档转储命名空间：运行时不存在该全局,,双端未见,文档转储（非运行时命名空间）,,
Q-CodeBuddyFuncsSetGamepadToolTipOn,QUERY,CodeBuddyFuncs,SetGamepadToolTipOn,,Dot (Global),Both,moduleObjects,dot,CodeBuddyFuncs.SetGamepadToolTipOn,,ERR,否,,,文档转储命名空间：运行时不存在该全局,ERR,否,,,文档转储命名空间：运行时不存在该全局,,双端未见,文档转储（非运行时命名空间）,,
Q-CodeBuddyFuncsSetPopupChangeHandler,QUERY,CodeBuddyFuncs,SetPopupChangeHandler,,Dot (Global),Both,moduleObjects,dot,CodeBuddyFuncs.SetPopupChangeHandler,,ERR,否,,,文档转储命名空间：运行时不存在该全局,ERR,否,,,文档转储命名空间：运行时不存在该全局,,双端未见,文档转储（非运行时命名空间）,,
Q-CodeBuddyFuncsCalculateVisibilityBox,QUERY,CodeBuddyFuncs,CalculateVisibilityBox,,Dot (Global),Both,moduleObjects,dot,CodeBuddyFuncs.CalculateVisibilityBox,,ERR,否,,,文档转储命名空间：运行时不存在该全局,ERR,否,,,文档转储命名空间：运行时不存在该全局,,双端未见,文档转储（非运行时命名空间）,,
C-CodeBuddyFuncsRaw,CONTEXT,CodeBuddyFuncsRaw,,,Dot (Global),Both,moduleObjects,namespace,CodeBuddyFuncsRaw,,nil,否,,,文档转储命名空间：运行时不存在该全局,nil,否,,,文档转储命名空间：运行时不存在该全局,,双端未见,文档转储（非运行时命名空间）,,
A-CodeBuddyFuncsRawvoid ShowBorders( bool ),ACTION,CodeBuddyFuncsRaw,void ShowBorders( bool ),,Dot (Global),Both,moduleObjects,dot,CodeBuddyFuncsRaw.void ShowBorders( bool ),,CF,否,,,文档转储命名空间：运行时不存在该全局,CF,否,,,文档转储命名空间：运行时不存在该全局,,双端未见,文档转储（非运行时命名空间）,,
Q-CodeBuddyFuncsRawbool IsShiftDown( void ) const,QUERY,CodeBuddyFuncsRaw,bool IsShiftDown( void ) const,,Dot (Global),Both,moduleObjects,dot,CodeBuddyFuncsRaw.bool IsShiftDown( void ) const,,CF,否,,,文档转储命名空间：运行时不存在该全局,CF,否,,,文档转储命名空间：运行时不存在该全局,,双端未见,文档转储（非运行时命名空间）,,
Q-CodeBuddyFuncsRawvoid SetStartY( float ),QUERY,CodeBuddyFuncsRaw,void SetStartY( float ),,Dot (Global),Both,moduleObjects,dot,CodeBuddyFuncsRaw.void SetStartY( float ),,CF,否,,,文档转储命名空间：运行时不存在该全局,CF,否,,,文档转储命名空间：运行时不存在该全局,,双端未见,文档转储（非运行时命名空间）,,
Q-CodeBuddyFuncsRawvoid SetParentRelativeSizeY( float ),QUERY,CodeBuddyFuncsRaw,void SetParentRelativeSizeY( float ),,Dot (Global),Both,moduleObjects,dot,CodeBuddyFuncsRaw.void SetParentRelativeSizeY( float ),,CF,否,,,文档转储命名空间：运行时不存在该全局,CF,否,,,文档转储命名空间：运行时不存在该全局,,双端未见,文档转储（非运行时命名空间）,,
Q-CodeBuddyFuncsRawvoid ClearAllPaths( void ),QUERY,CodeBuddyFuncsRaw,void ClearAllPaths( void ),,Dot (Global),Both,moduleObjects,dot,CodeBuddyFuncsRaw.void ClearAllPaths( void ),,CF,否,,,文档转储命名空间：运行时不存在该全局,CF,否,,,文档转储命名空间：运行时不存在该全局,,双端未见,文档转储（非运行时命名空间）,,
Q-CodeBuddyFuncsRawvoid SetShowHideHandler( function ),QUERY,CodeBuddyFuncsRaw,void SetShowHideHandler( function ),,Dot (Global),Both,moduleObjects,dot,CodeBuddyFuncsRaw.void SetShowHideHandler( function ),,CF,否,,,文档转储命名空间：运行时不存在该全局,CF,否,,,文档转储命名空间：运行时不存在该全局,,双端未见,文档转储（非运行时命名空间）,,
Q-CodeBuddyFuncsRawCFunction: GetModalContexts,QUERY,CodeBuddyFuncsRaw,CFunction: GetModalContexts,,Dot (Global),Both,moduleObjects,dot,CodeBuddyFuncsRaw.CFunction: GetModalContexts,,CF,否,,,文档转储命名空间：运行时不存在该全局,CF,否,,,文档转储命名空间：运行时不存在该全局,,双端未见,文档转储（非运行时命名空间）,,
Q-CodeBuddyFuncsRawCFunction: GetRootContexts,QUERY,CodeBuddyFuncsRaw,CFunction: GetRootContexts,,Dot (Global),Both,moduleObjects,dot,CodeBuddyFuncsRaw.CFunction: GetRootContexts,,CF,否,,,文档转储命名空间：运行时不存在该全局,CF,否,,,文档转储命名空间：运行时不存在该全局,,双端未见,文档转储（非运行时命名空间）,,
Q-CodeBuddyFuncsRawvoid Pause( void ),QUERY,CodeBuddyFuncsRaw,void Pause( void ),,Dot (Global),Both,moduleObjects,dot,CodeBuddyFuncsRaw.void Pause( void ),,CF,否,,,文档转储命名空间：运行时不存在该全局,CF,否,,,文档转储命名空间：运行时不存在该全局,,双端未见,文档转储（非运行时命名空间）,,
Q-CodeBuddyFuncsRawvoid UnifyClickAndTap( bool ),QUERY,CodeBuddyFuncsRaw,void UnifyClickAndTap( bool ),,Dot (Global),Both,moduleObjects,dot,CodeBuddyFuncsRaw.void UnifyClickAndTap( bool ),,CF,否,,,文档转储命名空间：运行时不存在该全局,CF,否,,,文档转储命名空间：运行时不存在该全局,,双端未见,文档转储（非运行时命名空间）,,
Q-CodeBuddyFuncsRawvoid SetUpdateGamepad( function ),QUERY,CodeBuddyFuncsRaw,void SetUpdateGamepad( function ),,Dot (Global),Both,moduleObjects,dot,CodeBuddyFuncsRaw.void SetUpdateGamepad( function ),,CF,否,,,文档转储命名空间：运行时不存在该全局,CF,否,,,文档转储命名空间：运行时不存在该全局,,双端未见,文档转储（非运行时命名空间）,,
"Q-CodeBuddyFuncsRawvoid ToggleEntrySelected( table, bool )",QUERY,CodeBuddyFuncsRaw,"void ToggleEntrySelected( table, bool )",,Dot (Global),Both,moduleObjects,dot,"CodeBuddyFuncsRaw.void ToggleEntrySelected( table, bool )",,CF,否,,,文档转储命名空间：运行时不存在该全局,CF,否,,,文档转储命名空间：运行时不存在该全局,,双端未见,文档转储（非运行时命名空间）,,
Q-CodeBuddyFuncsRawbool IsUsingHighlightShader( void ) const,QUERY,CodeBuddyFuncsRaw,bool IsUsingHighlightShader( void ) const,,Dot (Global),Both,moduleObjects,dot,CodeBuddyFuncsRaw.bool IsUsingHighlightShader( void ) const,,CF,否,,,文档转储命名空间：运行时不存在该全局,CF,否,,,文档转储命名空间：运行时不存在该全局,,双端未见,文档转储（非运行时命名空间）,,
Q-CodeBuddyFuncsRawCFunction: GetRightButton,QUERY,CodeBuddyFuncsRaw,CFunction: GetRightButton,,Dot (Global),Both,moduleObjects,dot,CodeBuddyFuncsRaw.CFunction: GetRightButton,,CF,否,,,文档转储命名空间：运行时不存在该全局,CF,否,,,文档转储命名空间：运行时不存在该全局,,双端未见,文档转储（非运行时命名空间）,,
"Q-CodeBuddyFuncsRawControlBase* BuildInstanceForControl( const char*, table, ControlBase* )",QUERY,CodeBuddyFuncsRaw,"ControlBase* BuildInstanceForControl( const char*, table, ControlBase* )",,Dot (Global),Both,moduleObjects,dot,"CodeBuddyFuncsRaw.ControlBase* BuildInstanceForControl( const char*, table, ControlBase* )",,CF,否,,,文档转储命名空间：运行时不存在该全局,CF,否,,,文档转储命名空间：运行时不存在该全局,,双端未见,文档转储（非运行时命名空间）,,
Q-CodeBuddyFuncsRawuint GetMessageType( void ) const,QUERY,CodeBuddyFuncsRaw,uint GetMessageType( void ) const,,Dot (Global),Both,moduleObjects,dot,CodeBuddyFuncsRaw.uint GetMessageType( void ) const,,CF,否,,,文档转储命名空间：运行时不存在该全局,CF,否,,,文档转储命名空间：运行时不存在该全局,,双端未见,文档转储（非运行时命名空间）,,
Q-CodeBuddyFuncsRawvoid SetYNumberInterval( float ),QUERY,CodeBuddyFuncsRaw,void SetYNumberInterval( float ),,Dot (Global),Both,moduleObjects,dot,CodeBuddyFuncsRaw.void SetYNumberInterval( float ),,CF,否,,,文档转储命名空间：运行时不存在该全局,CF,否,,,文档转储命名空间：运行时不存在该全局,,双端未见,文档转储（非运行时命名空间）,,
Q-CodeBuddyFuncsRawbool IsOverlayEnabled( void ),QUERY,CodeBuddyFuncsRaw,bool IsOverlayEnabled( void ),,Dot (Global),Both,moduleObjects,dot,CodeBuddyFuncsRaw.bool IsOverlayEnabled( void ),,CF,否,,,文档转储命名空间：运行时不存在该全局,CF,否,,,文档转储命名空间：运行时不存在该全局,,双端未见,文档转储（非运行时命名空间）,,
Q-CodeBuddyFuncsRawvoid RegisterSizeChanged( function ),QUERY,CodeBuddyFuncsRaw,void RegisterSizeChanged( function ),,Dot (Global),Both,moduleObjects,dot,CodeBuddyFuncsRaw.void RegisterSizeChanged( function ),,CF,否,,,文档转储命名空间：运行时不存在该全局,CF,否,,,文档转储命名空间：运行时不存在该全局,,双端未见,文档转储（非运行时命名空间）,,
Q-CodeBuddyFuncsRawvoid SetSelected( bool ),QUERY,CodeBuddyFuncsRaw,void SetSelected( bool ),,Dot (Global),Both,moduleObjects,dot,CodeBuddyFuncsRaw.void SetSelected( bool ),,CF,否,,,文档转储命名空间：运行时不存在该全局,CF,否,,,文档转储命名空间：运行时不存在该全局,,双端未见,文档转储（非运行时命名空间）,,
Q-CodeBuddyFuncsRawvoid AddToolTipDisplayCallback( function ),QUERY,CodeBuddyFuncsRaw,void AddToolTipDisplayCallback( function ),,Dot (Global),Both,moduleObjects,dot,CodeBuddyFuncsRaw.void AddToolTipDisplayCallback( function ),,CF,否,,,文档转储命名空间：运行时不存在该全局,CF,否,,,文档转储命名空间：运行时不存在该全局,,双端未见,文档转储（非运行时命名空间）,,
Q-CodeBuddyFuncsRawvoid ClearAll( void ),QUERY,CodeBuddyFuncsRaw,void ClearAll( void ),,Dot (Global),Both,moduleObjects,dot,CodeBuddyFuncsRaw.void ClearAll( void ),,CF,否,,,文档转储命名空间：运行时不存在该全局,CF,否,,,文档转储命名空间：运行时不存在该全局,,双端未见,文档转储（非运行时命名空间）,,
Q-CodeBuddyFuncsRawCFunction: SetToolTipType,QUERY,CodeBuddyFuncsRaw,CFunction: SetToolTipType,,Dot (Global),Both,moduleObjects,dot,CodeBuddyFuncsRaw.CFunction: SetToolTipType,,CF,否,,,文档转储命名空间：运行时不存在该全局,CF,否,,,文档转储命名空间：运行时不存在该全局,,双端未见,文档转储（非运行时命名空间）,,
Q-CodeBuddyFuncsRawCFunction: SetBackgroundColor,QUERY,CodeBuddyFuncsRaw,CFunction: SetBackgroundColor,,Dot (Global),Both,moduleObjects,dot,CodeBuddyFuncsRaw.CFunction: SetBackgroundColor,,CF,否,,,文档转储命名空间：运行时不存在该全局,CF,否,,,文档转储命名空间：运行时不存在该全局,,双端未见,文档转储（非运行时命名空间）,,
Q-CodeBuddyFuncsRawvoid ClearString( void ),QUERY,CodeBuddyFuncsRaw,void ClearString( void ),,Dot (Global),Both,moduleObjects,dot,CodeBuddyFuncsRaw.void ClearString( void ),,CF,否,,,文档转储命名空间：运行时不存在该全局,CF,否,,,文档转储命名空间：运行时不存在该全局,,双端未见,文档转储（非运行时命名空间）,,
Q-CodeBuddyFuncsRawvoid SetConsumeMouseWheel( bool ),QUERY,CodeBuddyFuncsRaw,void SetConsumeMouseWheel( bool ),,Dot (Global),Both,moduleObjects,dot,CodeBuddyFuncsRaw.void SetConsumeMouseWheel( bool ),,CF,否,,,文档转储命名空间：运行时不存在该全局,CF,否,,,文档转储命名空间：运行时不存在该全局,,双端未见,文档转储（非运行时命名空间）,,
Q-CodeBuddyFuncsRawfloat GetEndY( void ) const,QUERY,CodeBuddyFuncsRaw,float GetEndY( void ) const,,Dot (Global),Both,moduleObjects,dot,CodeBuddyFuncsRaw.float GetEndY( void ) const,,CF,否,,,文档转储命名空间：运行时不存在该全局,CF,否,,,文档转储命名空间：运行时不存在该全局,,双端未见,文档转储（非运行时命名空间）,,
Q-CodeBuddyFuncsRawbool IsInPause( void ),QUERY,CodeBuddyFuncsRaw,bool IsInPause( void ),,Dot (Global),Both,moduleObjects,dot,CodeBuddyFuncsRaw.bool IsInPause( void ),,CF,否,,,文档转储命名空间：运行时不存在该全局,CF,否,,,文档转储命名空间：运行时不存在该全局,,双端未见,文档转储（非运行时命名空间）,,
Q-CodeBuddyFuncsRawCFunction: CreateSprites,QUERY,CodeBuddyFuncsRaw,CFunction: CreateSprites,,Dot (Global),Both,moduleObjects,dot,CodeBuddyFuncsRaw.CFunction: CreateSprites,,CF,否,,,文档转储命名空间：运行时不存在该全局,CF,否,,,文档转储命名空间：运行时不存在该全局,,双端未见,文档转储（非运行时命名空间）,,
Q-CodeBuddyFuncsRawvoid ClearUpdateGamepad( void ),QUERY,CodeBuddyFuncsRaw,void ClearUpdateGamepad( void ),,Dot (Global),Both,moduleObjects,dot,CodeBuddyFuncsRaw.void ClearUpdateGamepad( void ),,CF,否,,,文档转储命名空间：运行时不存在该全局,CF,否,,,文档转储命名空间：运行时不存在该全局,,双端未见,文档转储（非运行时命名空间）,,
Q-CodeBuddyFuncsRawbool IsHidden( void ) const,QUERY,CodeBuddyFuncsRaw,bool IsHidden( void ) const,,Dot (Global),Both,moduleObjects,dot,CodeBuddyFuncsRaw.bool IsHidden( void ) const,,CF,否,,,文档转储命名空间：运行时不存在该全局,CF,否,,,文档转储命名空间：运行时不存在该全局,,双端未见,文档转储（非运行时命名空间）,,
Q-CodeBuddyFuncsRawvoid SetOffsetY( float ),QUERY,CodeBuddyFuncsRaw,void SetOffsetY( float ),,Dot (Global),Both,moduleObjects,dot,CodeBuddyFuncsRaw.void SetOffsetY( float ),,CF,否,,,文档转储命名空间：运行时不存在该全局,CF,否,,,文档转储命名空间：运行时不存在该全局,,双端未见,文档转储（非运行时命名空间）,,
Q-CodeBuddyFuncsRawint GetNormalX( void ) const,QUERY,CodeBuddyFuncsRaw,int GetNormalX( void ) const,,Dot (Global),Both,moduleObjects,dot,CodeBuddyFuncsRaw.int GetNormalX( void ) const,,CF,否,,,文档转储命名空间：运行时不存在该全局,CF,否,,,文档转储命名空间：运行时不存在该全局,,双端未见,文档转储（非运行时命名空间）,,
Q-CodeBuddyFuncsRawbool IsVisibleOnWorld( void ) const,QUERY,CodeBuddyFuncsRaw,bool IsVisibleOnWorld( void ) const,,Dot (Global),Both,moduleObjects,dot,CodeBuddyFuncsRaw.bool IsVisibleOnWorld( void ) const,,CF,否,,,文档转储命名空间：运行时不存在该全局,CF,否,,,文档转储命名空间：运行时不存在该全局,,双端未见,文档转储（非运行时命名空间）,,
Q-CodeBuddyFuncsRawCFunction: LocalizeAndSetText,QUERY,CodeBuddyFuncsRaw,CFunction: LocalizeAndSetText,,Dot (Global),Both,moduleObjects,dot,CodeBuddyFuncsRaw.CFunction: LocalizeAndSetText,,CF,否,,,文档转储命名空间：运行时不存在该全局,CF,否,,,文档转储命名空间：运行时不存在该全局,,双端未见,文档转储（非运行时命名空间）,,
Q-CodeBuddyFuncsRawvoid SetStartX( float ),QUERY,CodeBuddyFuncsRaw,void SetStartX( float ),,Dot (Global),Both,moduleObjects,dot,CodeBuddyFuncsRaw.void SetStartX( float ),,CF,否,,,文档转储命名空间：运行时不存在该全局,CF,否,,,文档转储命名空间：运行时不存在该全局,,双端未见,文档转储（非运行时命名空间）,,
Q-CodeBuddyFuncsRawUnknown_Type GetNumSteps( void ),QUERY,CodeBuddyFuncsRaw,Unknown_Type GetNumSteps( void ),,Dot (Global),Both,moduleObjects,dot,CodeBuddyFuncsRaw.Unknown_Type GetNumSteps( void ),,CF,否,,,文档转储命名空间：运行时不存在该全局,CF,否,,,文档转储命名空间：运行时不存在该全局,,双端未见,文档转储（非运行时命名空间）,,
Q-CodeBuddyFuncsRawCFunction: SetAutoSize,QUERY,CodeBuddyFuncsRaw,CFunction: SetAutoSize,,Dot (Global),Both,moduleObjects,dot,CodeBuddyFuncsRaw.CFunction: SetAutoSize,,CF,否,,,文档转储命名空间：运行时不存在该全局,CF,否,,,文档转储命名空间：运行时不存在该全局,,双端未见,文档转储（非运行时命名空间）,,
Q-CodeBuddyFuncsRawvoid RemoveToolTipDisplayCallback( function ),QUERY,CodeBuddyFuncsRaw,void RemoveToolTipDisplayCallback( function ),,Dot (Global),Both,moduleObjects,dot,CodeBuddyFuncsRaw.void RemoveToolTipDisplayCallback( function ),,CF,否,,,文档转储命名空间：运行时不存在该全局,CF,否,,,文档转储命名空间：运行时不存在该全局,,双端未见,文档转储（非运行时命名空间）,,
Q-CodeBuddyFuncsRawCFunction: GetHash,QUERY,CodeBuddyFuncsRaw,CFunction: GetHash,,Dot (Global),Both,moduleObjects,dot,CodeBuddyFuncsRaw.CFunction: GetHash,,CF,否,,,文档转储命名空间：运行时不存在该全局,CF,否,,,文档转储命名空间：运行时不存在该全局,,双端未见,文档转储（非运行时命名空间）,,
Q-CodeBuddyFuncsRawfloat GetBatteryLevel( void ) const,QUERY,CodeBuddyFuncsRaw,float GetBatteryLevel( void ) const,,Dot (Global),Both,moduleObjects,dot,CodeBuddyFuncsRaw.float GetBatteryLevel( void ) const,,CF,否,,,文档转储命名空间：运行时不存在该全局,CF,否,,,文档转储命名空间：运行时不存在该全局,,双端未见,文档转储（非运行时命名空间）,,
Q-CodeBuddyFuncsRawvoid SetChannelOn( uint ),QUERY,CodeBuddyFuncsRaw,void SetChannelOn( uint ),,Dot (Global),Both,moduleObjects,dot,CodeBuddyFuncsRaw.void SetChannelOn( uint ),,CF,否,,,文档转储命名空间：运行时不存在该全局,CF,否,,,文档转储命名空间：运行时不存在该全局,,双端未见,文档转储（非运行时命名空间）,,
Q-CodeBuddyFuncsRawCFunction: SetFontSize,QUERY,CodeBuddyFuncsRaw,CFunction: SetFontSize,,Dot (Global),Both,moduleObjects,dot,CodeBuddyFuncsRaw.CFunction: SetFontSize,,CF,否,,,文档转储命名空间：运行时不存在该全局,CF,否,,,文档转储命名空间：运行时不存在该全局,,双端未见,文档转储（非运行时命名空间）,,
Q-CodeBuddyFuncsRawvoid PrintAllocationInfo( void ),QUERY,CodeBuddyFuncsRaw,void PrintAllocationInfo( void ),,Dot (Global),Both,moduleObjects,dot,CodeBuddyFuncsRaw.void PrintAllocationInfo( void ),,CF,否,,,文档转储命名空间：运行时不存在该全局,CF,否,,,文档转储命名空间：运行时不存在该全局,,双端未见,文档转储（非运行时命名空间）,,
Q-CodeBuddyFuncsRawvoid SetEntrySelectedCallback( function ),QUERY,CodeBuddyFuncsRaw,void SetEntrySelectedCallback( function ),,Dot (Global),Both,moduleObjects,dot,CodeBuddyFuncsRaw.void SetEntrySelectedCallback( function ),,CF,否,,,文档转储命名空间：运行时不存在该全局,CF,否,,,文档转储命名空间：运行时不存在该全局,,双端未见,文档转储（非运行时命名空间）,,
Q-CodeBuddyFuncsRawvoid SetShowOnMouseOver( bool ),QUERY,CodeBuddyFuncsRaw,void SetShowOnMouseOver( bool ),,Dot (Global),Both,moduleObjects,dot,CodeBuddyFuncsRaw.void SetShowOnMouseOver( bool ),,CF,否,,,文档转储命名空间：运行时不存在该全局,CF,否,,,文档转储命名空间：运行时不存在该全局,,双端未见,文档转储（非运行时命名空间）,,
Q-CodeBuddyFuncsRawvoid SetStep( int ),QUERY,CodeBuddyFuncsRaw,void SetStep( int ),,Dot (Global),Both,moduleObjects,dot,CodeBuddyFuncsRaw.void SetStep( int ),,CF,否,,,文档转储命名空间：运行时不存在该全局,CF,否,,,文档转储命名空间：运行时不存在该全局,,双端未见,文档转储（非运行时命名空间）,,
Q-CodeBuddyFuncsRawvoid DestroyAllChildren( void ),QUERY,CodeBuddyFuncsRaw,void DestroyAllChildren( void ),,Dot (Global),Both,moduleObjects,dot,CodeBuddyFuncsRaw.void DestroyAllChildren( void ),,CF,否,,,文档转储命名空间：运行时不存在该全局,CF,否,,,文档转储命名空间：运行时不存在该全局,,双端未见,文档转储（非运行时命名空间）,,
Q-CodeBuddyFuncsRawCFunction: IsNull,QUERY,CodeBuddyFuncsRaw,CFunction: IsNull,,Dot (Global),Both,moduleObjects,dot,CodeBuddyFuncsRaw.CFunction: IsNull,,CF,否,,,文档转储命名空间：运行时不存在该全局,CF,否,,,文档转储命名空间：运行时不存在该全局,,双端未见,文档转储（非运行时命名空间）,,
Q-CodeBuddyFuncsRawButtonControl* GetDownButton( void ),QUERY,CodeBuddyFuncsRaw,ButtonControl* GetDownButton( void ),,Dot (Global),Both,moduleObjects,dot,CodeBuddyFuncsRaw.ButtonControl* GetDownButton( void ),,ERR,否,,,文档转储命名空间：运行时不存在该全局,ERR,否,,,文档转储命名空间：运行时不存在该全局,,双端未见,文档转储（非运行时命名空间）,,
Q-CodeBuddyFuncsRawScrollPanelControl* GetScrollPanel( void ),QUERY,CodeBuddyFuncsRaw,ScrollPanelControl* GetScrollPanel( void ),,Dot (Global),Both,moduleObjects,dot,CodeBuddyFuncsRaw.ScrollPanelControl* GetScrollPanel( void ),,ERR,否,,,文档转储命名空间：运行时不存在该全局,ERR,否,,,文档转储命名空间：运行时不存在该全局,,双端未见,文档转储（非运行时命名空间）,,
Q-CodeBuddyFuncsRawuint GetKey( void ) const,QUERY,CodeBuddyFuncsRaw,uint GetKey( void ) const,,Dot (Global),Both,moduleObjects,dot,CodeBuddyFuncsRaw.uint GetKey( void ) const,,CF,否,,,文档转储命名空间：运行时不存在该全局,CF,否,,,文档转储命名空间：运行时不存在该全局,,双端未见,文档转储（非运行时命名空间）,,
Q-CodeBuddyFuncsRawint ReferenceCurrentGameCoreEvent( void ),QUERY,CodeBuddyFuncsRaw,int ReferenceCurrentGameCoreEvent( void ),,Dot (Global),Both,moduleObjects,dot,CodeBuddyFuncsRaw.int ReferenceCurrentGameCoreEvent( void ),,CF,否,,,文档转储命名空间：运行时不存在该全局,CF,否,,,文档转储命名空间：运行时不存在该全局,,双端未见,文档转储（非运行时命名空间）,,
"Q-CodeBuddyFuncsRawvoid SetSizeVal( float, float )",QUERY,CodeBuddyFuncsRaw,"void SetSizeVal( float, float )",,Dot (Global),Both,moduleObjects,dot,"CodeBuddyFuncsRaw.void SetSizeVal( float, float )",,CF,否,,,文档转储命名空间：运行时不存在该全局,CF,否,,,文档转储命名空间：运行时不存在该全局,,双端未见,文档转储（非运行时命名空间）,,
Q-CodeBuddyFuncsRawCFunction: GetMouseDelta,QUERY,CodeBuddyFuncsRaw,CFunction: GetMouseDelta,,Dot (Global),Both,moduleObjects,dot,CodeBuddyFuncsRaw.CFunction: GetMouseDelta,,CF,否,,,文档转储命名空间：运行时不存在该全局,CF,否,,,文档转储命名空间：运行时不存在该全局,,双端未见,文档转储（非运行时命名空间）,,
"Q-CodeBuddyFuncsRawvoid SetZoomOffsetFarVal( float, float, float )",QUERY,CodeBuddyFuncsRaw,"void SetZoomOffsetFarVal( float, float, float )",,Dot (Global),Both,moduleObjects,dot,"CodeBuddyFuncsRaw.void SetZoomOffsetFarVal( float, float, float )",,CF,否,,,文档转储命名空间：运行时不存在该全局,CF,否,,,文档转储命名空间：运行时不存在该全局,,双端未见,文档转储（非运行时命名空间）,,
Q-CodeBuddyFuncsRawvoid HideAll( bool ),QUERY,CodeBuddyFuncsRaw,void HideAll( bool ),,Dot (Global),Both,moduleObjects,dot,CodeBuddyFuncsRaw.void HideAll( bool ),,CF,否,,,文档转储命名空间：运行时不存在该全局,CF,否,,,文档转储命名空间：运行时不存在该全局,,双端未见,文档转储（非运行时命名空间）,,
Q-CodeBuddyFuncsRawvoid SetConcentricStyle( uint ),QUERY,CodeBuddyFuncsRaw,void SetConcentricStyle( uint ),,Dot (Global),Both,moduleObjects,dot,CodeBuddyFuncsRaw.void SetConcentricStyle( uint ),,CF,否,,,文档转储命名空间：运行时不存在该全局,CF,否,,,文档转储命名空间：运行时不存在该全局,,双端未见,文档转储（非运行时命名空间）,,
Q-CodeBuddyFuncsRawvoid PlayMask( void ),QUERY,CodeBuddyFuncsRaw,void PlayMask( void ),,Dot (Global),Both,moduleObjects,dot,CodeBuddyFuncsRaw.void PlayMask( void ),,CF,否,,,文档转储命名空间：运行时不存在该全局,CF,否,,,文档转储命名空间：运行时不存在该全局,,双端未见,文档转储（非运行时命名空间）,,
Q-CodeBuddyFuncsRawint GetStartX( void ) const,QUERY,CodeBuddyFuncsRaw,int GetStartX( void ) const,,Dot (Global),Both,moduleObjects,dot,CodeBuddyFuncsRaw.int GetStartX( void ) const,,CF,否,,,文档转储命名空间：运行时不存在该全局,CF,否,,,文档转储命名空间：运行时不存在该全局,,双端未见,文档转储（非运行时命名空间）,,
Q-CodeBuddyFuncsRawCFunction: SetToEnd,QUERY,CodeBuddyFuncsRaw,CFunction: SetToEnd,,Dot (Global),Both,moduleObjects,dot,CodeBuddyFuncsRaw.CFunction: SetToEnd,,CF,否,,,文档转储命名空间：运行时不存在该全局,CF,否,,,文档转储命名空间：运行时不存在该全局,,双端未见,文档转储（非运行时命名空间）,,
Q-CodeBuddyFuncsRawCFunction: LocalizeAndSetToolTip,QUERY,CodeBuddyFuncsRaw,CFunction: LocalizeAndSetToolTip,,Dot (Global),Both,moduleObjects,dot,CodeBuddyFuncsRaw.CFunction: LocalizeAndSetToolTip,,CF,否,,,文档转储命名空间：运行时不存在该全局,CF,否,,,文档转储命名空间：运行时不存在该全局,,双端未见,文档转储（非运行时命名空间）,,
Q-CodeBuddyFuncsRawvoid SetAppRegainedFocusHandler( function ),QUERY,CodeBuddyFuncsRaw,void SetAppRegainedFocusHandler( function ),,Dot (Global),Both,moduleObjects,dot,CodeBuddyFuncsRaw.void SetAppRegainedFocusHandler( function ),,CF,否,,,文档转储命名空间：运行时不存在该全局,CF,否,,,文档转储命名空间：运行时不存在该全局,,双端未见,文档转储（非运行时命名空间）,,
"Q-CodeBuddyFuncsRawvoid GetTypeControlTable( const char*, table )",QUERY,CodeBuddyFuncsRaw,"void GetTypeControlTable( const char*, table )",,Dot (Global),Both,moduleObjects,dot,"CodeBuddyFuncsRaw.void GetTypeControlTable( const char*, table )",,CF,否,,,文档转储命名空间：运行时不存在该全局,CF,否,,,文档转储命名空间：运行时不存在该全局,,双端未见,文档转储（非运行时命名空间）,,
Q-CodeBuddyFuncsRawvoid SetCheck( bool ),QUERY,CodeBuddyFuncsRaw,void SetCheck( bool ),,Dot (Global),Both,moduleObjects,dot,CodeBuddyFuncsRaw.void SetCheck( bool ),,CF,否,,,文档转储命名空间：运行时不存在该全局,CF,否,,,文档转储命名空间：运行时不存在该全局,,双端未见,文档转储（非运行时命名空间）,,
Q-CodeBuddyFuncsRawbool IsVisibleOnMap( void ) const,QUERY,CodeBuddyFuncsRaw,bool IsVisibleOnMap( void ) const,,Dot (Global),Both,moduleObjects,dot,CodeBuddyFuncsRaw.bool IsVisibleOnMap( void ) const,,CF,否,,,文档转储命名空间：运行时不存在该全局,CF,否,,,文档转储命名空间：运行时不存在该全局,,双端未见,文档转储（非运行时命名空间）,,
Q-CodeBuddyFuncsRawvoid RequestReprocessAnchoring( void ),QUERY,CodeBuddyFuncsRaw,void RequestReprocessAnchoring( void ),,Dot (Global),Both,moduleObjects,dot,CodeBuddyFuncsRaw.void RequestReprocessAnchoring( void ),,CF,否,,,文档转储命名空间：运行时不存在该全局,CF,否,,,文档转储命名空间：运行时不存在该全局,,双端未见,文档转储（非运行时命名空间）,,
Q-CodeBuddyFuncsRawint GetDeltaX( void ) const,QUERY,CodeBuddyFuncsRaw,int GetDeltaX( void ) const,,Dot (Global),Both,moduleObjects,dot,CodeBuddyFuncsRaw.int GetDeltaX( void ) const,,CF,否,,,文档转储命名空间：运行时不存在该全局,CF,否,,,文档转储命名空间：运行时不存在该全局,,双端未见,文档转储（非运行时命名空间）,,
Q-CodeBuddyFuncsRawCFunction: SetPlotColor,QUERY,CodeBuddyFuncsRaw,CFunction: SetPlotColor,,Dot (Global),Both,moduleObjects,dot,CodeBuddyFuncsRaw.CFunction: SetPlotColor,,CF,否,,,文档转储命名空间：运行时不存在该全局,CF,否,,,文档转储命名空间：运行时不存在该全局,,双端未见,文档转储（非运行时命名空间）,,
Q-CodeBuddyFuncsRawCFunction: SetGestureStartDistanceThreshold,QUERY,CodeBuddyFuncsRaw,CFunction: SetGestureStartDistanceThreshold,,Dot (Global),Both,moduleObjects,dot,CodeBuddyFuncsRaw.CFunction: SetGestureStartDistanceThreshold,,CF,否,,,文档转储命名空间：运行时不存在该全局,CF,否,,,文档转储命名空间：运行时不存在该全局,,双端未见,文档转储（非运行时命名空间）,,
"Q-CodeBuddyFuncsRawvoid PlayEffectOneTime( ControlBase*, const char* )",QUERY,CodeBuddyFuncsRaw,"void PlayEffectOneTime( ControlBase*, const char* )",,Dot (Global),Both,moduleObjects,dot,"CodeBuddyFuncsRaw.void PlayEffectOneTime( ControlBase*, const char* )",,CF,否,,,文档转储命名空间：运行时不存在该全局,CF,否,,,文档转储命名空间：运行时不存在该全局,,双端未见,文档转储（非运行时命名空间）,,
Q-CodeBuddyFuncsRawCFunction: SetFGColor,QUERY,CodeBuddyFuncsRaw,CFunction: SetFGColor,,Dot (Global),Both,moduleObjects,dot,CodeBuddyFuncsRaw.CFunction: SetFGColor,,CF,否,,,文档转储命名空间：运行时不存在该全局,CF,否,,,文档转储命名空间：运行时不存在该全局,,双端未见,文档转储（非运行时命名空间）,,
Q-CodeBuddyFuncsRawvoid SetVoid1( int ),QUERY,CodeBuddyFuncsRaw,void SetVoid1( int ),,Dot (Global),Both,moduleObjects,dot,CodeBuddyFuncsRaw.void SetVoid1( int ),,CF,否,,,文档转储命名空间：运行时不存在该全局,CF,否,,,文档转储命名空间：运行时不存在该全局,,双端未见,文档转储（非运行时命名空间）,,
Q-CodeBuddyFuncsRawCFunction: CreateText,QUERY,CodeBuddyFuncsRaw,CFunction: CreateText,,Dot (Global),Both,moduleObjects,dot,CodeBuddyFuncsRaw.CFunction: CreateText,,CF,否,,,文档转储命名空间：运行时不存在该全局,CF,否,,,文档转储命名空间：运行时不存在该全局,,双端未见,文档转储（非运行时命名空间）,,
Q-CodeBuddyFuncsRawbool IsOffBottom( void ),QUERY,CodeBuddyFuncsRaw,bool IsOffBottom( void ),,Dot (Global),Both,moduleObjects,dot,CodeBuddyFuncsRaw.bool IsOffBottom( void ),,CF,否,,,文档转储命名空间：运行时不存在该全局,CF,否,,,文档转储命名空间：运行时不存在该全局,,双端未见,文档转储（非运行时命名空间）,,
Q-CodeBuddyFuncsRawvoid SetZoomOffsetNear( FGXVector3 ),QUERY,CodeBuddyFuncsRaw,void SetZoomOffsetNear( FGXVector3 ),,Dot (Global),Both,moduleObjects,dot,CodeBuddyFuncsRaw.void SetZoomOffsetNear( FGXVector3 ),,CF,否,,,文档转储命名空间：运行时不存在该全局,CF,否,,,文档转储命名空间：运行时不存在该全局,,双端未见,文档转储（非运行时命名空间）,,
Q-CodeBuddyFuncsRawbool GetConsumeMouseButton( void ) const,QUERY,CodeBuddyFuncsRaw,bool GetConsumeMouseButton( void ) const,,Dot (Global),Both,moduleObjects,dot,CodeBuddyFuncsRaw.bool GetConsumeMouseButton( void ) const,,CF,否,,,文档转储命名空间：运行时不存在该全局,CF,否,,,文档转储命名空间：运行时不存在该全局,,双端未见,文档转储（非运行时命名空间）,,
Q-CodeBuddyFuncsRawCFunction: FindIconAtlasNearestSize,QUERY,CodeBuddyFuncsRaw,CFunction: FindIconAtlasNearestSize,,Dot (Global),Both,moduleObjects,dot,CodeBuddyFuncsRaw.CFunction: FindIconAtlasNearestSize,,CF,否,,,文档转储命名空间：运行时不存在该全局,CF,否,,,文档转储命名空间：运行时不存在该全局,,双端未见,文档转储（非运行时命名空间）,,
Q-CodeBuddyFuncsRawbool IsOpen( void ),QUERY,CodeBuddyFuncsRaw,bool IsOpen( void ),,Dot (Global),Both,moduleObjects,dot,CodeBuddyFuncsRaw.bool IsOpen( void ),,CF,否,,,文档转储命名空间：运行时不存在该全局,CF,否,,,文档转储命名空间：运行时不存在该全局,,双端未见,文档转储（非运行时命名空间）,,
"Q-CodeBuddyFuncsRawvoid SetSizeToText( float, float )",QUERY,CodeBuddyFuncsRaw,"void SetSizeToText( float, float )",,Dot (Global),Both,moduleObjects,dot,"CodeBuddyFuncsRaw.void SetSizeToText( float, float )",,CF,否,,,文档转储命名空间：运行时不存在该全局,CF,否,,,文档转储命名空间：运行时不存在该全局,,双端未见,文档转储（非运行时命名空间）,,
Q-CodeBuddyFuncsRawbool DequeuePopup( ContextBase* ),QUERY,CodeBuddyFuncsRaw,bool DequeuePopup( ContextBase* ),,Dot (Global),Both,moduleObjects,dot,CodeBuddyFuncsRaw.bool DequeuePopup( ContextBase* ),,CF,否,,,文档转储命名空间：运行时不存在该全局,CF,否,,,文档转储命名空间：运行时不存在该全局,,双端未见,文档转储（非运行时命名空间）,,
Q-CodeBuddyFuncsRawCFunction: GetGestureStartDistanceThreshold,QUERY,CodeBuddyFuncsRaw,CFunction: GetGestureStartDistanceThreshold,,Dot (Global),Both,moduleObjects,dot,CodeBuddyFuncsRaw.CFunction: GetGestureStartDistanceThreshold,,CF,否,,,文档转储命名空间：运行时不存在该全局,CF,否,,,文档转储命名空间：运行时不存在该全局,,双端未见,文档转储（非运行时命名空间）,,
Q-CodeBuddyFuncsRawvoid ClearGlobalInputHandler( void ),QUERY,CodeBuddyFuncsRaw,void ClearGlobalInputHandler( void ),,Dot (Global),Both,moduleObjects,dot,CodeBuddyFuncsRaw.void ClearGlobalInputHandler( void ),,CF,否,,,文档转储命名空间：运行时不存在该全局,CF,否,,,文档转储命名空间：运行时不存在该全局,,双端未见,文档转储（非运行时命名空间）,,
Q-CodeBuddyFuncsRawvoid SetSize( FGXVector2 ),QUERY,CodeBuddyFuncsRaw,void SetSize( FGXVector2 ),,Dot (Global),Both,moduleObjects,dot,CodeBuddyFuncsRaw.void SetSize( FGXVector2 ),,CF,否,,,文档转储命名空间：运行时不存在该全局,CF,否,,,文档转储命名空间：运行时不存在该全局,,双端未见,文档转储（非运行时命名空间）,,
Q-CodeBuddyFuncsRawbool IsTouchToolTipDisabled( void ) const,QUERY,CodeBuddyFuncsRaw,bool IsTouchToolTipDisabled( void ) const,,Dot (Global),Both,moduleObjects,dot,CodeBuddyFuncsRaw.bool IsTouchToolTipDisabled( void ) const,,CF,否,,,文档转储命名空间：运行时不存在该全局,CF,否,,,文档转储命名空间：运行时不存在该全局,,双端未见,文档转储（非运行时命名空间）,,
Q-CodeBuddyFuncsRawvoid SetToolTipType( const char* ),QUERY,CodeBuddyFuncsRaw,void SetToolTipType( const char* ),,Dot (Global),Both,moduleObjects,dot,CodeBuddyFuncsRaw.void SetToolTipType( const char* ),,CF,否,,,文档转储命名空间：运行时不存在该全局,CF,否,,,文档转储命名空间：运行时不存在该全局,,双端未见,文档转储（非运行时命名空间）,,
Q-CodeBuddyFuncsRawCFunction: GetParent,QUERY,CodeBuddyFuncsRaw,CFunction: GetParent,,Dot (Global),Both,moduleObjects,dot,CodeBuddyFuncsRaw.CFunction: GetParent,,CF,否,,,文档转储命名空间：运行时不存在该全局,CF,否,,,文档转储命名空间：运行时不存在该全局,,双端未见,文档转储（非运行时命名空间）,,
Q-CodeBuddyFuncsRawCFunction: CreateTextAtPos,QUERY,CodeBuddyFuncsRaw,CFunction: CreateTextAtPos,,Dot (Global),Both,moduleObjects,dot,CodeBuddyFuncsRaw.CFunction: CreateTextAtPos,,CF,否,,,文档转储命名空间：运行时不存在该全局,CF,否,,,文档转储命名空间：运行时不存在该全局,,双端未见,文档转储（非运行时命名空间）,,
Q-CodeBuddyFuncsRawvoid ClearToolTipCallback( void ),QUERY,CodeBuddyFuncsRaw,void ClearToolTipCallback( void ),,Dot (Global),Both,moduleObjects,dot,CodeBuddyFuncsRaw.void ClearToolTipCallback( void ),,CF,否,,,文档转储命名空间：运行时不存在该全局,CF,否,,,文档转储命名空间：运行时不存在该全局,,双端未见,文档转储（非运行时命名空间）,,
Q-CodeBuddyFuncsRawvoid SetToolTipString( const char* ),QUERY,CodeBuddyFuncsRaw,void SetToolTipString( const char* ),,Dot (Global),Both,moduleObjects,dot,CodeBuddyFuncsRaw.void SetToolTipString( const char* ),,CF,否,,,文档转储命名空间：运行时不存在该全局,CF,否,,,文档转储命名空间：运行时不存在该全局,,双端未见,文档转储（非运行时命名空间）,,
Q-CodeBuddyFuncsRawvoid CalculateInternalSize( void ),QUERY,CodeBuddyFuncsRaw,void CalculateInternalSize( void ),,Dot (Global),Both,moduleObjects,dot,CodeBuddyFuncsRaw.void CalculateInternalSize( void ),,CF,否,,,文档转储命名空间：运行时不存在该全局,CF,否,,,文档转储命名空间：运行时不存在该全局,,双端未见,文档转储（非运行时命名空间）,,
Q-CodeBuddyFuncsRawvoid RegisterSelectionCallback( function ),QUERY,CodeBuddyFuncsRaw,void RegisterSelectionCallback( function ),,Dot (Global),Both,moduleObjects,dot,CodeBuddyFuncsRaw.void RegisterSelectionCallback( function ),,CF,否,,,文档转储命名空间：运行时不存在该全局,CF,否,,,文档转储命名空间：运行时不存在该全局,,双端未见,文档转储（非运行时命名空间）,,
Q-CodeBuddyFuncsRawvoid SetWidth( float ),QUERY,CodeBuddyFuncsRaw,void SetWidth( float ),,Dot (Global),Both,moduleObjects,dot,CodeBuddyFuncsRaw.void SetWidth( float ),,CF,否,,,文档转储命名空间：运行时不存在该全局,CF,否,,,文档转储命名空间：运行时不存在该全局,,双端未见,文档转储（非运行时命名空间）,,
Q-CodeBuddyFuncsRawvoid SetPostInit( function ),QUERY,CodeBuddyFuncsRaw,void SetPostInit( function ),,Dot (Global),Both,moduleObjects,dot,CodeBuddyFuncsRaw.void SetPostInit( function ),,CF,否,,,文档转储命名空间：运行时不存在该全局,CF,否,,,文档转储命名空间：运行时不存在该全局,,双端未见,文档转储（非运行时命名空间）,,
Q-CodeBuddyFuncsRawCFunction: SetGridColor,QUERY,CodeBuddyFuncsRaw,CFunction: SetGridColor,,Dot (Global),Both,moduleObjects,dot,CodeBuddyFuncsRaw.CFunction: SetGridColor,,CF,否,,,文档转储命名空间：运行时不存在该全局,CF,否,,,文档转储命名空间：运行时不存在该全局,,双端未见,文档转储（非运行时命名空间）,,
Q-CodeBuddyFuncsRawCFunction: SetString,QUERY,CodeBuddyFuncsRaw,CFunction: SetString,,Dot (Global),Both,moduleObjects,dot,CodeBuddyFuncsRaw.CFunction: SetString,,CF,否,,,文档转储命名空间：运行时不存在该全局,CF,否,,,文档转储命名空间：运行时不存在该全局,,双端未见,文档转储（非运行时命名空间）,,
Q-CodeBuddyFuncsRawvoid ClearCurrent( void ),QUERY,CodeBuddyFuncsRaw,void ClearCurrent( void ),,Dot (Global),Both,moduleObjects,dot,CodeBuddyFuncsRaw.void ClearCurrent( void ),,CF,否,,,文档转储命名空间：运行时不存在该全局,CF,否,,,文档转储命名空间：运行时不存在该全局,,双端未见,文档转储（非运行时命名空间）,,
Q-CodeBuddyFuncsRawbool IsGamepadSupported( void ) const,QUERY,CodeBuddyFuncsRaw,bool IsGamepadSupported( void ) const,,Dot (Global),Both,moduleObjects,dot,CodeBuddyFuncsRaw.bool IsGamepadSupported( void ) const,,CF,否,,,文档转储命名空间：运行时不存在该全局,CF,否,,,文档转储命名空间：运行时不存在该全局,,双端未见,文档转储（非运行时命名空间）,,
Q-CodeBuddyFuncsRawStackControl* GetStack( void ),QUERY,CodeBuddyFuncsRaw,StackControl* GetStack( void ),,Dot (Global),Both,moduleObjects,dot,CodeBuddyFuncsRaw.StackControl* GetStack( void ),,ERR,否,,,文档转储命名空间：运行时不存在该全局,ERR,否,,,文档转储命名空间：运行时不存在该全局,,双端未见,文档转储（非运行时命名空间）,,
Q-CodeBuddyFuncsRawvoid SetHideHandler( function ),QUERY,CodeBuddyFuncsRaw,void SetHideHandler( function ),,Dot (Global),Both,moduleObjects,dot,CodeBuddyFuncsRaw.void SetHideHandler( function ),,CF,否,,,文档转储命名空间：运行时不存在该全局,CF,否,,,文档转储命名空间：运行时不存在该全局,,双端未见,文档转储（非运行时命名空间）,,
Q-CodeBuddyFuncsRawbool HasTexture( void ) const,QUERY,CodeBuddyFuncsRaw,bool HasTexture( void ) const,,Dot (Global),Both,moduleObjects,dot,CodeBuddyFuncsRaw.bool HasTexture( void ) const,,CF,否,,,文档转储命名空间：运行时不存在该全局,CF,否,,,文档转储命名空间：运行时不存在该全局,,双端未见,文档转储（非运行时命名空间）,,
Q-CodeBuddyFuncsRawvoid BranchResetAnimation( void ),QUERY,CodeBuddyFuncsRaw,void BranchResetAnimation( void ),,Dot (Global),Both,moduleObjects,dot,CodeBuddyFuncsRaw.void BranchResetAnimation( void ),,CF,否,,,文档转储命名空间：运行时不存在该全局,CF,否,,,文档转储命名空间：运行时不存在该全局,,双端未见,文档转储（非运行时命名空间）,,
Q-CodeBuddyFuncsRawvoid SortChildren( function ),QUERY,CodeBuddyFuncsRaw,void SortChildren( function ),,Dot (Global),Both,moduleObjects,dot,CodeBuddyFuncsRaw.void SortChildren( function ),,CF,否,,,文档转储命名空间：运行时不存在该全局,CF,否,,,文档转储命名空间：运行时不存在该全局,,双端未见,文档转储（非运行时命名空间）,,
Q-CodeBuddyFuncsRawvoid SetSpeed( float ),QUERY,CodeBuddyFuncsRaw,void SetSpeed( float ),,Dot (Global),Both,moduleObjects,dot,CodeBuddyFuncsRaw.void SetSpeed( float ),,CF,否,,,文档转储命名空间：运行时不存在该全局,CF,否,,,文档转储命名空间：运行时不存在该全局,,双端未见,文档转储（非运行时命名空间）,,
"Q-CodeBuddyFuncsRawvoid SetRange( float, float )",QUERY,CodeBuddyFuncsRaw,"void SetRange( float, float )",,Dot (Global),Both,moduleObjects,dot,"CodeBuddyFuncsRaw.void SetRange( float, float )",,CF,否,,,文档转储命名空间：运行时不存在该全局,CF,否,,,文档转储命名空间：运行时不存在该全局,,双端未见,文档转储（非运行时命名空间）,,
Q-CodeBuddyFuncsRawCFunction: SetButtonHighlightColor,QUERY,CodeBuddyFuncsRaw,CFunction: SetButtonHighlightColor,,Dot (Global),Both,moduleObjects,dot,CodeBuddyFuncsRaw.CFunction: SetButtonHighlightColor,,CF,否,,,文档转储命名空间：运行时不存在该全局,CF,否,,,文档转储命名空间：运行时不存在该全局,,双端未见,文档转储（非运行时命名空间）,,
Q-CodeBuddyFuncsRawbool GetConsumeMouseWheel( void ) const,QUERY,CodeBuddyFuncsRaw,bool GetConsumeMouseWheel( void ) const,,Dot (Global),Both,moduleObjects,dot,CodeBuddyFuncsRaw.bool GetConsumeMouseWheel( void ) const,,CF,否,,,文档转储命名空间：运行时不存在该全局,CF,否,,,文档转储命名空间：运行时不存在该全局,,双端未见,文档转储（非运行时命名空间）,,
Q-CodeBuddyFuncsRawbool IsInPopupQueue( ContextBase* ),QUERY,CodeBuddyFuncsRaw,bool IsInPopupQueue( ContextBase* ),,Dot (Global),Both,moduleObjects,dot,CodeBuddyFuncsRaw.bool IsInPopupQueue( ContextBase* ),,CF,否,,,文档转储命名空间：运行时不存在该全局,CF,否,,,文档转储命名空间：运行时不存在该全局,,双端未见,文档转储（非运行时命名空间）,,
Q-CodeBuddyFuncsRawvoid SetForceIME( bool ),QUERY,CodeBuddyFuncsRaw,void SetForceIME( bool ),,Dot (Global),Both,moduleObjects,dot,CodeBuddyFuncsRaw.void SetForceIME( bool ),,CF,否,,,文档转储命名空间：运行时不存在该全局,CF,否,,,文档转储命名空间：运行时不存在该全局,,双端未见,文档转储（非运行时命名空间）,,
"Q-CodeBuddyFuncsRawvoid GamepadEnableTooltips( bool, bool, bool, int, int )",QUERY,CodeBuddyFuncsRaw,"void GamepadEnableTooltips( bool, bool, bool, int, int )",,Dot (Global),Both,moduleObjects,dot,"CodeBuddyFuncsRaw.void GamepadEnableTooltips( bool, bool, bool, int, int )",,CF,否,,,文档转储命名空间：运行时不存在该全局,CF,否,,,文档转储命名空间：运行时不存在该全局,,双端未见,文档转储（非运行时命名空间）,,
Q-CodeBuddyFuncsRawCFunction: GetGestureDistance,QUERY,CodeBuddyFuncsRaw,CFunction: GetGestureDistance,,Dot (Global),Both,moduleObjects,dot,CodeBuddyFuncsRaw.CFunction: GetGestureDistance,,CF,否,,,文档转储命名空间：运行时不存在该全局,CF,否,,,文档转储命名空间：运行时不存在该全局,,双端未见,文档转储（非运行时命名空间）,,
Q-CodeBuddyFuncsRawCFunction: SetColor,QUERY,CodeBuddyFuncsRaw,CFunction: SetColor,,Dot (Global),Both,moduleObjects,dot,CodeBuddyFuncsRaw.CFunction: SetColor,,CF,否,,,文档转储命名空间：运行时不存在该全局,CF,否,,,文档转储命名空间：运行时不存在该全局,,双端未见,文档转储（非运行时命名空间）,,
Q-CodeBuddyFuncsRawbool IsAltDown( void ) const,QUERY,CodeBuddyFuncsRaw,bool IsAltDown( void ) const,,Dot (Global),Both,moduleObjects,dot,CodeBuddyFuncsRaw.bool IsAltDown( void ) const,,CF,否,,,文档转储命名空间：运行时不存在该全局,CF,否,,,文档转储命名空间：运行时不存在该全局,,双端未见,文档转储（非运行时命名空间）,,
"Q-CodeBuddyFuncsRawvoid SetEndVal( float, float )",QUERY,CodeBuddyFuncsRaw,"void SetEndVal( float, float )",,Dot (Global),Both,moduleObjects,dot,"CodeBuddyFuncsRaw.void SetEndVal( float, float )",,CF,否,,,文档转储命名空间：运行时不存在该全局,CF,否,,,文档转储命名空间：运行时不存在该全局,,双端未见,文档转储（非运行时命名空间）,,
Q-CodeBuddyFuncsRawbool IsToolTipEnabled( void ) const,QUERY,CodeBuddyFuncsRaw,bool IsToolTipEnabled( void ) const,,Dot (Global),Both,moduleObjects,dot,CodeBuddyFuncsRaw.bool IsToolTipEnabled( void ) const,,CF,否,,,文档转储命名空间：运行时不存在该全局,CF,否,,,文档转储命名空间：运行时不存在该全局,,双端未见,文档转储（非运行时命名空间）,,
Q-CodeBuddyFuncsRawvoid ClearDownEndCallback( void ),QUERY,CodeBuddyFuncsRaw,void ClearDownEndCallback( void ),,Dot (Global),Both,moduleObjects,dot,CodeBuddyFuncsRaw.void ClearDownEndCallback( void ),,CF,否,,,文档转储命名空间：运行时不存在该全局,CF,否,,,文档转储命名空间：运行时不存在该全局,,双端未见,文档转储（非运行时命名空间）,,
Q-CodeBuddyFuncsRawCFunction: SetPlotChannel,QUERY,CodeBuddyFuncsRaw,CFunction: SetPlotChannel,,Dot (Global),Both,moduleObjects,dot,CodeBuddyFuncsRaw.CFunction: SetPlotChannel,,CF,否,,,文档转储命名空间：运行时不存在该全局,CF,否,,,文档转储命名空间：运行时不存在该全局,,双端未见,文档转储（非运行时命名空间）,,
"Q-CodeBuddyFuncsRawvoid SetWorldPositionVal( float, float, float )",QUERY,CodeBuddyFuncsRaw,"void SetWorldPositionVal( float, float, float )",,Dot (Global),Both,moduleObjects,dot,"CodeBuddyFuncsRaw.void SetWorldPositionVal( float, float, float )",,CF,否,,,文档转储命名空间：运行时不存在该全局,CF,否,,,文档转储命名空间：运行时不存在该全局,,双端未见,文档转储（非运行时命名空间）,,
Q-CodeBuddyFuncsRawbool SetMask( const char* ),QUERY,CodeBuddyFuncsRaw,bool SetMask( const char* ),,Dot (Global),Both,moduleObjects,dot,CodeBuddyFuncsRaw.bool SetMask( const char* ),,CF,否,,,文档转储命名空间：运行时不存在该全局,CF,否,,,文档转储命名空间：运行时不存在该全局,,双端未见,文档转储（非运行时命名空间）,,
Q-CodeBuddyFuncsRawvoid PopModal( ControlBase* ),QUERY,CodeBuddyFuncsRaw,void PopModal( ControlBase* ),,Dot (Global),Both,moduleObjects,dot,CodeBuddyFuncsRaw.void PopModal( ControlBase* ),,CF,否,,,文档转储命名空间：运行时不存在该全局,CF,否,,,文档转储命名空间：运行时不存在该全局,,双端未见,文档转储（非运行时命名空间）,,
Q-CodeBuddyFuncsRawbool SetUnCheckTexture( const char* ),QUERY,CodeBuddyFuncsRaw,bool SetUnCheckTexture( const char* ),,Dot (Global),Both,moduleObjects,dot,CodeBuddyFuncsRaw.bool SetUnCheckTexture( const char* ),,CF,否,,,文档转储命名空间：运行时不存在该全局,CF,否,,,文档转储命名空间：运行时不存在该全局,,双端未见,文档转储（非运行时命名空间）,,
Q-CodeBuddyFuncsRawvoid SetProgress( float ),QUERY,CodeBuddyFuncsRaw,void SetProgress( float ),,Dot (Global),Both,moduleObjects,dot,CodeBuddyFuncsRaw.void SetProgress( float ),,CF,否,,,文档转储命名空间：运行时不存在该全局,CF,否,,,文档转储命名空间：运行时不存在该全局,,双端未见,文档转储（非运行时命名空间）,,
Q-CodeBuddyFuncsRawCFunction: GetPopupParameters,QUERY,CodeBuddyFuncsRaw,CFunction: GetPopupParameters,,Dot (Global),Both,moduleObjects,dot,CodeBuddyFuncsRaw.CFunction: GetPopupParameters,,CF,否,,,文档转储命名空间：运行时不存在该全局,CF,否,,,文档转储命名空间：运行时不存在该全局,,双端未见,文档转储（非运行时命名空间）,,
Q-CodeBuddyFuncsRawbool IsGamepadConnected( void ) const,QUERY,CodeBuddyFuncsRaw,bool IsGamepadConnected( void ) const,,Dot (Global),Both,moduleObjects,dot,CodeBuddyFuncsRaw.bool IsGamepadConnected( void ) const,,CF,否,,,文档转储命名空间：运行时不存在该全局,CF,否,,,文档转储命名空间：运行时不存在该全局,,双端未见,文档转储（非运行时命名空间）,,
"Q-CodeBuddyFuncsRawvoid SetRelativeEndVal( float, float )",QUERY,CodeBuddyFuncsRaw,"void SetRelativeEndVal( float, float )",,Dot (Global),Both,moduleObjects,dot,"CodeBuddyFuncsRaw.void SetRelativeEndVal( float, float )",,CF,否,,,文档转储命名空间：运行时不存在该全局,CF,否,,,文档转储命名空间：运行时不存在该全局,,双端未见,文档转储（非运行时命名空间）,,
Q-CodeBuddyFuncsRawSliderControl* GetScrollBar( void ),QUERY,CodeBuddyFuncsRaw,SliderControl* GetScrollBar( void ),,Dot (Global),Both,moduleObjects,dot,CodeBuddyFuncsRaw.SliderControl* GetScrollBar( void ),,ERR,否,,,文档转储命名空间：运行时不存在该全局,ERR,否,,,文档转储命名空间：运行时不存在该全局,,双端未见,文档转储（非运行时命名空间）,,
"Q-CodeBuddyFuncsRawvoid SetUnCheckTextureSizeVal( float, float )",QUERY,CodeBuddyFuncsRaw,"void SetUnCheckTextureSizeVal( float, float )",,Dot (Global),Both,moduleObjects,dot,"CodeBuddyFuncsRaw.void SetUnCheckTextureSizeVal( float, float )",,CF,否,,,文档转储命名空间：运行时不存在该全局,CF,否,,,文档转储命名空间：运行时不存在该全局,,双端未见,文档转储（非运行时命名空间）,,
Q-CodeBuddyFuncsRawvoid PopAllInterrupts( void ),QUERY,CodeBuddyFuncsRaw,void PopAllInterrupts( void ),,Dot (Global),Both,moduleObjects,dot,CodeBuddyFuncsRaw.void PopAllInterrupts( void ),,CF,否,,,文档转储命名空间：运行时不存在该全局,CF,否,,,文档转储命名空间：运行时不存在该全局,,双端未见,文档转储（非运行时命名空间）,,
Q-CodeBuddyFuncsRawvoid RegisterAnimCallback( function ),QUERY,CodeBuddyFuncsRaw,void RegisterAnimCallback( function ),,Dot (Global),Both,moduleObjects,dot,CodeBuddyFuncsRaw.void RegisterAnimCallback( function ),,CF,否,,,文档转储命名空间：运行时不存在该全局,CF,否,,,文档转储命名空间：运行时不存在该全局,,双端未见,文档转储（非运行时命名空间）,,
Q-CodeBuddyFuncsRawvoid SetEnabled( bool ),QUERY,CodeBuddyFuncsRaw,void SetEnabled( bool ),,Dot (Global),Both,moduleObjects,dot,CodeBuddyFuncsRaw.void SetEnabled( bool ),,CF,否,,,文档转储命名空间：运行时不存在该全局,CF,否,,,文档转储命名空间：运行时不存在该全局,,双端未见,文档转储（非运行时命名空间）,,
Q-CodeBuddyFuncsRawCFunction: WasInGesture,QUERY,CodeBuddyFuncsRaw,CFunction: WasInGesture,,Dot (Global),Both,moduleObjects,dot,CodeBuddyFuncsRaw.CFunction: WasInGesture,,CF,否,,,文档转储命名空间：运行时不存在该全局,CF,否,,,文档转储命名空间：运行时不存在该全局,,双端未见,文档转储（非运行时命名空间）,,
Q-CodeBuddyFuncsRawCFunction: SetToolTipString,QUERY,CodeBuddyFuncsRaw,CFunction: SetToolTipString,,Dot (Global),Both,moduleObjects,dot,CodeBuddyFuncsRaw.CFunction: SetToolTipString,,CF,否,,,文档转储命名空间：运行时不存在该全局,CF,否,,,文档转储命名空间：运行时不存在该全局,,双端未见,文档转储（非运行时命名空间）,,
Q-CodeBuddyFuncsRawvoid SetWrapWidth( float ),QUERY,CodeBuddyFuncsRaw,void SetWrapWidth( float ),,Dot (Global),Both,moduleObjects,dot,CodeBuddyFuncsRaw.void SetWrapWidth( float ),,CF,否,,,文档转储命名空间：运行时不存在该全局,CF,否,,,文档转储命名空间：运行时不存在该全局,,双端未见,文档转储（非运行时命名空间）,,
Q-CodeBuddyFuncsRawint GetCycleType( void ),QUERY,CodeBuddyFuncsRaw,int GetCycleType( void ),,Dot (Global),Both,moduleObjects,dot,CodeBuddyFuncsRaw.int GetCycleType( void ),,CF,否,,,文档转储命名空间：运行时不存在该全局,CF,否,,,文档转储命名空间：运行时不存在该全局,,双端未见,文档转储（非运行时命名空间）,,
Q-CodeBuddyFuncsRawvoid ClearWhenHiddenCallback( void ),QUERY,CodeBuddyFuncsRaw,void ClearWhenHiddenCallback( void ),,Dot (Global),Both,moduleObjects,dot,CodeBuddyFuncsRaw.void ClearWhenHiddenCallback( void ),,CF,否,,,文档转储命名空间：运行时不存在该全局,CF,否,,,文档转储命名空间：运行时不存在该全局,,双端未见,文档转储（非运行时命名空间）,,
Q-CodeBuddyFuncsRawbool HasFocus( void ) const,QUERY,CodeBuddyFuncsRaw,bool HasFocus( void ) const,,Dot (Global),Both,moduleObjects,dot,CodeBuddyFuncsRaw.bool HasFocus( void ) const,,CF,否,,,文档转储命名空间：运行时不存在该全局,CF,否,,,文档转储命名空间：运行时不存在该全局,,双端未见,文档转储（非运行时命名空间）,,
Q-CodeBuddyFuncsRawCFunction: GetLuaFileName,QUERY,CodeBuddyFuncsRaw,CFunction: GetLuaFileName,,Dot (Global),Both,moduleObjects,dot,CodeBuddyFuncsRaw.CFunction: GetLuaFileName,,CF,否,,,文档转储命名空间：运行时不存在该全局,CF,否,,,文档转储命名空间：运行时不存在该全局,,双端未见,文档转储（非运行时命名空间）,,
Q-CodeBuddyFuncsRawvoid SetStyle( uint ),QUERY,CodeBuddyFuncsRaw,void SetStyle( uint ),,Dot (Global),Both,moduleObjects,dot,CodeBuddyFuncsRaw.void SetStyle( uint ),,CF,否,,,文档转储命名空间：运行时不存在该全局,CF,否,,,文档转储命名空间：运行时不存在该全局,,双端未见,文档转储（非运行时命名空间）,,
Q-CodeBuddyFuncsRawbool IsTextureLoaded( void ),QUERY,CodeBuddyFuncsRaw,bool IsTextureLoaded( void ),,Dot (Global),Both,moduleObjects,dot,CodeBuddyFuncsRaw.bool IsTextureLoaded( void ),,CF,否,,,文档转储命名空间：运行时不存在该全局,CF,否,,,文档转储命名空间：运行时不存在该全局,,双端未见,文档转储（非运行时命名空间）,,
Q-CodeBuddyFuncsRawCFunction: GetParentByID,QUERY,CodeBuddyFuncsRaw,CFunction: GetParentByID,,Dot (Global),Both,moduleObjects,dot,CodeBuddyFuncsRaw.CFunction: GetParentByID,,CF,否,,,文档转储命名空间：运行时不存在该全局,CF,否,,,文档转储命名空间：运行时不存在该全局,,双端未见,文档转储（非运行时命名空间）,,
Q-CodeBuddyFuncsRawvoid SetMovieFrameCallback( function ),QUERY,CodeBuddyFuncsRaw,void SetMovieFrameCallback( function ),,Dot (Global),Both,moduleObjects,dot,CodeBuddyFuncsRaw.void SetMovieFrameCallback( function ),,CF,否,,,文档转储命名空间：运行时不存在该全局,CF,否,,,文档转储命名空间：运行时不存在该全局,,双端未见,文档转储（非运行时命名空间）,,
"Q-CodeBuddyFuncsRawvoid SetWorldEndVal( float, float, float )",QUERY,CodeBuddyFuncsRaw,"void SetWorldEndVal( float, float, float )",,Dot (Global),Both,moduleObjects,dot,"CodeBuddyFuncsRaw.void SetWorldEndVal( float, float, float )",,CF,否,,,文档转储命名空间：运行时不存在该全局,CF,否,,,文档转储命名空间：运行时不存在该全局,,双端未见,文档转储（非运行时命名空间）,,
Q-CodeBuddyFuncsRawbool IsMButtonDown( void ) const,QUERY,CodeBuddyFuncsRaw,bool IsMButtonDown( void ) const,,Dot (Global),Both,moduleObjects,dot,CodeBuddyFuncsRaw.bool IsMButtonDown( void ) const,,CF,否,,,文档转储命名空间：运行时不存在该全局,CF,否,,,文档转储命名空间：运行时不存在该全局,,双端未见,文档转储（非运行时命名空间）,,
Q-CodeBuddyFuncsRawvoid ClearRequestRefresh( void ),QUERY,CodeBuddyFuncsRaw,void ClearRequestRefresh( void ),,Dot (Global),Both,moduleObjects,dot,CodeBuddyFuncsRaw.void ClearRequestRefresh( void ),,CF,否,,,文档转储命名空间：运行时不存在该全局,CF,否,,,文档转储命名空间：运行时不存在该全局,,双端未见,文档转储（非运行时命名空间）,,
Q-CodeBuddyFuncsRawCFunction: CreatePathAlongSpline,QUERY,CodeBuddyFuncsRaw,CFunction: CreatePathAlongSpline,,Dot (Global),Both,moduleObjects,dot,CodeBuddyFuncsRaw.CFunction: CreatePathAlongSpline,,CF,否,,,文档转储命名空间：运行时不存在该全局,CF,否,,,文档转储命名空间：运行时不存在该全局,,双端未见,文档转储（非运行时命名空间）,,
Q-CodeBuddyFuncsRawint GetNormalDeltaX( void ) const,QUERY,CodeBuddyFuncsRaw,int GetNormalDeltaX( void ) const,,Dot (Global),Both,moduleObjects,dot,CodeBuddyFuncsRaw.int GetNormalDeltaX( void ) const,,CF,否,,,文档转储命名空间：运行时不存在该全局,CF,否,,,文档转储命名空间：运行时不存在该全局,,双端未见,文档转储（非运行时命名空间）,,
Q-CodeBuddyFuncsRawCFunction: GetMouseOverControls,QUERY,CodeBuddyFuncsRaw,CFunction: GetMouseOverControls,,Dot (Global),Both,moduleObjects,dot,CodeBuddyFuncsRaw.CFunction: GetMouseOverControls,,CF,否,,,文档转储命名空间：运行时不存在该全局,CF,否,,,文档转储命名空间：运行时不存在该全局,,双端未见,文档转储（非运行时命名空间）,,
Q-CodeBuddyFuncsRawbool IsEnabled( void ) const,QUERY,CodeBuddyFuncsRaw,bool IsEnabled( void ) const,,Dot (Global),Both,moduleObjects,dot,CodeBuddyFuncsRaw.bool IsEnabled( void ) const,,CF,否,,,文档转储命名空间：运行时不存在该全局,CF,否,,,文档转储命名空间：运行时不存在该全局,,双端未见,文档转储（非运行时命名空间）,,
Q-CodeBuddyFuncsRawvoid RegisterCommitCallback( function ),QUERY,CodeBuddyFuncsRaw,void RegisterCommitCallback( function ),,Dot (Global),Both,moduleObjects,dot,CodeBuddyFuncsRaw.void RegisterCommitCallback( function ),,CF,否,,,文档转储命名空间：运行时不存在该全局,CF,否,,,文档转储命名空间：运行时不存在该全局,,双端未见,文档转储（非运行时命名空间）,,
Q-CodeBuddyFuncsRawvoid StrategicView_ClearReferenceMap( void ),QUERY,CodeBuddyFuncsRaw,void StrategicView_ClearReferenceMap( void ),,Dot (Global),Both,moduleObjects,dot,CodeBuddyFuncsRaw.void StrategicView_ClearReferenceMap( void ),,CF,否,,,文档转储命名空间：运行时不存在该全局,CF,否,,,文档转储命名空间：运行时不存在该全局,,双端未见,文档转储（非运行时命名空间）,,
Q-CodeBuddyFuncsRawvoid ShowVGridLines( bool ),QUERY,CodeBuddyFuncsRaw,void ShowVGridLines( bool ),,Dot (Global),Both,moduleObjects,dot,CodeBuddyFuncsRaw.void ShowVGridLines( bool ),,CF,否,,,文档转储命名空间：运行时不存在该全局,CF,否,,,文档转储命名空间：运行时不存在该全局,,双端未见,文档转储（非运行时命名空间）,,
Q-CodeBuddyFuncsRawfloat StrategicView_GetReferenceMapAlpha( void ),QUERY,CodeBuddyFuncsRaw,float StrategicView_GetReferenceMapAlpha( void ),,Dot (Global),Both,moduleObjects,dot,CodeBuddyFuncsRaw.float StrategicView_GetReferenceMapAlpha( void ),,CF,否,,,文档转储命名空间：运行时不存在该全局,CF,否,,,文档转储命名空间：运行时不存在该全局,,双端未见,文档转储（非运行时命名空间）,,
Q-CodeBuddyFuncsRawbool SetTexture( const char* ),QUERY,CodeBuddyFuncsRaw,bool SetTexture( const char* ),,Dot (Global),Both,moduleObjects,dot,CodeBuddyFuncsRaw.bool SetTexture( const char* ),,CF,否,,,文档转储命名空间：运行时不存在该全局,CF,否,,,文档转储命名空间：运行时不存在该全局,,双端未见,文档转储（非运行时命名空间）,,
Q-CodeBuddyFuncsRawvoid ClearMouseExitCallback( void ),QUERY,CodeBuddyFuncsRaw,void ClearMouseExitCallback( void ),,Dot (Global),Both,moduleObjects,dot,CodeBuddyFuncsRaw.void ClearMouseExitCallback( void ),,CF,否,,,文档转储命名空间：运行时不存在该全局,CF,否,,,文档转储命名空间：运行时不存在该全局,,双端未见,文档转储（非运行时命名空间）,,
Q-CodeBuddyFuncsRawvoid SetParentRelativeSizeX( float ),QUERY,CodeBuddyFuncsRaw,void SetParentRelativeSizeX( float ),,Dot (Global),Both,moduleObjects,dot,CodeBuddyFuncsRaw.void SetParentRelativeSizeX( float ),,CF,否,,,文档转储命名空间：运行时不存在该全局,CF,否,,,文档转储命名空间：运行时不存在该全局,,双端未见,文档转储（非运行时命名空间）,,
Q-CodeBuddyFuncsRawvoid UnloadTexture( void ),QUERY,CodeBuddyFuncsRaw,void UnloadTexture( void ),,Dot (Global),Both,moduleObjects,dot,CodeBuddyFuncsRaw.void UnloadTexture( void ),,CF,否,,,文档转储命名空间：运行时不存在该全局,CF,否,,,文档转储命名空间：运行时不存在该全局,,双端未见,文档转储（非运行时命名空间）,,
Q-CodeBuddyFuncsRawCFunction: FindIconAtlas,QUERY,CodeBuddyFuncsRaw,CFunction: FindIconAtlas,,Dot (Global),Both,moduleObjects,dot,CodeBuddyFuncsRaw.CFunction: FindIconAtlas,,CF,否,,,文档转储命名空间：运行时不存在该全局,CF,否,,,文档转储命名空间：运行时不存在该全局,,双端未见,文档转储（非运行时命名空间）,,
Q-CodeBuddyFuncsRawvoid ResumeAllEffects( void ),QUERY,CodeBuddyFuncsRaw,void ResumeAllEffects( void ),,Dot (Global),Both,moduleObjects,dot,CodeBuddyFuncsRaw.void ResumeAllEffects( void ),,CF,否,,,文档转储命名空间：运行时不存在该全局,CF,否,,,文档转储命名空间：运行时不存在该全局,,双端未见,文档转储（非运行时命名空间）,,
Q-CodeBuddyFuncsRawvoid SetStackPadding( int ),QUERY,CodeBuddyFuncsRaw,void SetStackPadding( int ),,Dot (Global),Both,moduleObjects,dot,CodeBuddyFuncsRaw.void SetStackPadding( int ),,CF,否,,,文档转储命名空间：运行时不存在该全局,CF,否,,,文档转储命名空间：运行时不存在该全局,,双端未见,文档转储（非运行时命名空间）,,
"Q-CodeBuddyFuncsRawvoid SetStartVal( float, float )",QUERY,CodeBuddyFuncsRaw,"void SetStartVal( float, float )",,Dot (Global),Both,moduleObjects,dot,"CodeBuddyFuncsRaw.void SetStartVal( float, float )",,CF,否,,,文档转储命名空间：运行时不存在该全局,CF,否,,,文档转储命名空间：运行时不存在该全局,,双端未见,文档转储（非运行时命名空间）,,
Q-CodeBuddyFuncsRawvoid DoLeftClick( void ),QUERY,CodeBuddyFuncsRaw,void DoLeftClick( void ),,Dot (Global),Both,moduleObjects,dot,CodeBuddyFuncsRaw.void DoLeftClick( void ),,CF,否,,,文档转储命名空间：运行时不存在该全局,CF,否,,,文档转储命名空间：运行时不存在该全局,,双端未见,文档转储（非运行时命名空间）,,
Q-CodeBuddyFuncsRawvoid SetInitHandler( function ),QUERY,CodeBuddyFuncsRaw,void SetInitHandler( function ),,Dot (Global),Both,moduleObjects,dot,CodeBuddyFuncsRaw.void SetInitHandler( function ),,CF,否,,,文档转储命名空间：运行时不存在该全局,CF,否,,,文档转储命名空间：运行时不存在该全局,,双端未见,文档转储（非运行时命名空间）,,
Q-CodeBuddyFuncsRawbool IsPlaying( void ),QUERY,CodeBuddyFuncsRaw,bool IsPlaying( void ),,Dot (Global),Both,moduleObjects,dot,CodeBuddyFuncsRaw.bool IsPlaying( void ),,CF,否,,,文档转储命名空间：运行时不存在该全局,CF,否,,,文档转储命名空间：运行时不存在该全局,,双端未见,文档转储（非运行时命名空间）,,
Q-CodeBuddyFuncsRawvoid Reparent( void ),QUERY,CodeBuddyFuncsRaw,void Reparent( void ),,Dot (Global),Both,moduleObjects,dot,CodeBuddyFuncsRaw.void Reparent( void ),,CF,否,,,文档转储命名空间：运行时不存在该全局,CF,否,,,文档转储命名空间：运行时不存在该全局,,双端未见,文档转储（非运行时命名空间）,,
Q-CodeBuddyFuncsRawvoid DisablePopupQueue( bool ),QUERY,CodeBuddyFuncsRaw,void DisablePopupQueue( bool ),,Dot (Global),Both,moduleObjects,dot,CodeBuddyFuncsRaw.void DisablePopupQueue( bool ),,CF,否,,,文档转储命名空间：运行时不存在该全局,CF,否,,,文档转储命名空间：运行时不存在该全局,,双端未见,文档转储（非运行时命名空间）,,
Q-CodeBuddyFuncsRawint GetVoid1( void ) const,QUERY,CodeBuddyFuncsRaw,int GetVoid1( void ) const,,Dot (Global),Both,moduleObjects,dot,CodeBuddyFuncsRaw.int GetVoid1( void ) const,,CF,否,,,文档转储命名空间：运行时不存在该全局,CF,否,,,文档转储命名空间：运行时不存在该全局,,双端未见,文档转储（非运行时命名空间）,,
Q-CodeBuddyFuncsRawvoid Scale( float ),QUERY,CodeBuddyFuncsRaw,void Scale( float ),,Dot (Global),Both,moduleObjects,dot,CodeBuddyFuncsRaw.void Scale( float ),,CF,否,,,文档转储命名空间：运行时不存在该全局,CF,否,,,文档转储命名空间：运行时不存在该全局,,双端未见,文档转储（非运行时命名空间）,,
Q-CodeBuddyFuncsRawvoid SetMovieFinishedCallback( function ),QUERY,CodeBuddyFuncsRaw,void SetMovieFinishedCallback( function ),,Dot (Global),Both,moduleObjects,dot,CodeBuddyFuncsRaw.void SetMovieFinishedCallback( function ),,CF,否,,,文档转储命名空间：运行时不存在该全局,CF,否,,,文档转储命名空间：运行时不存在该全局,,双端未见,文档转储（非运行时命名空间）,,
"Q-CodeBuddyFuncsRawControlBase* BuildInstanceForControlAtIndex( const char*, table, ControlBase*, int )",QUERY,CodeBuddyFuncsRaw,"ControlBase* BuildInstanceForControlAtIndex( const char*, table, ControlBase*, int )",,Dot (Global),Both,moduleObjects,dot,"CodeBuddyFuncsRaw.ControlBase* BuildInstanceForControlAtIndex( const char*, table, ControlBase*, int )",,CF,否,,,文档转储命名空间：运行时不存在该全局,CF,否,,,文档转储命名空间：运行时不存在该全局,,双端未见,文档转储（非运行时命名空间）,,
Q-CodeBuddyFuncsRawCFunction: LoadNewContext,QUERY,CodeBuddyFuncsRaw,CFunction: LoadNewContext,,Dot (Global),Both,moduleObjects,dot,CodeBuddyFuncsRaw.CFunction: LoadNewContext,,CF,否,,,文档转储命名空间：运行时不存在该全局,CF,否,,,文档转储命名空间：运行时不存在该全局,,双端未见,文档转储（非运行时命名空间）,,
Q-CodeBuddyFuncsRawControlBase* GetSelectedTab( void ),QUERY,CodeBuddyFuncsRaw,ControlBase* GetSelectedTab( void ),,Dot (Global),Both,moduleObjects,dot,CodeBuddyFuncsRaw.ControlBase* GetSelectedTab( void ),,ERR,否,,,文档转储命名空间：运行时不存在该全局,ERR,否,,,文档转储命名空间：运行时不存在该全局,,双端未见,文档转储（非运行时命名空间）,,
Q-CodeBuddyFuncsRawvoid Rotate( float ),QUERY,CodeBuddyFuncsRaw,void Rotate( float ),,Dot (Global),Both,moduleObjects,dot,CodeBuddyFuncsRaw.void Rotate( float ),,CF,否,,,文档转储命名空间：运行时不存在该全局,CF,否,,,文档转储命名空间：运行时不存在该全局,,双端未见,文档转储（非运行时命名空间）,,
Q-CodeBuddyFuncsRawvoid StopEffect( ControlBase* ),QUERY,CodeBuddyFuncsRaw,void StopEffect( ControlBase* ),,Dot (Global),Both,moduleObjects,dot,CodeBuddyFuncsRaw.void StopEffect( ControlBase* ),,CF,否,,,文档转储命名空间：运行时不存在该全局,CF,否,,,文档转储命名空间：运行时不存在该全局,,双端未见,文档转储（非运行时命名空间）,,
Q-CodeBuddyFuncsRawfloat GetY( void ) const,QUERY,CodeBuddyFuncsRaw,float GetY( void ) const,,Dot (Global),Both,moduleObjects,dot,CodeBuddyFuncsRaw.float GetY( void ) const,,CF,否,,,文档转储命名空间：运行时不存在该全局,CF,否,,,文档转储命名空间：运行时不存在该全局,,双端未见,文档转储（非运行时命名空间）,,
Q-CodeBuddyFuncsRawbool IsTrackingTouch( void ),QUERY,CodeBuddyFuncsRaw,bool IsTrackingTouch( void ),,Dot (Global),Both,moduleObjects,dot,CodeBuddyFuncsRaw.bool IsTrackingTouch( void ),,CF,否,,,文档转储命名空间：运行时不存在该全局,CF,否,,,文档转储命名空间：运行时不存在该全局,,双端未见,文档转储（非运行时命名空间）,,
"Q-CodeBuddyFuncsRawvoid SetIndexSelected( uint, bool, bool )",QUERY,CodeBuddyFuncsRaw,"void SetIndexSelected( uint, bool, bool )",,Dot (Global),Both,moduleObjects,dot,"CodeBuddyFuncsRaw.void SetIndexSelected( uint, bool, bool )",,CF,否,,,文档转储命名空间：运行时不存在该全局,CF,否,,,文档转储命名空间：运行时不存在该全局,,双端未见,文档转储（非运行时命名空间）,,
Q-CodeBuddyFuncsRawvoid GamepadUpdateTooltips( void ),QUERY,CodeBuddyFuncsRaw,void GamepadUpdateTooltips( void ),,Dot (Global),Both,moduleObjects,dot,CodeBuddyFuncsRaw.void GamepadUpdateTooltips( void ),,CF,否,,,文档转储命名空间：运行时不存在该全局,CF,否,,,文档转储命名空间：运行时不存在该全局,,双端未见,文档转储（非运行时命名空间）,,
"Q-CodeBuddyFuncsRawvoid UpdateDrag( int, int )",QUERY,CodeBuddyFuncsRaw,"void UpdateDrag( int, int )",,Dot (Global),Both,moduleObjects,dot,"CodeBuddyFuncsRaw.void UpdateDrag( int, int )",,CF,否,,,文档转储命名空间：运行时不存在该全局,CF,否,,,文档转储命名空间：运行时不存在该全局,,双端未见,文档转储（非运行时命名空间）,,
Q-CodeBuddyFuncsRawButtonControl* GetUpButton( void ),QUERY,CodeBuddyFuncsRaw,ButtonControl* GetUpButton( void ),,Dot (Global),Both,moduleObjects,dot,CodeBuddyFuncsRaw.ButtonControl* GetUpButton( void ),,ERR,否,,,文档转储命名空间：运行时不存在该全局,ERR,否,,,文档转储命名空间：运行时不存在该全局,,双端未见,文档转储（非运行时命名空间）,,
Q-CodeBuddyFuncsRawvoid IncrementPause( float ),QUERY,CodeBuddyFuncsRaw,void IncrementPause( float ),,Dot (Global),Both,moduleObjects,dot,CodeBuddyFuncsRaw.void IncrementPause( float ),,CF,否,,,文档转储命名空间：运行时不存在该全局,CF,否,,,文档转储命名空间：运行时不存在该全局,,双端未见,文档转储（非运行时命名空间）,,
Q-CodeBuddyFuncsRawvoid DisableDebugOutline( void ),QUERY,CodeBuddyFuncsRaw,void DisableDebugOutline( void ),,Dot (Global),Both,moduleObjects,dot,CodeBuddyFuncsRaw.void DisableDebugOutline( void ),,CF,否,,,文档转储命名空间：运行时不存在该全局,CF,否,,,文档转储命名空间：运行时不存在该全局,,双端未见,文档转储（非运行时命名空间）,,
Q-CodeBuddyFuncsRawtable GetEntries( void ),QUERY,CodeBuddyFuncsRaw,table GetEntries( void ),,Dot (Global),Both,moduleObjects,dot,CodeBuddyFuncsRaw.table GetEntries( void ),,CF,否,,,文档转储命名空间：运行时不存在该全局,CF,否,,,文档转储命名空间：运行时不存在该全局,,双端未见,文档转储（非运行时命名空间）,,
Q-CodeBuddyFuncsRawvoid SetShow( bool ),QUERY,CodeBuddyFuncsRaw,void SetShow( bool ),,Dot (Global),Both,moduleObjects,dot,CodeBuddyFuncsRaw.void SetShow( bool ),,CF,否,,,文档转储命名空间：运行时不存在该全局,CF,否,,,文档转储命名空间：运行时不存在该全局,,双端未见,文档转储（非运行时命名空间）,,
Q-CodeBuddyFuncsRawvoid RegisterSliderCallback( function ),QUERY,CodeBuddyFuncsRaw,void RegisterSliderCallback( function ),,Dot (Global),Both,moduleObjects,dot,CodeBuddyFuncsRaw.void RegisterSliderCallback( function ),,CF,否,,,文档转储命名空间：运行时不存在该全局,CF,否,,,文档转储命名空间：运行时不存在该全局,,双端未见,文档转储（非运行时命名空间）,,
Q-CodeBuddyFuncsRawbool GetIsBatteryCharging( void ) const,QUERY,CodeBuddyFuncsRaw,bool GetIsBatteryCharging( void ) const,,Dot (Global),Both,moduleObjects,dot,CodeBuddyFuncsRaw.bool GetIsBatteryCharging( void ) const,,CF,否,,,文档转储命名空间：运行时不存在该全局,CF,否,,,文档转储命名空间：运行时不存在该全局,,双端未见,文档转储（非运行时命名空间）,,
Q-CodeBuddyFuncsRawvoid SetWorldPosition( FGXVector3 ),QUERY,CodeBuddyFuncsRaw,void SetWorldPosition( FGXVector3 ),,Dot (Global),Both,moduleObjects,dot,CodeBuddyFuncsRaw.void SetWorldPosition( FGXVector3 ),,CF,否,,,文档转储命名空间：运行时不存在该全局,CF,否,,,文档转储命名空间：运行时不存在该全局,,双端未见,文档转储（非运行时命名空间）,,
"Q-CodeBuddyFuncsRawvoid EnableControlsByIdOrTag( const char*, uint, bool )",QUERY,CodeBuddyFuncsRaw,"void EnableControlsByIdOrTag( const char*, uint, bool )",,Dot (Global),Both,moduleObjects,dot,"CodeBuddyFuncsRaw.void EnableControlsByIdOrTag( const char*, uint, bool )",,CF,否,,,文档转储命名空间：运行时不存在该全局,CF,否,,,文档转储命名空间：运行时不存在该全局,,双端未见,文档转储（非运行时命名空间）,,
Q-CodeBuddyFuncsRawvoid SetShutdownGamepad( function ),QUERY,CodeBuddyFuncsRaw,void SetShutdownGamepad( function ),,Dot (Global),Both,moduleObjects,dot,CodeBuddyFuncsRaw.void SetShutdownGamepad( function ),,CF,否,,,文档转储命名空间：运行时不存在该全局,CF,否,,,文档转储命名空间：运行时不存在该全局,,双端未见,文档转储（非运行时命名空间）,,
Q-CodeBuddyFuncsRawvoid RegisterLostFocusCallback( function ),QUERY,CodeBuddyFuncsRaw,void RegisterLostFocusCallback( function ),,Dot (Global),Both,moduleObjects,dot,CodeBuddyFuncsRaw.void RegisterLostFocusCallback( function ),,CF,否,,,文档转储命名空间：运行时不存在该全局,CF,否,,,文档转储命名空间：运行时不存在该全局,,双端未见,文档转储（非运行时命名空间）,,
Q-CodeBuddyFuncsRawvoid SetToolTipDelay( float ),QUERY,CodeBuddyFuncsRaw,void SetToolTipDelay( float ),,Dot (Global),Both,moduleObjects,dot,CodeBuddyFuncsRaw.void SetToolTipDelay( float ),,CF,否,,,文档转储命名空间：运行时不存在该全局,CF,否,,,文档转储命名空间：运行时不存在该全局,,双端未见,文档转储（非运行时命名空间）,,
Q-CodeBuddyFuncsRawuint SetUICursor( uint ),QUERY,CodeBuddyFuncsRaw,uint SetUICursor( uint ),,Dot (Global),Both,moduleObjects,dot,CodeBuddyFuncsRaw.uint SetUICursor( uint ),,CF,否,,,文档转储命名空间：运行时不存在该全局,CF,否,,,文档转储命名空间：运行时不存在该全局,,双端未见,文档转储（非运行时命名空间）,,
Q-CodeBuddyFuncsRawvoid SetMaxCharacters( uint ),QUERY,CodeBuddyFuncsRaw,void SetMaxCharacters( uint ),,Dot (Global),Both,moduleObjects,dot,CodeBuddyFuncsRaw.void SetMaxCharacters( uint ),,CF,否,,,文档转储命名空间：运行时不存在该全局,CF,否,,,文档转储命名空间：运行时不存在该全局,,双端未见,文档转储（非运行时命名空间）,,
Q-CodeBuddyFuncsRawvoid SetID( const char* ),QUERY,CodeBuddyFuncsRaw,void SetID( const char* ),,Dot (Global),Both,moduleObjects,dot,CodeBuddyFuncsRaw.void SetID( const char* ),,CF,否,,,文档转储命名空间：运行时不存在该全局,CF,否,,,文档转储命名空间：运行时不存在该全局,,双端未见,文档转储（非运行时命名空间）,,
Q-CodeBuddyFuncsRawvoid SetShadowColor( uint ),QUERY,CodeBuddyFuncsRaw,void SetShadowColor( uint ),,Dot (Global),Both,moduleObjects,dot,CodeBuddyFuncsRaw.void SetShadowColor( uint ),,CF,否,,,文档转储命名空间：运行时不存在该全局,CF,否,,,文档转储命名空间：运行时不存在该全局,,双端未见,文档转储（非运行时命名空间）,,
Q-CodeBuddyFuncsRawconst char* GetFontFamilyFromStyle( const char* ),QUERY,CodeBuddyFuncsRaw,const char* GetFontFamilyFromStyle( const char* ),,Dot (Global),Both,moduleObjects,dot,CodeBuddyFuncsRaw.const char* GetFontFamilyFromStyle( const char* ),,CF,否,,,文档转储命名空间：运行时不存在该全局,CF,否,,,文档转储命名空间：运行时不存在该全局,,双端未见,文档转储（非运行时命名空间）,,
Q-CodeBuddyFuncsRawCFunction: GetTouchPointLocation,QUERY,CodeBuddyFuncsRaw,CFunction: GetTouchPointLocation,,Dot (Global),Both,moduleObjects,dot,CodeBuddyFuncsRaw.CFunction: GetTouchPointLocation,,CF,否,,,文档转储命名空间：运行时不存在该全局,CF,否,,,文档转储命名空间：运行时不存在该全局,,双端未见,文档转储（非运行时命名空间）,,
Q-CodeBuddyFuncsRawvoid SetShowHandler( function ),QUERY,CodeBuddyFuncsRaw,void SetShowHandler( function ),,Dot (Global),Both,moduleObjects,dot,CodeBuddyFuncsRaw.void SetShowHandler( function ),,CF,否,,,文档转储命名空间：运行时不存在该全局,CF,否,,,文档转储命名空间：运行时不存在该全局,,双端未见,文档转储（非运行时命名空间）,,
Q-CodeBuddyFuncsRawvoid SetNoClip( bool ),QUERY,CodeBuddyFuncsRaw,void SetNoClip( bool ),,Dot (Global),Both,moduleObjects,dot,CodeBuddyFuncsRaw.void SetNoClip( bool ),,CF,否,,,文档转储命名空间：运行时不存在该全局,CF,否,,,文档转储命名空间：运行时不存在该全局,,双端未见,文档转储（非运行时命名空间）,,
Q-CodeBuddyFuncsRawvoid RegisterCheckHandler( function ),QUERY,CodeBuddyFuncsRaw,void RegisterCheckHandler( function ),,Dot (Global),Both,moduleObjects,dot,CodeBuddyFuncsRaw.void RegisterCheckHandler( function ),,CF,否,,,文档转储命名空间：运行时不存在该全局,CF,否,,,文档转储命名空间：运行时不存在该全局,,双端未见,文档转储（非运行时命名空间）,,
Q-CodeBuddyFuncsRawvoid SetEndY( float ),QUERY,CodeBuddyFuncsRaw,void SetEndY( float ),,Dot (Global),Both,moduleObjects,dot,CodeBuddyFuncsRaw.void SetEndY( float ),,CF,否,,,文档转储命名空间：运行时不存在该全局,CF,否,,,文档转储命名空间：运行时不存在该全局,,双端未见,文档转储（非运行时命名空间）,,
Q-CodeBuddyFuncsRawvoid SetTextureOffset( FGXVector2 ),QUERY,CodeBuddyFuncsRaw,void SetTextureOffset( FGXVector2 ),,Dot (Global),Both,moduleObjects,dot,CodeBuddyFuncsRaw.void SetTextureOffset( FGXVector2 ),,CF,否,,,文档转储命名空间：运行时不存在该全局,CF,否,,,文档转储命名空间：运行时不存在该全局,,双端未见,文档转储（非运行时命名空间）,,
Q-CodeBuddyFuncsRawuint GetLastFrameNum( void ) const,QUERY,CodeBuddyFuncsRaw,uint GetLastFrameNum( void ) const,,Dot (Global),Both,moduleObjects,dot,CodeBuddyFuncsRaw.uint GetLastFrameNum( void ) const,,CF,否,,,文档转储命名空间：运行时不存在该全局,CF,否,,,文档转储命名空间：运行时不存在该全局,,双端未见,文档转储（非运行时命名空间）,,
Q-CodeBuddyFuncsRawbool IsDrag( void ) const,QUERY,CodeBuddyFuncsRaw,bool IsDrag( void ) const,,Dot (Global),Both,moduleObjects,dot,CodeBuddyFuncsRaw.bool IsDrag( void ) const,,CF,否,,,文档转储命名空间：运行时不存在该全局,CF,否,,,文档转储命名空间：运行时不存在该全局,,双端未见,文档转储（非运行时命名空间）,,
Q-CodeBuddyFuncsRawCFunction: GetTexture,QUERY,CodeBuddyFuncsRaw,CFunction: GetTexture,,Dot (Global),Both,moduleObjects,dot,CodeBuddyFuncsRaw.CFunction: GetTexture,,CF,否,,,文档转储命名空间：运行时不存在该全局,CF,否,,,文档转储命名空间：运行时不存在该全局,,双端未见,文档转储（非运行时命名空间）,,
Q-CodeBuddyFuncsRawfloat GetLastTimeDelta( void ) const,QUERY,CodeBuddyFuncsRaw,float GetLastTimeDelta( void ) const,,Dot (Global),Both,moduleObjects,dot,CodeBuddyFuncsRaw.float GetLastTimeDelta( void ) const,,CF,否,,,文档转储命名空间：运行时不存在该全局,CF,否,,,文档转储命名空间：运行时不存在该全局,,双端未见,文档转储（非运行时命名空间）,,
Q-CodeBuddyFuncsRawvoid DisableTouchScrolling( void ),QUERY,CodeBuddyFuncsRaw,void DisableTouchScrolling( void ),,Dot (Global),Both,moduleObjects,dot,CodeBuddyFuncsRaw.void DisableTouchScrolling( void ),,CF,否,,,文档转储命名空间：运行时不存在该全局,CF,否,,,文档转储命名空间：运行时不存在该全局,,双端未见,文档转储（非运行时命名空间）,,
Q-CodeBuddyFuncsRawCFunction: GetTextureSizeVal,QUERY,CodeBuddyFuncsRaw,CFunction: GetTextureSizeVal,,Dot (Global),Both,moduleObjects,dot,CodeBuddyFuncsRaw.CFunction: GetTextureSizeVal,,CF,否,,,文档转储命名空间：运行时不存在该全局,CF,否,,,文档转储命名空间：运行时不存在该全局,,双端未见,文档转储（非运行时命名空间）,,
Q-CodeBuddyFuncsRawvoid SetAndCall( float ),QUERY,CodeBuddyFuncsRaw,void SetAndCall( float ),,Dot (Global),Both,moduleObjects,dot,CodeBuddyFuncsRaw.void SetAndCall( float ),,CF,否,,,文档转储命名空间：运行时不存在该全局,CF,否,,,文档转储命名空间：运行时不存在该全局,,双端未见,文档转储（非运行时命名空间）,,
"Q-CodeBuddyFuncsRawvoid SetMaskSizeVal( float, float )",QUERY,CodeBuddyFuncsRaw,"void SetMaskSizeVal( float, float )",,Dot (Global),Both,moduleObjects,dot,"CodeBuddyFuncsRaw.void SetMaskSizeVal( float, float )",,CF,否,,,文档转储命名空间：运行时不存在该全局,CF,否,,,文档转储命名空间：运行时不存在该全局,,双端未见,文档转储（非运行时命名空间）,,
Q-CodeBuddyFuncsRawvoid SetTabSelectedCallback( function ),QUERY,CodeBuddyFuncsRaw,void SetTabSelectedCallback( function ),,Dot (Global),Both,moduleObjects,dot,CodeBuddyFuncsRaw.void SetTabSelectedCallback( function ),,CF,否,,,文档转储命名空间：运行时不存在该全局,CF,否,,,文档转储命名空间：运行时不存在该全局,,双端未见,文档转储（非运行时命名空间）,,
Q-CodeBuddyFuncsRawvoid SetForceNonIME( bool ),QUERY,CodeBuddyFuncsRaw,void SetForceNonIME( bool ),,Dot (Global),Both,moduleObjects,dot,CodeBuddyFuncsRaw.void SetForceNonIME( bool ),,CF,否,,,文档转储命名空间：运行时不存在该全局,CF,否,,,文档转储命名空间：运行时不存在该全局,,双端未见,文档转储（非运行时命名空间）,,
Q-CodeBuddyFuncsRawCFunction: BuildEntry,QUERY,CodeBuddyFuncsRaw,CFunction: BuildEntry,,Dot (Global),Both,moduleObjects,dot,CodeBuddyFuncsRaw.CFunction: BuildEntry,,CF,否,,,文档转储命名空间：运行时不存在该全局,CF,否,,,文档转储命名空间：运行时不存在该全局,,双端未见,文档转储（非运行时命名空间）,,
Q-CodeBuddyFuncsRawbool IsFlippedHorizontal( void ) const,QUERY,CodeBuddyFuncsRaw,bool IsFlippedHorizontal( void ) const,,Dot (Global),Both,moduleObjects,dot,CodeBuddyFuncsRaw.bool IsFlippedHorizontal( void ) const,,CF,否,,,文档转储命名空间：运行时不存在该全局,CF,否,,,文档转储命名空间：运行时不存在该全局,,双端未见,文档转储（非运行时命名空间）,,
Q-CodeBuddyFuncsRawvoid RequestRefresh( void ),QUERY,CodeBuddyFuncsRaw,void RequestRefresh( void ),,Dot (Global),Both,moduleObjects,dot,CodeBuddyFuncsRaw.void RequestRefresh( void ),,CF,否,,,文档转储命名空间：运行时不存在该全局,CF,否,,,文档转储命名空间：运行时不存在该全局,,双端未见,文档转储（非运行时命名空间）,,
Q-CodeBuddyFuncsRawvoid SetRefreshHandler( function ),QUERY,CodeBuddyFuncsRaw,void SetRefreshHandler( function ),,Dot (Global),Both,moduleObjects,dot,CodeBuddyFuncsRaw.void SetRefreshHandler( function ),,CF,否,,,文档转储命名空间：运行时不存在该全局,CF,否,,,文档转储命名空间：运行时不存在该全局,,双端未见,文档转储（非运行时命名空间）,,
"Q-CodeBuddyFuncsRawvoid SetCheckTextureOffsetVal( float, float )",QUERY,CodeBuddyFuncsRaw,"void SetCheckTextureOffsetVal( float, float )",,Dot (Global),Both,moduleObjects,dot,"CodeBuddyFuncsRaw.void SetCheckTextureOffsetVal( float, float )",,CF,否,,,文档转储命名空间：运行时不存在该全局,CF,否,,,文档转储命名空间：运行时不存在该全局,,双端未见,文档转储（非运行时命名空间）,,
Q-CodeBuddyFuncsRawvoid DropFocus( void ),QUERY,CodeBuddyFuncsRaw,void DropFocus( void ),,Dot (Global),Both,moduleObjects,dot,CodeBuddyFuncsRaw.void DropFocus( void ),,CF,否,,,文档转储命名空间：运行时不存在该全局,CF,否,,,文档转储命名空间：运行时不存在该全局,,双端未见,文档转储（非运行时命名空间）,,
Q-CodeBuddyFuncsRawfloat GetStartX( void ) const,QUERY,CodeBuddyFuncsRaw,float GetStartX( void ) const,,Dot (Global),Both,moduleObjects,dot,CodeBuddyFuncsRaw.float GetStartX( void ) const,,CF,否,,,文档转储命名空间：运行时不存在该全局,CF,否,,,文档转储命名空间：运行时不存在该全局,,双端未见,文档转储（非运行时命名空间）,,
"Q-CodeBuddyFuncsRawvoid SetBeginVal( float, float )",QUERY,CodeBuddyFuncsRaw,"void SetBeginVal( float, float )",,Dot (Global),Both,moduleObjects,dot,"CodeBuddyFuncsRaw.void SetBeginVal( float, float )",,CF,否,,,文档转储命名空间：运行时不存在该全局,CF,否,,,文档转储命名空间：运行时不存在该全局,,双端未见,文档转储（非运行时命名空间）,,
Q-CodeBuddyFuncsRawCFunction: GetContextParameters,QUERY,CodeBuddyFuncsRaw,CFunction: GetContextParameters,,Dot (Global),Both,moduleObjects,dot,CodeBuddyFuncsRaw.CFunction: GetContextParameters,,CF,否,,,文档转储命名空间：运行时不存在该全局,CF,否,,,文档转储命名空间：运行时不存在该全局,,双端未见,文档转储（非运行时命名空间）,,
Q-CodeBuddyFuncsRawvoid SetXTickInterval( float ),QUERY,CodeBuddyFuncsRaw,void SetXTickInterval( float ),,Dot (Global),Both,moduleObjects,dot,CodeBuddyFuncsRaw.void SetXTickInterval( float ),,CF,否,,,文档转储命名空间：运行时不存在该全局,CF,否,,,文档转储命名空间：运行时不存在该全局,,双端未见,文档转储（非运行时命名空间）,,
Q-CodeBuddyFuncsRawCFunction: GetAlpha,QUERY,CodeBuddyFuncsRaw,CFunction: GetAlpha,,Dot (Global),Both,moduleObjects,dot,CodeBuddyFuncsRaw.CFunction: GetAlpha,,CF,否,,,文档转储命名空间：运行时不存在该全局,CF,否,,,文档转储命名空间：运行时不存在该全局,,双端未见,文档转储（非运行时命名空间）,,
Q-CodeBuddyFuncsRawfloat GetScrollValue( void ),QUERY,CodeBuddyFuncsRaw,float GetScrollValue( void ),,Dot (Global),Both,moduleObjects,dot,CodeBuddyFuncsRaw.float GetScrollValue( void ),,CF,否,,,文档转储命名空间：运行时不存在该全局,CF,否,,,文档转储命名空间：运行时不存在该全局,,双端未见,文档转储（非运行时命名空间）,,
Q-CodeBuddyFuncsRawfloat GetValue( void ),QUERY,CodeBuddyFuncsRaw,float GetValue( void ),,Dot (Global),Both,moduleObjects,dot,CodeBuddyFuncsRaw.float GetValue( void ),,CF,否,,,文档转储命名空间：运行时不存在该全局,CF,否,,,文档转储命名空间：运行时不存在该全局,,双端未见,文档转储（非运行时命名空间）,,
Q-CodeBuddyFuncsRawvoid RegisterMouseOverCallback( function ),QUERY,CodeBuddyFuncsRaw,void RegisterMouseOverCallback( function ),,Dot (Global),Both,moduleObjects,dot,CodeBuddyFuncsRaw.void RegisterMouseOverCallback( function ),,CF,否,,,文档转储命名空间：运行时不存在该全局,CF,否,,,文档转储命名空间：运行时不存在该全局,,双端未见,文档转储（非运行时命名空间）,,
Q-CodeBuddyFuncsRawvoid EnableOverlay( bool ),QUERY,CodeBuddyFuncsRaw,void EnableOverlay( bool ),,Dot (Global),Both,moduleObjects,dot,CodeBuddyFuncsRaw.void EnableOverlay( bool ),,CF,否,,,文档转储命名空间：运行时不存在该全局,CF,否,,,文档转储命名空间：运行时不存在该全局,,双端未见,文档转储（非运行时命名空间）,,
Q-CodeBuddyFuncsRawbool GetNumberInput( void ) const,QUERY,CodeBuddyFuncsRaw,bool GetNumberInput( void ) const,,Dot (Global),Both,moduleObjects,dot,CodeBuddyFuncsRaw.bool GetNumberInput( void ) const,,CF,否,,,文档转储命名空间：运行时不存在该全局,CF,否,,,文档转储命名空间：运行时不存在该全局,,双端未见,文档转储（非运行时命名空间）,,
Q-CodeBuddyFuncsRawbool IsAbsoluteScrollEnabled( void ),QUERY,CodeBuddyFuncsRaw,bool IsAbsoluteScrollEnabled( void ),,Dot (Global),Both,moduleObjects,dot,CodeBuddyFuncsRaw.bool IsAbsoluteScrollEnabled( void ),,CF,否,,,文档转储命名空间：运行时不存在该全局,CF,否,,,文档转储命名空间：运行时不存在该全局,,双端未见,文档转储（非运行时命名空间）,,
Q-CodeBuddyFuncsRawbool IsTrackingLeftMouseButton( void ),QUERY,CodeBuddyFuncsRaw,bool IsTrackingLeftMouseButton( void ),,Dot (Global),Both,moduleObjects,dot,CodeBuddyFuncsRaw.bool IsTrackingLeftMouseButton( void ),,CF,否,,,文档转储命名空间：运行时不存在该全局,CF,否,,,文档转储命名空间：运行时不存在该全局,,双端未见,文档转储（非运行时命名空间）,,
"Q-CodeBuddyFuncsRawvoid SetVoids( int, int )",QUERY,CodeBuddyFuncsRaw,"void SetVoids( int, int )",,Dot (Global),Both,moduleObjects,dot,"CodeBuddyFuncsRaw.void SetVoids( int, int )",,CF,否,,,文档转储命名空间：运行时不存在该全局,CF,否,,,文档转储命名空间：运行时不存在该全局,,双端未见,文档转储（非运行时命名空间）,,
Q-CodeBuddyFuncsRawFGXVector2 GetSize( void ) const,QUERY,CodeBuddyFuncsRaw,FGXVector2 GetSize( void ) const,,Dot (Global),Both,moduleObjects,dot,CodeBuddyFuncsRaw.FGXVector2 GetSize( void ) const,,CF,否,,,文档转储命名空间：运行时不存在该全局,CF,否,,,文档转储命名空间：运行时不存在该全局,,双端未见,文档转储（非运行时命名空间）,,
Q-CodeBuddyFuncsRawvoid FlipY( bool ),QUERY,CodeBuddyFuncsRaw,void FlipY( bool ),,Dot (Global),Both,moduleObjects,dot,CodeBuddyFuncsRaw.void FlipY( bool ),,CF,否,,,文档转储命名空间：运行时不存在该全局,CF,否,,,文档转储命名空间：运行时不存在该全局,,双端未见,文档转储（非运行时命名空间）,,
Q-CodeBuddyFuncsRawconst char* GetName( void ) const,QUERY,CodeBuddyFuncsRaw,const char* GetName( void ) const,,Dot (Global),Both,moduleObjects,dot,CodeBuddyFuncsRaw.const char* GetName( void ) const,,CF,否,,,文档转储命名空间：运行时不存在该全局,CF,否,,,文档转储命名空间：运行时不存在该全局,,双端未见,文档转储（非运行时命名空间）,,
Q-CodeBuddyFuncsRawint GetCoordY( void ) const,QUERY,CodeBuddyFuncsRaw,int GetCoordY( void ) const,,Dot (Global),Both,moduleObjects,dot,CodeBuddyFuncsRaw.int GetCoordY( void ) const,,CF,否,,,文档转储命名空间：运行时不存在该全局,CF,否,,,文档转储命名空间：运行时不存在该全局,,双端未见,文档转储（非运行时命名空间）,,
Q-CodeBuddyFuncsRawvoid ForceClose( void ),QUERY,CodeBuddyFuncsRaw,void ForceClose( void ),,Dot (Global),Both,moduleObjects,dot,CodeBuddyFuncsRaw.void ForceClose( void ),,CF,否,,,文档转储命名空间：运行时不存在该全局,CF,否,,,文档转储命名空间：运行时不存在该全局,,双端未见,文档转储（非运行时命名空间）,,
Q-CodeBuddyFuncsRawvoid RegisterHasFocusCallback( function ),QUERY,CodeBuddyFuncsRaw,void RegisterHasFocusCallback( function ),,Dot (Global),Both,moduleObjects,dot,CodeBuddyFuncsRaw.void RegisterHasFocusCallback( function ),,CF,否,,,文档转储命名空间：运行时不存在该全局,CF,否,,,文档转储命名空间：运行时不存在该全局,,双端未见,文档转储（非运行时命名空间）,,
Q-CodeBuddyFuncsRawvoid SetStepAndCall( int ),QUERY,CodeBuddyFuncsRaw,void SetStepAndCall( int ),,Dot (Global),Both,moduleObjects,dot,CodeBuddyFuncsRaw.void SetStepAndCall( int ),,CF,否,,,文档转储命名空间：运行时不存在该全局,CF,否,,,文档转储命名空间：运行时不存在该全局,,双端未见,文档转储（非运行时命名空间）,,
Q-CodeBuddyFuncsRawvoid SetShutdown( function ),QUERY,CodeBuddyFuncsRaw,void SetShutdown( function ),,Dot (Global),Both,moduleObjects,dot,CodeBuddyFuncsRaw.void SetShutdown( function ),,CF,否,,,文档转储命名空间：运行时不存在该全局,CF,否,,,文档转储命名空间：运行时不存在该全局,,双端未见,文档转储（非运行时命名空间）,,
"Q-CodeBuddyFuncsRawvoid InitializeStyles( uint, uint )",QUERY,CodeBuddyFuncsRaw,"void InitializeStyles( uint, uint )",,Dot (Global),Both,moduleObjects,dot,"CodeBuddyFuncsRaw.void InitializeStyles( uint, uint )",,CF,否,,,文档转储命名空间：运行时不存在该全局,CF,否,,,文档转储命名空间：运行时不存在该全局,,双端未见,文档转储（非运行时命名空间）,,
"Q-CodeBuddyFuncsRawbool SetTextureAndMask( const char*, const char* )",QUERY,CodeBuddyFuncsRaw,"bool SetTextureAndMask( const char*, const char* )",,Dot (Global),Both,moduleObjects,dot,"CodeBuddyFuncsRaw.bool SetTextureAndMask( const char*, const char* )",,CF,否,,,文档转储命名空间：运行时不存在该全局,CF,否,,,文档转储命名空间：运行时不存在该全局,,双端未见,文档转储（非运行时命名空间）,,
Q-CodeBuddyFuncsRawvoid ClearScrollCallback( void ),QUERY,CodeBuddyFuncsRaw,void ClearScrollCallback( void ),,Dot (Global),Both,moduleObjects,dot,CodeBuddyFuncsRaw.void ClearScrollCallback( void ),,CF,否,,,文档转储命名空间：运行时不存在该全局,CF,否,,,文档转储命名空间：运行时不存在该全局,,双端未见,文档转储（非运行时命名空间）,,
Q-CodeBuddyFuncsRawvoid ShowHGridLines( bool ),QUERY,CodeBuddyFuncsRaw,void ShowHGridLines( bool ),,Dot (Global),Both,moduleObjects,dot,CodeBuddyFuncsRaw.void ShowHGridLines( bool ),,CF,否,,,文档转储命名空间：运行时不存在该全局,CF,否,,,文档转储命名空间：运行时不存在该全局,,双端未见,文档转储（非运行时命名空间）,,
Q-CodeBuddyFuncsRawCFunction: GetTextLength,QUERY,CodeBuddyFuncsRaw,CFunction: GetTextLength,,Dot (Global),Both,moduleObjects,dot,CodeBuddyFuncsRaw.CFunction: GetTextLength,,CF,否,,,文档转储命名空间：运行时不存在该全局,CF,否,,,文档转储命名空间：运行时不存在该全局,,双端未见,文档转储（非运行时命名空间）,,
Q-CodeBuddyFuncsRawvoid SetPauseTime( float ),QUERY,CodeBuddyFuncsRaw,void SetPauseTime( float ),,Dot (Global),Both,moduleObjects,dot,CodeBuddyFuncsRaw.void SetPauseTime( float ),,CF,否,,,文档转储命名空间：运行时不存在该全局,CF,否,,,文档转储命名空间：运行时不存在该全局,,双端未见,文档转储（非运行时命名空间）,,
Q-CodeBuddyFuncsRawvoid SetUpdate( function ),QUERY,CodeBuddyFuncsRaw,void SetUpdate( function ),,Dot (Global),Both,moduleObjects,dot,CodeBuddyFuncsRaw.void SetUpdate( function ),,CF,否,,,文档转储命名空间：运行时不存在该全局,CF,否,,,文档转储命名空间：运行时不存在该全局,,双端未见,文档转储（非运行时命名空间）,,
Q-CodeBuddyFuncsRawvoid CalculateInternals( void ),QUERY,CodeBuddyFuncsRaw,void CalculateInternals( void ),,Dot (Global),Both,moduleObjects,dot,CodeBuddyFuncsRaw.void CalculateInternals( void ),,CF,否,,,文档转储命名空间：运行时不存在该全局,CF,否,,,文档转储命名空间：运行时不存在该全局,,双端未见,文档转储（非运行时命名空间）,,
Q-CodeBuddyFuncsRawvoid EnableToolTip( bool ),QUERY,CodeBuddyFuncsRaw,void EnableToolTip( bool ),,Dot (Global),Both,moduleObjects,dot,CodeBuddyFuncsRaw.void EnableToolTip( bool ),,CF,否,,,文档转储命名空间：运行时不存在该全局,CF,否,,,文档转储命名空间：运行时不存在该全局,,双端未见,文档转储（非运行时命名空间）,,
Q-CodeBuddyFuncsRawControlBase* ToControlBase( void ),QUERY,CodeBuddyFuncsRaw,ControlBase* ToControlBase( void ),,Dot (Global),Both,moduleObjects,dot,CodeBuddyFuncsRaw.ControlBase* ToControlBase( void ),,ERR,否,,,文档转储命名空间：运行时不存在该全局,ERR,否,,,文档转储命名空间：运行时不存在该全局,,双端未见,文档转储（非运行时命名空间）,,
Q-CodeBuddyFuncsRawbool IsChannelActive( uint ),QUERY,CodeBuddyFuncsRaw,bool IsChannelActive( uint ),,Dot (Global),Both,moduleObjects,dot,CodeBuddyFuncsRaw.bool IsChannelActive( uint ),,CF,否,,,文档转储命名空间：运行时不存在该全局,CF,否,,,文档转储命名空间：运行时不存在该全局,,双端未见,文档转储（非运行时命名空间）,,
Q-CodeBuddyFuncsRawvoid SetValue( float ),QUERY,CodeBuddyFuncsRaw,void SetValue( float ),,Dot (Global),Both,moduleObjects,dot,CodeBuddyFuncsRaw.void SetValue( float ),,CF,否,,,文档转储命名空间：运行时不存在该全局,CF,否,,,文档转储命名空间：运行时不存在该全局,,双端未见,文档转储（非运行时命名空间）,,
Q-CodeBuddyFuncsRawCFunction: GetParentRelativeOffset,QUERY,CodeBuddyFuncsRaw,CFunction: GetParentRelativeOffset,,Dot (Global),Both,moduleObjects,dot,CodeBuddyFuncsRaw.CFunction: GetParentRelativeOffset,,CF,否,,,文档转储命名空间：运行时不存在该全局,CF,否,,,文档转储命名空间：运行时不存在该全局,,双端未见,文档转储（非运行时命名空间）,,
Q-CodeBuddyFuncsRawint GetVoid2( void ) const,QUERY,CodeBuddyFuncsRaw,int GetVoid2( void ) const,,Dot (Global),Both,moduleObjects,dot,CodeBuddyFuncsRaw.int GetVoid2( void ) const,,CF,否,,,文档转储命名空间：运行时不存在该全局,CF,否,,,文档转储命名空间：运行时不存在该全局,,双端未见,文档转储（非运行时命名空间）,,
Q-CodeBuddyFuncsRawbool IsStopped( void ),QUERY,CodeBuddyFuncsRaw,bool IsStopped( void ),,Dot (Global),Both,moduleObjects,dot,CodeBuddyFuncsRaw.bool IsStopped( void ),,CF,否,,,文档转储命名空间：运行时不存在该全局,CF,否,,,文档转储命名空间：运行时不存在该全局,,双端未见,文档转储（非运行时命名空间）,,
Q-CodeBuddyFuncsRawvoid SetSizeX( float ),QUERY,CodeBuddyFuncsRaw,void SetSizeX( float ),,Dot (Global),Both,moduleObjects,dot,CodeBuddyFuncsRaw.void SetSizeX( float ),,CF,否,,,文档转储命名空间：运行时不存在该全局,CF,否,,,文档转储命名空间：运行时不存在该全局,,双端未见,文档转储（非运行时命名空间）,,
Q-CodeBuddyFuncsRawvoid DeleteAllDataSets( void ),QUERY,CodeBuddyFuncsRaw,void DeleteAllDataSets( void ),,Dot (Global),Both,moduleObjects,dot,CodeBuddyFuncsRaw.void DeleteAllDataSets( void ),,CF,否,,,文档转储命名空间：运行时不存在该全局,CF,否,,,文档转储命名空间：运行时不存在该全局,,双端未见,文档转储（非运行时命名空间）,,
Q-CodeBuddyFuncsRawvoid DebugMouseOver( bool ),QUERY,CodeBuddyFuncsRaw,void DebugMouseOver( bool ),,Dot (Global),Both,moduleObjects,dot,CodeBuddyFuncsRaw.void DebugMouseOver( bool ),,CF,否,,,文档转储命名空间：运行时不存在该全局,CF,否,,,文档转储命名空间：运行时不存在该全局,,双端未见,文档转储（非运行时命名空间）,,
Q-CodeBuddyFuncsRawCFunction: GetToolTipPoint,QUERY,CodeBuddyFuncsRaw,CFunction: GetToolTipPoint,,Dot (Global),Both,moduleObjects,dot,CodeBuddyFuncsRaw.CFunction: GetToolTipPoint,,CF,否,,,文档转储命名空间：运行时不存在该全局,CF,否,,,文档转储命名空间：运行时不存在该全局,,双端未见,文档转储（非运行时命名空间）,,
Q-CodeBuddyFuncsRawbool IsTopModal( ControlBase* ),QUERY,CodeBuddyFuncsRaw,bool IsTopModal( ControlBase* ),,Dot (Global),Both,moduleObjects,dot,CodeBuddyFuncsRaw.bool IsTopModal( ControlBase* ),,CF,否,,,文档转储命名空间：运行时不存在该全局,CF,否,,,文档转储命名空间：运行时不存在该全局,,双端未见,文档转储（非运行时命名空间）,,
Q-CodeBuddyFuncsRawCFunction: GetPath,QUERY,CodeBuddyFuncsRaw,CFunction: GetPath,,Dot (Global),Both,moduleObjects,dot,CodeBuddyFuncsRaw.CFunction: GetPath,,CF,否,,,文档转储命名空间：运行时不存在该全局,CF,否,,,文档转储命名空间：运行时不存在该全局,,双端未见,文档转储（非运行时命名空间）,,
Q-CodeBuddyFuncsRawvoid SetTextureSize( FGXVector2 ),QUERY,CodeBuddyFuncsRaw,void SetTextureSize( FGXVector2 ),,Dot (Global),Both,moduleObjects,dot,CodeBuddyFuncsRaw.void SetTextureSize( FGXVector2 ),,CF,否,,,文档转储命名空间：运行时不存在该全局,CF,否,,,文档转储命名空间：运行时不存在该全局,,双端未见,文档转储（非运行时命名空间）,,
Q-CodeBuddyFuncsRawconst char* GetTextureName( void ),QUERY,CodeBuddyFuncsRaw,const char* GetTextureName( void ),,Dot (Global),Both,moduleObjects,dot,CodeBuddyFuncsRaw.const char* GetTextureName( void ),,CF,否,,,文档转储命名空间：运行时不存在该全局,CF,否,,,文档转储命名空间：运行时不存在该全局,,双端未见,文档转储（非运行时命名空间）,,
Q-CodeBuddyFuncsRawfloat GetStartY( void ) const,QUERY,CodeBuddyFuncsRaw,float GetStartY( void ) const,,Dot (Global),Both,moduleObjects,dot,CodeBuddyFuncsRaw.float GetStartY( void ) const,,CF,否,,,文档转储命名空间：运行时不存在该全局,CF,否,,,文档转储命名空间：运行时不存在该全局,,双端未见,文档转储（非运行时命名空间）,,
Q-CodeBuddyFuncsRawCFunction: Log,QUERY,CodeBuddyFuncsRaw,CFunction: Log,,Dot (Global),Both,moduleObjects,dot,CodeBuddyFuncsRaw.CFunction: Log,,CF,否,,,文档转储命名空间：运行时不存在该全局,CF,否,,,文档转储命名空间：运行时不存在该全局,,双端未见,文档转储（非运行时命名空间）,,
Q-CodeBuddyFuncsRawvoid ShowHighlights( bool ),QUERY,CodeBuddyFuncsRaw,void ShowHighlights( bool ),,Dot (Global),Both,moduleObjects,dot,CodeBuddyFuncsRaw.void ShowHighlights( bool ),,CF,否,,,文档转储命名空间：运行时不存在该全局,CF,否,,,文档转储命名空间：运行时不存在该全局,,双端未见,文档转储（非运行时命名空间）,,
Q-CodeBuddyFuncsRawCFunction: LogAllocations,QUERY,CodeBuddyFuncsRaw,CFunction: LogAllocations,,Dot (Global),Both,moduleObjects,dot,CodeBuddyFuncsRaw.CFunction: LogAllocations,,CF,否,,,文档转储命名空间：运行时不存在该全局,CF,否,,,文档转储命名空间：运行时不存在该全局,,双端未见,文档转储（非运行时命名空间）,,
Q-CodeBuddyFuncsRawvoid StopAllEffects( void ),QUERY,CodeBuddyFuncsRaw,void StopAllEffects( void ),,Dot (Global),Both,moduleObjects,dot,CodeBuddyFuncsRaw.void StopAllEffects( void ),,CF,否,,,文档转储命名空间：运行时不存在该全局,CF,否,,,文档转储命名空间：运行时不存在该全局,,双端未见,文档转储（非运行时命名空间）,,
Q-CodeBuddyFuncsRawCFunction: FindDataSet,QUERY,CodeBuddyFuncsRaw,CFunction: FindDataSet,,Dot (Global),Both,moduleObjects,dot,CodeBuddyFuncsRaw.CFunction: FindDataSet,,CF,否,,,文档转储命名空间：运行时不存在该全局,CF,否,,,文档转储命名空间：运行时不存在该全局,,双端未见,文档转储（非运行时命名空间）,,
Q-CodeBuddyFuncsRawconst char* GetToolTipString( void ) const,QUERY,CodeBuddyFuncsRaw,const char* GetToolTipString( void ) const,,Dot (Global),Both,moduleObjects,dot,CodeBuddyFuncsRaw.const char* GetToolTipString( void ) const,,CF,否,,,文档转储命名空间：运行时不存在该全局,CF,否,,,文档转储命名空间：运行时不存在该全局,,双端未见,文档转储（非运行时命名空间）,,
Q-CodeBuddyFuncsRawvoid ShowXTicks( bool ),QUERY,CodeBuddyFuncsRaw,void ShowXTicks( bool ),,Dot (Global),Both,moduleObjects,dot,CodeBuddyFuncsRaw.void ShowXTicks( bool ),,CF,否,,,文档转储命名空间：运行时不存在该全局,CF,否,,,文档转储命名空间：运行时不存在该全局,,双端未见,文档转储（非运行时命名空间）,,
Q-CodeBuddyFuncsRawvoid SetVisibleOnMap( bool ),QUERY,CodeBuddyFuncsRaw,void SetVisibleOnMap( bool ),,Dot (Global),Both,moduleObjects,dot,CodeBuddyFuncsRaw.void SetVisibleOnMap( bool ),,CF,否,,,文档转储命名空间：运行时不存在该全局,CF,否,,,文档转储命名空间：运行时不存在该全局,,双端未见,文档转储（非运行时命名空间）,,
Q-CodeBuddyFuncsRawvoid ClearPopupChangeHandler( void ),QUERY,CodeBuddyFuncsRaw,void ClearPopupChangeHandler( void ),,Dot (Global),Both,moduleObjects,dot,CodeBuddyFuncsRaw.void ClearPopupChangeHandler( void ),,CF,否,,,文档转储命名空间：运行时不存在该全局,CF,否,,,文档转储命名空间：运行时不存在该全局,,双端未见,文档转储（非运行时命名空间）,,
Q-CodeBuddyFuncsRawvoid RegisterScrollCallback( function ),QUERY,CodeBuddyFuncsRaw,void RegisterScrollCallback( function ),,Dot (Global),Both,moduleObjects,dot,CodeBuddyFuncsRaw.void RegisterScrollCallback( function ),,CF,否,,,文档转储命名空间：运行时不存在该全局,CF,否,,,文档转储命名空间：运行时不存在该全局,,双端未见,文档转储（非运行时命名空间）,,
Q-CodeBuddyFuncsRawfloat GetPercent( void ),QUERY,CodeBuddyFuncsRaw,float GetPercent( void ),,Dot (Global),Both,moduleObjects,dot,CodeBuddyFuncsRaw.float GetPercent( void ),,CF,否,,,文档转储命名空间：运行时不存在该全局,CF,否,,,文档转储命名空间：运行时不存在该全局,,双端未见,文档转储（非运行时命名空间）,,
Q-CodeBuddyFuncsRawuint GetHash( const char* ) const,QUERY,CodeBuddyFuncsRaw,uint GetHash( const char* ) const,,Dot (Global),Both,moduleObjects,dot,CodeBuddyFuncsRaw.uint GetHash( const char* ) const,,CF,否,,,文档转储命名空间：运行时不存在该全局,CF,否,,,文档转储命名空间：运行时不存在该全局,,双端未见,文档转储（非运行时命名空间）,,
"Q-CodeBuddyFuncsRawvoid HideControlsByID( const char*, bool )",QUERY,CodeBuddyFuncsRaw,"void HideControlsByID( const char*, bool )",,Dot (Global),Both,moduleObjects,dot,"CodeBuddyFuncsRaw.void HideControlsByID( const char*, bool )",,CF,否,,,文档转储命名空间：运行时不存在该全局,CF,否,,,文档转储命名空间：运行时不存在该全局,,双端未见,文档转储（非运行时命名空间）,,
Q-CodeBuddyFuncsRawCFunction: GetSizeVal,QUERY,CodeBuddyFuncsRaw,CFunction: GetSizeVal,,Dot (Global),Both,moduleObjects,dot,CodeBuddyFuncsRaw.CFunction: GetSizeVal,,CF,否,,,文档转储命名空间：运行时不存在该全局,CF,否,,,文档转储命名空间：运行时不存在该全局,,双端未见,文档转储（非运行时命名空间）,,
Q-CodeBuddyFuncsRawbool IsGamepadToolTipOn( void ),QUERY,CodeBuddyFuncsRaw,bool IsGamepadToolTipOn( void ),,Dot (Global),Both,moduleObjects,dot,CodeBuddyFuncsRaw.bool IsGamepadToolTipOn( void ),,CF,否,,,文档转储命名空间：运行时不存在该全局,CF,否,,,文档转储命名空间：运行时不存在该全局,,双端未见,文档转储（非运行时命名空间）,,
Q-CodeBuddyFuncsRawuint GetTouchPointCount( void ) const,QUERY,CodeBuddyFuncsRaw,uint GetTouchPointCount( void ) const,,Dot (Global),Both,moduleObjects,dot,CodeBuddyFuncsRaw.uint GetTouchPointCount( void ) const,,CF,否,,,文档转储命名空间：运行时不存在该全局,CF,否,,,文档转储命名空间：运行时不存在该全局,,双端未见,文档转储（非运行时命名空间）,,
Q-CodeBuddyFuncsRawvoid ClearUpEndCallback( void ),QUERY,CodeBuddyFuncsRaw,void ClearUpEndCallback( void ),,Dot (Global),Both,moduleObjects,dot,CodeBuddyFuncsRaw.void ClearUpEndCallback( void ),,CF,否,,,文档转储命名空间：运行时不存在该全局,CF,否,,,文档转储命名空间：运行时不存在该全局,,双端未见,文档转储（非运行时命名空间）,,
Q-CodeBuddyFuncsRawbool IsTooltipShowing( void ),QUERY,CodeBuddyFuncsRaw,bool IsTooltipShowing( void ),,Dot (Global),Both,moduleObjects,dot,CodeBuddyFuncsRaw.bool IsTooltipShowing( void ),,CF,否,,,文档转储命名空间：运行时不存在该全局,CF,否,,,文档转储命名空间：运行时不存在该全局,,双端未见,文档转储（非运行时命名空间）,,
Q-CodeBuddyFuncsRawCFunction: GetTouchPointDeltaFromStart,QUERY,CodeBuddyFuncsRaw,CFunction: GetTouchPointDeltaFromStart,,Dot (Global),Both,moduleObjects,dot,CodeBuddyFuncsRaw.CFunction: GetTouchPointDeltaFromStart,,CF,否,,,文档转储命名空间：运行时不存在该全局,CF,否,,,文档转储命名空间：运行时不存在该全局,,双端未见,文档转储（非运行时命名空间）,,
Q-CodeBuddyFuncsRawvoid SelectTabByID( const char* ),QUERY,CodeBuddyFuncsRaw,void SelectTabByID( const char* ),,Dot (Global),Both,moduleObjects,dot,CodeBuddyFuncsRaw.void SelectTabByID( const char* ),,CF,否,,,文档转储命名空间：运行时不存在该全局,CF,否,,,文档转储命名空间：运行时不存在该全局,,双端未见,文档转储（非运行时命名空间）,,
Q-CodeBuddyFuncsRawvoid SetActiveAlways( bool ),QUERY,CodeBuddyFuncsRaw,void SetActiveAlways( bool ),,Dot (Global),Both,moduleObjects,dot,CodeBuddyFuncsRaw.void SetActiveAlways( bool ),,CF,否,,,文档转储命名空间：运行时不存在该全局,CF,否,,,文档转储命名空间：运行时不存在该全局,,双端未见,文档转储（非运行时命名空间）,,
Q-CodeBuddyFuncsRawCFunction: CreateConcentricWaves,QUERY,CodeBuddyFuncsRaw,CFunction: CreateConcentricWaves,,Dot (Global),Both,moduleObjects,dot,CodeBuddyFuncsRaw.CFunction: CreateConcentricWaves,,CF,否,,,文档转储命名空间：运行时不存在该全局,CF,否,,,文档转储命名空间：运行时不存在该全局,,双端未见,文档转储（非运行时命名空间）,,
Q-CodeBuddyFuncsRawCFunction: GetOffsetVal,QUERY,CodeBuddyFuncsRaw,CFunction: GetOffsetVal,,Dot (Global),Both,moduleObjects,dot,CodeBuddyFuncsRaw.CFunction: GetOffsetVal,,CF,否,,,文档转储命名空间：运行时不存在该全局,CF,否,,,文档转储命名空间：运行时不存在该全局,,双端未见,文档转储（非运行时命名空间）,,
"Q-CodeBuddyFuncsRawvoid ToggleIndexSelected( uint, bool )",QUERY,CodeBuddyFuncsRaw,"void ToggleIndexSelected( uint, bool )",,Dot (Global),Both,moduleObjects,dot,"CodeBuddyFuncsRaw.void ToggleIndexSelected( uint, bool )",,CF,否,,,文档转储命名空间：运行时不存在该全局,CF,否,,,文档转储命名空间：运行时不存在该全局,,双端未见,文档转储（非运行时命名空间）,,
Q-CodeBuddyFuncsRawCFunction: LookUpControl,QUERY,CodeBuddyFuncsRaw,CFunction: LookUpControl,,Dot (Global),Both,moduleObjects,dot,CodeBuddyFuncsRaw.CFunction: LookUpControl,,CF,否,,,文档转储命名空间：运行时不存在该全局,CF,否,,,文档转储命名空间：运行时不存在该全局,,双端未见,文档转储（非运行时命名空间）,,
Q-CodeBuddyFuncsRawCFunction: GetLeftButton,QUERY,CodeBuddyFuncsRaw,CFunction: GetLeftButton,,Dot (Global),Both,moduleObjects,dot,CodeBuddyFuncsRaw.CFunction: GetLeftButton,,CF,否,,,文档转储命名空间：运行时不存在该全局,CF,否,,,文档转储命名空间：运行时不存在该全局,,双端未见,文档转储（非运行时命名空间）,,
Q-CodeBuddyFuncsRawvoid GrantedMouseOver( void ),QUERY,CodeBuddyFuncsRaw,void GrantedMouseOver( void ),,Dot (Global),Both,moduleObjects,dot,CodeBuddyFuncsRaw.void GrantedMouseOver( void ),,CF,否,,,文档转储命名空间：运行时不存在该全局,CF,否,,,文档转储命名空间：运行时不存在该全局,,双端未见,文档转储（非运行时命名空间）,,
Q-CodeBuddyFuncsRawvoid SetFocusStop( int ),QUERY,CodeBuddyFuncsRaw,void SetFocusStop( int ),,Dot (Global),Both,moduleObjects,dot,CodeBuddyFuncsRaw.void SetFocusStop( int ),,CF,否,,,文档转储命名空间：运行时不存在该全局,CF,否,,,文档转储命名空间：运行时不存在该全局,,双端未见,文档转储（非运行时命名空间）,,
"Q-CodeBuddyFuncsRawvoid SetColorVal( float, float, float, float )",QUERY,CodeBuddyFuncsRaw,"void SetColorVal( float, float, float, float )",,Dot (Global),Both,moduleObjects,dot,"CodeBuddyFuncsRaw.void SetColorVal( float, float, float, float )",,CF,否,,,文档转储命名空间：运行时不存在该全局,CF,否,,,文档转储命名空间：运行时不存在该全局,,双端未见,文档转储（非运行时命名空间）,,
Q-CodeBuddyFuncsRawvoid SetConsumeMouseButton( bool ),QUERY,CodeBuddyFuncsRaw,void SetConsumeMouseButton( bool ),,Dot (Global),Both,moduleObjects,dot,CodeBuddyFuncsRaw.void SetConsumeMouseButton( bool ),,CF,否,,,文档转储命名空间：运行时不存在该全局,CF,否,,,文档转储命名空间：运行时不存在该全局,,双端未见,文档转储（非运行时命名空间）,,
Q-CodeBuddyFuncsRawvoid SetEntrySubButtonClickedCallback( function ),QUERY,CodeBuddyFuncsRaw,void SetEntrySubButtonClickedCallback( function ),,Dot (Global),Both,moduleObjects,dot,CodeBuddyFuncsRaw.void SetEntrySubButtonClickedCallback( function ),,CF,否,,,文档转储命名空间：运行时不存在该全局,CF,否,,,文档转储命名空间：运行时不存在该全局,,双端未见,文档转储（非运行时命名空间）,,
Q-CodeBuddyFuncsRawvoid SetSizeY( float ),QUERY,CodeBuddyFuncsRaw,void SetSizeY( float ),,Dot (Global),Both,moduleObjects,dot,CodeBuddyFuncsRaw.void SetSizeY( float ),,CF,否,,,文档转储命名空间：运行时不存在该全局,CF,否,,,文档转储命名空间：运行时不存在该全局,,双端未见,文档转储（非运行时命名空间）,,
Q-CodeBuddyFuncsRawvoid SetAlpha( float ),QUERY,CodeBuddyFuncsRaw,void SetAlpha( float ),,Dot (Global),Both,moduleObjects,dot,CodeBuddyFuncsRaw.void SetAlpha( float ),,CF,否,,,文档转储命名空间：运行时不存在该全局,CF,否,,,文档转储命名空间：运行时不存在该全局,,双端未见,文档转储（非运行时命名空间）,,
Q-CodeBuddyFuncsRawuint GetFlags( void ) const,QUERY,CodeBuddyFuncsRaw,uint GetFlags( void ) const,,Dot (Global),Both,moduleObjects,dot,CodeBuddyFuncsRaw.uint GetFlags( void ) const,,CF,否,,,文档转储命名空间：运行时不存在该全局,CF,否,,,文档转储命名空间：运行时不存在该全局,,双端未见,文档转储（非运行时命名空间）,,
Q-CodeBuddyFuncsRawvoid CallParentShowHideHandler( bool ),QUERY,CodeBuddyFuncsRaw,void CallParentShowHideHandler( bool ),,Dot (Global),Both,moduleObjects,dot,CodeBuddyFuncsRaw.void CallParentShowHideHandler( bool ),,CF,否,,,文档转储命名空间：运行时不存在该全局,CF,否,,,文档转储命名空间：运行时不存在该全局,,双端未见,文档转储（非运行时命名空间）,,
Q-CodeBuddyFuncsRawvoid SelectTab( ControlBase* ),QUERY,CodeBuddyFuncsRaw,void SelectTab( ControlBase* ),,Dot (Global),Both,moduleObjects,dot,CodeBuddyFuncsRaw.void SelectTab( ControlBase* ),,CF,否,,,文档转储命名空间：运行时不存在该全局,CF,否,,,文档转储命名空间：运行时不存在该全局,,双端未见,文档转储（非运行时命名空间）,,
Q-CodeBuddyFuncsRawuint GetSelectedIndex( void ) const,QUERY,CodeBuddyFuncsRaw,uint GetSelectedIndex( void ) const,,Dot (Global),Both,moduleObjects,dot,CodeBuddyFuncsRaw.uint GetSelectedIndex( void ) const,,CF,否,,,文档转储命名空间：运行时不存在该全局,CF,否,,,文档转储命名空间：运行时不存在该全局,,双端未见,文档转储（非运行时命名空间）,,
Q-CodeBuddyFuncsRawbool IsTrackingRightMouseButton( void ),QUERY,CodeBuddyFuncsRaw,bool IsTrackingRightMouseButton( void ),,Dot (Global),Both,moduleObjects,dot,CodeBuddyFuncsRaw.bool IsTrackingRightMouseButton( void ),,CF,否,,,文档转储命名空间：运行时不存在该全局,CF,否,,,文档转储命名空间：运行时不存在该全局,,双端未见,文档转储（非运行时命名空间）,,
"Q-CodeBuddyFuncsRawvoid SetSelectedIndex( uint, bool )",QUERY,CodeBuddyFuncsRaw,"void SetSelectedIndex( uint, bool )",,Dot (Global),Both,moduleObjects,dot,"CodeBuddyFuncsRaw.void SetSelectedIndex( uint, bool )",,CF,否,,,文档转储命名空间：运行时不存在该全局,CF,否,,,文档转储命名空间：运行时不存在该全局,,双端未见,文档转储（非运行时命名空间）,,
Q-CodeBuddyFuncsRawCFunction: GetAnchor,QUERY,CodeBuddyFuncsRaw,CFunction: GetAnchor,,Dot (Global),Both,moduleObjects,dot,CodeBuddyFuncsRaw.CFunction: GetAnchor,,CF,否,,,文档转储命名空间：运行时不存在该全局,CF,否,,,文档转储命名空间：运行时不存在该全局,,双端未见,文档转储（非运行时命名空间）,,
Q-CodeBuddyFuncsRawbool IsDrop( void ) const,QUERY,CodeBuddyFuncsRaw,bool IsDrop( void ) const,,Dot (Global),Both,moduleObjects,dot,CodeBuddyFuncsRaw.bool IsDrop( void ) const,,CF,否,,,文档转储命名空间：运行时不存在该全局,CF,否,,,文档转储命名空间：运行时不存在该全局,,双端未见,文档转储（非运行时命名空间）,,
Q-CodeBuddyFuncsRawconst char* GetText( void ) const,QUERY,CodeBuddyFuncsRaw,const char* GetText( void ) const,,Dot (Global),Both,moduleObjects,dot,CodeBuddyFuncsRaw.const char* GetText( void ) const,,CF,否,,,文档转储命名空间：运行时不存在该全局,CF,否,,,文档转储命名空间：运行时不存在该全局,,双端未见,文档转储（非运行时命名空间）,,
Q-CodeBuddyFuncsRawvoid ClearChannel( uint ),QUERY,CodeBuddyFuncsRaw,void ClearChannel( uint ),,Dot (Global),Both,moduleObjects,dot,CodeBuddyFuncsRaw.void ClearChannel( uint ),,CF,否,,,文档转储命名空间：运行时不存在该全局,CF,否,,,文档转储命名空间：运行时不存在该全局,,双端未见,文档转储（非运行时命名空间）,,
Q-CodeBuddyFuncsRawvoid DisableTouchToolTip( bool ),QUERY,CodeBuddyFuncsRaw,void DisableTouchToolTip( bool ),,Dot (Global),Both,moduleObjects,dot,CodeBuddyFuncsRaw.void DisableTouchToolTip( bool ),,CF,否,,,文档转储命名空间：运行时不存在该全局,CF,否,,,文档转储命名空间：运行时不存在该全局,,双端未见,文档转储（非运行时命名空间）,,
Q-CodeBuddyFuncsRawvoid SetMaskOffset( FGXVector2 ),QUERY,CodeBuddyFuncsRaw,void SetMaskOffset( FGXVector2 ),,Dot (Global),Both,moduleObjects,dot,CodeBuddyFuncsRaw.void SetMaskOffset( FGXVector2 ),,CF,否,,,文档转储命名空间：运行时不存在该全局,CF,否,,,文档转储命名空间：运行时不存在该全局,,双端未见,文档转储（非运行时命名空间）,,
Q-CodeBuddyFuncsRawfloat GetSizeY( void ) const,QUERY,CodeBuddyFuncsRaw,float GetSizeY( void ) const,,Dot (Global),Both,moduleObjects,dot,CodeBuddyFuncsRaw.float GetSizeY( void ) const,,CF,否,,,文档转储命名空间：运行时不存在该全局,CF,否,,,文档转储命名空间：运行时不存在该全局,,双端未见,文档转储（非运行时命名空间）,,
Q-CodeBuddyFuncsRawCFunction: GetCurrentSubButton,QUERY,CodeBuddyFuncsRaw,CFunction: GetCurrentSubButton,,Dot (Global),Both,moduleObjects,dot,CodeBuddyFuncsRaw.CFunction: GetCurrentSubButton,,CF,否,,,文档转储命名空间：运行时不存在该全局,CF,否,,,文档转储命名空间：运行时不存在该全局,,双端未见,文档转储（非运行时命名空间）,,
Q-CodeBuddyFuncsRawCFunction: GetText,QUERY,CodeBuddyFuncsRaw,CFunction: GetText,,Dot (Global),Both,moduleObjects,dot,CodeBuddyFuncsRaw.CFunction: GetText,,CF,否,,,文档转储命名空间：运行时不存在该全局,CF,否,,,文档转储命名空间：运行时不存在该全局,,双端未见,文档转储（非运行时命名空间）,,
Q-CodeBuddyFuncsRawint GetStartY( void ) const,QUERY,CodeBuddyFuncsRaw,int GetStartY( void ) const,,Dot (Global),Both,moduleObjects,dot,CodeBuddyFuncsRaw.int GetStartY( void ) const,,CF,否,,,文档转储命名空间：运行时不存在该全局,CF,否,,,文档转储命名空间：运行时不存在该全局,,双端未见,文档转储（非运行时命名空间）,,
Q-CodeBuddyFuncsRawvoid SetClipboardString( const char* ),QUERY,CodeBuddyFuncsRaw,void SetClipboardString( const char* ),,Dot (Global),Both,moduleObjects,dot,CodeBuddyFuncsRaw.void SetClipboardString( const char* ),,CF,否,,,文档转储命名空间：运行时不存在该全局,CF,否,,,文档转储命名空间：运行时不存在该全局,,双端未见,文档转储（非运行时命名空间）,,
Q-CodeBuddyFuncsRawint GetStackPadding( void ),QUERY,CodeBuddyFuncsRaw,int GetStackPadding( void ),,Dot (Global),Both,moduleObjects,dot,CodeBuddyFuncsRaw.int GetStackPadding( void ),,CF,否,,,文档转储命名空间：运行时不存在该全局,CF,否,,,文档转储命名空间：运行时不存在该全局,,双端未见,文档转储（非运行时命名空间）,,
Q-CodeBuddyFuncsRawCFunction: SetUnCheckColor,QUERY,CodeBuddyFuncsRaw,CFunction: SetUnCheckColor,,Dot (Global),Both,moduleObjects,dot,CodeBuddyFuncsRaw.CFunction: SetUnCheckColor,,CF,否,,,文档转储命名空间：运行时不存在该全局,CF,否,,,文档转储命名空间：运行时不存在该全局,,双端未见,文档转储（非运行时命名空间）,,
Q-CodeBuddyFuncsRawCFunction: LastHitOffset,QUERY,CodeBuddyFuncsRaw,CFunction: LastHitOffset,,Dot (Global),Both,moduleObjects,dot,CodeBuddyFuncsRaw.CFunction: LastHitOffset,,CF,否,,,文档转储命名空间：运行时不存在该全局,CF,否,,,文档转储命名空间：运行时不存在该全局,,双端未见,文档转储（非运行时命名空间）,,
Q-CodeBuddyFuncsRawbool SetCheckTexture( const char* ),QUERY,CodeBuddyFuncsRaw,bool SetCheckTexture( const char* ),,Dot (Global),Both,moduleObjects,dot,CodeBuddyFuncsRaw.bool SetCheckTexture( const char* ),,CF,否,,,文档转储命名空间：运行时不存在该全局,CF,否,,,文档转储命名空间：运行时不存在该全局,,双端未见,文档转储（非运行时命名空间）,,
"Q-CodeBuddyFuncsRawvoid Resize( float, float )",QUERY,CodeBuddyFuncsRaw,"void Resize( float, float )",,Dot (Global),Both,moduleObjects,dot,"CodeBuddyFuncsRaw.void Resize( float, float )",,CF,否,,,文档转储命名空间：运行时不存在该全局,CF,否,,,文档转储命名空间：运行时不存在该全局,,双端未见,文档转储（非运行时命名空间）,,
Q-CodeBuddyFuncsRawbool IsRButtonDown( void ) const,QUERY,CodeBuddyFuncsRaw,bool IsRButtonDown( void ) const,,Dot (Global),Both,moduleObjects,dot,CodeBuddyFuncsRaw.bool IsRButtonDown( void ) const,,CF,否,,,文档转储命名空间：运行时不存在该全局,CF,否,,,文档转储命名空间：运行时不存在该全局,,双端未见,文档转储（非运行时命名空间）,,
Q-CodeBuddyFuncsRawbool StrategicView_SetReferenceMap( const char* ),QUERY,CodeBuddyFuncsRaw,bool StrategicView_SetReferenceMap( const char* ),,Dot (Global),Both,moduleObjects,dot,CodeBuddyFuncsRaw.bool StrategicView_SetReferenceMap( const char* ),,CF,否,,,文档转储命名空间：运行时不存在该全局,CF,否,,,文档转储命名空间：运行时不存在该全局,,双端未见,文档转储（非运行时命名空间）,,
Q-CodeBuddyFuncsRawCFunction: ReleaseAndUnloadTextureByName,QUERY,CodeBuddyFuncsRaw,CFunction: ReleaseAndUnloadTextureByName,,Dot (Global),Both,moduleObjects,dot,CodeBuddyFuncsRaw.CFunction: ReleaseAndUnloadTextureByName,,CF,否,,,文档转储命名空间：运行时不存在该全局,CF,否,,,文档转储命名空间：运行时不存在该全局,,双端未见,文档转储（非运行时命名空间）,,
Q-CodeBuddyFuncsRawTextButtonControl* GetTextButton( void ),QUERY,CodeBuddyFuncsRaw,TextButtonControl* GetTextButton( void ),,Dot (Global),Both,moduleObjects,dot,CodeBuddyFuncsRaw.TextButtonControl* GetTextButton( void ),,ERR,否,,,文档转储命名空间：运行时不存在该全局,ERR,否,,,文档转储命名空间：运行时不存在该全局,,双端未见,文档转储（非运行时命名空间）,,
Q-CodeBuddyFuncsRawButtonControl* ToButtonControl( void ),QUERY,CodeBuddyFuncsRaw,ButtonControl* ToButtonControl( void ),,Dot (Global),Both,moduleObjects,dot,CodeBuddyFuncsRaw.ButtonControl* ToButtonControl( void ),,ERR,否,,,文档转储命名空间：运行时不存在该全局,ERR,否,,,文档转储命名空间：运行时不存在该全局,,双端未见,文档转储（非运行时命名空间）,,
Q-CodeBuddyFuncsRawvoid Reload( void ),QUERY,CodeBuddyFuncsRaw,void Reload( void ),,Dot (Global),Both,moduleObjects,dot,CodeBuddyFuncsRaw.void Reload( void ),,CF,否,,,文档转储命名空间：运行时不存在该全局,CF,否,,,文档转储命名空间：运行时不存在该全局,,双端未见,文档转储（非运行时命名空间）,,
Q-CodeBuddyFuncsRawvoid SetUseHighlightShader( bool ),QUERY,CodeBuddyFuncsRaw,void SetUseHighlightShader( bool ),,Dot (Global),Both,moduleObjects,dot,CodeBuddyFuncsRaw.void SetUseHighlightShader( bool ),,CF,否,,,文档转储命名空间：运行时不存在该全局,CF,否,,,文档转储命名空间：运行时不存在该全局,,双端未见,文档转储（非运行时命名空间）,,
Q-CodeBuddyFuncsRawvoid CalculateSize( void ),QUERY,CodeBuddyFuncsRaw,void CalculateSize( void ),,Dot (Global),Both,moduleObjects,dot,CodeBuddyFuncsRaw.void CalculateSize( void ),,CF,否,,,文档转储命名空间：运行时不存在该全局,CF,否,,,文档转储命名空间：运行时不存在该全局,,双端未见,文档转储（非运行时命名空间）,,
Q-CodeBuddyFuncsRawfloat GetOffsetY( void ) const,QUERY,CodeBuddyFuncsRaw,float GetOffsetY( void ) const,,Dot (Global),Both,moduleObjects,dot,CodeBuddyFuncsRaw.float GetOffsetY( void ) const,,CF,否,,,文档转储命名空间：运行时不存在该全局,CF,否,,,文档转储命名空间：运行时不存在该全局,,双端未见,文档转储（非运行时命名空间）,,
Q-CodeBuddyFuncsRawfloat GetStickX( void ) const,QUERY,CodeBuddyFuncsRaw,float GetStickX( void ) const,,Dot (Global),Both,moduleObjects,dot,CodeBuddyFuncsRaw.float GetStickX( void ) const,,CF,否,,,文档转储命名空间：运行时不存在该全局,CF,否,,,文档转储命名空间：运行时不存在该全局,,双端未见,文档转储（非运行时命名空间）,,
Q-CodeBuddyFuncsRawvoid ForceSetFocus( void ),QUERY,CodeBuddyFuncsRaw,void ForceSetFocus( void ),,Dot (Global),Both,moduleObjects,dot,CodeBuddyFuncsRaw.void ForceSetFocus( void ),,CF,否,,,文档转储命名空间：运行时不存在该全局,CF,否,,,文档转储命名空间：运行时不存在该全局,,双端未见,文档转储（非运行时命名空间）,,
Q-CodeBuddyFuncsRawfloat GetEndX( void ) const,QUERY,CodeBuddyFuncsRaw,float GetEndX( void ) const,,Dot (Global),Both,moduleObjects,dot,CodeBuddyFuncsRaw.float GetEndX( void ) const,,CF,否,,,文档转储命名空间：运行时不存在该全局,CF,否,,,文档转储命名空间：运行时不存在该全局,,双端未见,文档转储（非运行时命名空间）,,
Q-CodeBuddyFuncsRawint GetCoordX( void ) const,QUERY,CodeBuddyFuncsRaw,int GetCoordX( void ) const,,Dot (Global),Both,moduleObjects,dot,CodeBuddyFuncsRaw.int GetCoordX( void ) const,,CF,否,,,文档转储命名空间：运行时不存在该全局,CF,否,,,文档转储命名空间：运行时不存在该全局,,双端未见,文档转储（非运行时命名空间）,,
Q-CodeBuddyFuncsRawvoid SendOpenState( void ),QUERY,CodeBuddyFuncsRaw,void SendOpenState( void ),,Dot (Global),Both,moduleObjects,dot,CodeBuddyFuncsRaw.void SendOpenState( void ),,CF,否,,,文档转储命名空间：运行时不存在该全局,CF,否,,,文档转储命名空间：运行时不存在该全局,,双端未见,文档转储（非运行时命名空间）,,
Q-CodeBuddyFuncsRawCFunction: PlayEffect,QUERY,CodeBuddyFuncsRaw,CFunction: PlayEffect,,Dot (Global),Both,moduleObjects,dot,CodeBuddyFuncsRaw.CFunction: PlayEffect,,CF,否,,,文档转储命名空间：运行时不存在该全局,CF,否,,,文档转储命名空间：运行时不存在该全局,,双端未见,文档转储（非运行时命名空间）,,
Q-CodeBuddyFuncsRawbool IsDisabled( void ) const,QUERY,CodeBuddyFuncsRaw,bool IsDisabled( void ) const,,Dot (Global),Both,moduleObjects,dot,CodeBuddyFuncsRaw.bool IsDisabled( void ) const,,CF,否,,,文档转储命名空间：运行时不存在该全局,CF,否,,,文档转储命名空间：运行时不存在该全局,,双端未见,文档转储（非运行时命名空间）,,
Q-CodeBuddyFuncsRawFGXVector3 GetWorldPosition( void ),QUERY,CodeBuddyFuncsRaw,FGXVector3 GetWorldPosition( void ),,Dot (Global),Both,moduleObjects,dot,CodeBuddyFuncsRaw.FGXVector3 GetWorldPosition( void ),,CF,否,,,文档转储命名空间：运行时不存在该全局,CF,否,,,文档转储命名空间：运行时不存在该全局,,双端未见,文档转储（非运行时命名空间）,,
Q-CodeBuddyFuncsRawvoid AddControlToAlwaysReceiveInput( ControlBase* ),QUERY,CodeBuddyFuncsRaw,void AddControlToAlwaysReceiveInput( ControlBase* ),,Dot (Global),Both,moduleObjects,dot,CodeBuddyFuncsRaw.void AddControlToAlwaysReceiveInput( ControlBase* ),,CF,否,,,文档转储命名空间：运行时不存在该全局,CF,否,,,文档转储命名空间：运行时不存在该全局,,双端未见,文档转储（非运行时命名空间）,,
Q-CodeBuddyFuncsRawvoid ReleaseGameCoreEvent( uint ),QUERY,CodeBuddyFuncsRaw,void ReleaseGameCoreEvent( uint ),,Dot (Global),Both,moduleObjects,dot,CodeBuddyFuncsRaw.void ReleaseGameCoreEvent( uint ),,CF,否,,,文档转储命名空间：运行时不存在该全局,CF,否,,,文档转储命名空间：运行时不存在该全局,,双端未见,文档转储（非运行时命名空间）,,
Q-CodeBuddyFuncsRawvoid SetTag( uint ),QUERY,CodeBuddyFuncsRaw,void SetTag( uint ),,Dot (Global),Both,moduleObjects,dot,CodeBuddyFuncsRaw.void SetTag( uint ),,CF,否,,,文档转储命名空间：运行时不存在该全局,CF,否,,,文档转储命名空间：运行时不存在该全局,,双端未见,文档转储（非运行时命名空间）,,
"Q-CodeBuddyFuncsRawvoid SetTextureSizeVal( float, float )",QUERY,CodeBuddyFuncsRaw,"void SetTextureSizeVal( float, float )",,Dot (Global),Both,moduleObjects,dot,"CodeBuddyFuncsRaw.void SetTextureSizeVal( float, float )",,CF,否,,,文档转储命名空间：运行时不存在该全局,CF,否,,,文档转储命名空间：运行时不存在该全局,,双端未见,文档转储（非运行时命名空间）,,
Q-CodeBuddyFuncsRawbool IsAnyGestureStarted( void ) const,QUERY,CodeBuddyFuncsRaw,bool IsAnyGestureStarted( void ) const,,Dot (Global),Both,moduleObjects,dot,CodeBuddyFuncsRaw.bool IsAnyGestureStarted( void ) const,,CF,否,,,文档转储命名空间：运行时不存在该全局,CF,否,,,文档转储命名空间：运行时不存在该全局,,双端未见,文档转储（非运行时命名空间）,,
Q-CodeBuddyFuncsRawconst char* GetID( void ) const,QUERY,CodeBuddyFuncsRaw,const char* GetID( void ) const,,Dot (Global),Both,moduleObjects,dot,CodeBuddyFuncsRaw.const char* GetID( void ) const,,CF,否,,,文档转储命名空间：运行时不存在该全局,CF,否,,,文档转储命名空间：运行时不存在该全局,,双端未见,文档转储（非运行时命名空间）,,
Q-CodeBuddyFuncsRawvoid SetModal( bool ),QUERY,CodeBuddyFuncsRaw,void SetModal( bool ),,Dot (Global),Both,moduleObjects,dot,CodeBuddyFuncsRaw.void SetModal( bool ),,CF,否,,,文档转储命名空间：运行时不存在该全局,CF,否,,,文档转储命名空间：运行时不存在该全局,,双端未见,文档转储（非运行时命名空间）,,
Q-CodeBuddyFuncsRawvoid EnableDebugOutline( void ),QUERY,CodeBuddyFuncsRaw,void EnableDebugOutline( void ),,Dot (Global),Both,moduleObjects,dot,CodeBuddyFuncsRaw.void EnableDebugOutline( void ),,CF,否,,,文档转储命名空间：运行时不存在该全局,CF,否,,,文档转储命名空间：运行时不存在该全局,,双端未见,文档转储（非运行时命名空间）,,
Q-CodeBuddyFuncsRawvoid Reverse( void ),QUERY,CodeBuddyFuncsRaw,void Reverse( void ),,Dot (Global),Both,moduleObjects,dot,CodeBuddyFuncsRaw.void Reverse( void ),,CF,否,,,文档转储命名空间：运行时不存在该全局,CF,否,,,文档转储命名空间：运行时不存在该全局,,双端未见,文档转储（非运行时命名空间）,,
Q-CodeBuddyFuncsRawvoid ClearPersistantInputControls( void ),QUERY,CodeBuddyFuncsRaw,void ClearPersistantInputControls( void ),,Dot (Global),Both,moduleObjects,dot,CodeBuddyFuncsRaw.void ClearPersistantInputControls( void ),,CF,否,,,文档转储命名空间：运行时不存在该全局,CF,否,,,文档转储命名空间：运行时不存在该全局,,双端未见,文档转储（非运行时命名空间）,,
Q-CodeBuddyFuncsRawbool IsDown( void ) const,QUERY,CodeBuddyFuncsRaw,bool IsDown( void ) const,,Dot (Global),Both,moduleObjects,dot,CodeBuddyFuncsRaw.bool IsDown( void ) const,,CF,否,,,文档转储命名空间：运行时不存在该全局,CF,否,,,文档转储命名空间：运行时不存在该全局,,双端未见,文档转储（非运行时命名空间）,,
Q-CodeBuddyFuncsRawvoid RegisterMouseEnterCallback( function ),QUERY,CodeBuddyFuncsRaw,void RegisterMouseEnterCallback( function ),,Dot (Global),Both,moduleObjects,dot,CodeBuddyFuncsRaw.void RegisterMouseEnterCallback( function ),,CF,否,,,文档转储命名空间：运行时不存在该全局,CF,否,,,文档转储命名空间：运行时不存在该全局,,双端未见,文档转储（非运行时命名空间）,,
Q-CodeBuddyFuncsRawvoid SetPercent( float ),QUERY,CodeBuddyFuncsRaw,void SetPercent( float ),,Dot (Global),Both,moduleObjects,dot,CodeBuddyFuncsRaw.void SetPercent( float ),,CF,否,,,文档转储命名空间：运行时不存在该全局,CF,否,,,文档转储命名空间：运行时不存在该全局,,双端未见,文档转储（非运行时命名空间）,,
Q-CodeBuddyFuncsRawvoid Clear( void ),QUERY,CodeBuddyFuncsRaw,void Clear( void ),,Dot (Global),Both,moduleObjects,dot,CodeBuddyFuncsRaw.void Clear( void ),,CF,否,,,文档转储命名空间：运行时不存在该全局,CF,否,,,文档转储命名空间：运行时不存在该全局,,双端未见,文档转储（非运行时命名空间）,,
Q-CodeBuddyFuncsRawfloat GetAbsoluteScrollValue( void ),QUERY,CodeBuddyFuncsRaw,float GetAbsoluteScrollValue( void ),,Dot (Global),Both,moduleObjects,dot,CodeBuddyFuncsRaw.float GetAbsoluteScrollValue( void ),,CF,否,,,文档转储命名空间：运行时不存在该全局,CF,否,,,文档转储命名空间：运行时不存在该全局,,双端未见,文档转储（非运行时命名空间）,,
Q-CodeBuddyFuncsRawbool WasInAnyGesture( void ) const,QUERY,CodeBuddyFuncsRaw,bool WasInAnyGesture( void ) const,,Dot (Global),Both,moduleObjects,dot,CodeBuddyFuncsRaw.bool WasInAnyGesture( void ) const,,CF,否,,,文档转储命名空间：运行时不存在该全局,CF,否,,,文档转储命名空间：运行时不存在该全局,,双端未见,文档转储（非运行时命名空间）,,
Q-CodeBuddyFuncsRawvoid SetYTickInterval( float ),QUERY,CodeBuddyFuncsRaw,void SetYTickInterval( float ),,Dot (Global),Both,moduleObjects,dot,CodeBuddyFuncsRaw.void SetYTickInterval( float ),,CF,否,,,文档转储命名空间：运行时不存在该全局,CF,否,,,文档转储命名空间：运行时不存在该全局,,双端未见,文档转储（非运行时命名空间）,,
Q-CodeBuddyFuncsRawvoid SetTruncateHeight( float ),QUERY,CodeBuddyFuncsRaw,void SetTruncateHeight( float ),,Dot (Global),Both,moduleObjects,dot,CodeBuddyFuncsRaw.void SetTruncateHeight( float ),,CF,否,,,文档转储命名空间：运行时不存在该全局,CF,否,,,文档转储命名空间：运行时不存在该全局,,双端未见,文档转储（非运行时命名空间）,,
Q-CodeBuddyFuncsRawbool IsTextTruncated( void ) const,QUERY,CodeBuddyFuncsRaw,bool IsTextTruncated( void ) const,,Dot (Global),Both,moduleObjects,dot,CodeBuddyFuncsRaw.bool IsTextTruncated( void ) const,,CF,否,,,文档转储命名空间：运行时不存在该全局,CF,否,,,文档转储命名空间：运行时不存在该全局,,双端未见,文档转储（非运行时命名空间）,,
Q-CodeBuddyFuncsRawfloat GetX( void ) const,QUERY,CodeBuddyFuncsRaw,float GetX( void ) const,,Dot (Global),Both,moduleObjects,dot,CodeBuddyFuncsRaw.float GetX( void ) const,,CF,否,,,文档转储命名空间：运行时不存在该全局,CF,否,,,文档转储命名空间：运行时不存在该全局,,双端未见,文档转储（非运行时命名空间）,,
Q-CodeBuddyFuncsRawvoid SetShadowPercent( float ),QUERY,CodeBuddyFuncsRaw,void SetShadowPercent( float ),,Dot (Global),Both,moduleObjects,dot,CodeBuddyFuncsRaw.void SetShadowPercent( float ),,CF,否,,,文档转储命名空间：运行时不存在该全局,CF,否,,,文档转储命名空间：运行时不存在该全局,,双端未见,文档转储（非运行时命名空间）,,
Q-CodeBuddyFuncsRawvoid ClearTextureChanged( void ),QUERY,CodeBuddyFuncsRaw,void ClearTextureChanged( void ),,Dot (Global),Both,moduleObjects,dot,CodeBuddyFuncsRaw.void ClearTextureChanged( void ),,CF,否,,,文档转储命名空间：运行时不存在该全局,CF,否,,,文档转储命名空间：运行时不存在该全局,,双端未见,文档转储（非运行时命名空间）,,
Q-CodeBuddyFuncsRawbool IsSelected( void ),QUERY,CodeBuddyFuncsRaw,bool IsSelected( void ),,Dot (Global),Both,moduleObjects,dot,CodeBuddyFuncsRaw.bool IsSelected( void ),,CF,否,,,文档转储命名空间：运行时不存在该全局,CF,否,,,文档转储命名空间：运行时不存在该全局,,双端未见,文档转储（非运行时命名空间）,,
"Q-CodeBuddyFuncsRawvoid SetParentRelativeSizeVal( float, float )",QUERY,CodeBuddyFuncsRaw,"void SetParentRelativeSizeVal( float, float )",,Dot (Global),Both,moduleObjects,dot,"CodeBuddyFuncsRaw.void SetParentRelativeSizeVal( float, float )",,CF,否,,,文档转储命名空间：运行时不存在该全局,CF,否,,,文档转储命名空间：运行时不存在该全局,,双端未见,文档转储（非运行时命名空间）,,
Q-CodeBuddyFuncsRawvoid RegisterEndCallback( function ),QUERY,CodeBuddyFuncsRaw,void RegisterEndCallback( function ),,Dot (Global),Both,moduleObjects,dot,CodeBuddyFuncsRaw.void RegisterEndCallback( function ),,CF,否,,,文档转储命名空间：运行时不存在该全局,CF,否,,,文档转储命名空间：运行时不存在该全局,,双端未见,文档转储（非运行时命名空间）,,
Q-CodeBuddyFuncsRawbool IsModal( void ) const,QUERY,CodeBuddyFuncsRaw,bool IsModal( void ) const,,Dot (Global),Both,moduleObjects,dot,CodeBuddyFuncsRaw.bool IsModal( void ) const,,CF,否,,,文档转储命名空间：运行时不存在该全局,CF,否,,,文档转储命名空间：运行时不存在该全局,,双端未见,文档转储（非运行时命名空间）,,
Q-CodeBuddyFuncsRawvoid Close( void ),QUERY,CodeBuddyFuncsRaw,void Close( void ),,Dot (Global),Both,moduleObjects,dot,CodeBuddyFuncsRaw.void Close( void ),,CF,否,,,文档转储命名空间：运行时不存在该全局,CF,否,,,文档转储命名空间：运行时不存在该全局,,双端未见,文档转储（非运行时命名空间）,,
Q-CodeBuddyFuncsRawvoid SetLinearColor( bool ),QUERY,CodeBuddyFuncsRaw,void SetLinearColor( bool ),,Dot (Global),Both,moduleObjects,dot,CodeBuddyFuncsRaw.void SetLinearColor( bool ),,CF,否,,,文档转储命名空间：运行时不存在该全局,CF,否,,,文档转储命名空间：运行时不存在该全局,,双端未见,文档转储（非运行时命名空间）,,
Q-CodeBuddyFuncsRawCFunction: QueuePopup,QUERY,CodeBuddyFuncsRaw,CFunction: QueuePopup,,Dot (Global),Both,moduleObjects,dot,CodeBuddyFuncsRaw.CFunction: QueuePopup,,CF,否,,,文档转储命名空间：运行时不存在该全局,CF,否,,,文档转储命名空间：运行时不存在该全局,,双端未见,文档转储（非运行时命名空间）,,
Q-CodeBuddyFuncsRawvoid SetAllChildrenVisible( bool ),QUERY,CodeBuddyFuncsRaw,void SetAllChildrenVisible( bool ),,Dot (Global),Both,moduleObjects,dot,CodeBuddyFuncsRaw.void SetAllChildrenVisible( bool ),,CF,否,,,文档转储命名空间：运行时不存在该全局,CF,否,,,文档转储命名空间：运行时不存在该全局,,双端未见,文档转储（非运行时命名空间）,,
Q-CodeBuddyFuncsRawCFunction: GetParentByType,QUERY,CodeBuddyFuncsRaw,CFunction: GetParentByType,,Dot (Global),Both,moduleObjects,dot,CodeBuddyFuncsRaw.CFunction: GetParentByType,,CF,否,,,文档转储命名空间：运行时不存在该全局,CF,否,,,文档转储命名空间：运行时不存在该全局,,双端未见,文档转储（非运行时命名空间）,,
Q-CodeBuddyFuncsRawvoid SetAbsoluteScrollValue( float ),QUERY,CodeBuddyFuncsRaw,void SetAbsoluteScrollValue( float ),,Dot (Global),Both,moduleObjects,dot,CodeBuddyFuncsRaw.void SetAbsoluteScrollValue( float ),,CF,否,,,文档转储命名空间：运行时不存在该全局,CF,否,,,文档转储命名空间：运行时不存在该全局,,双端未见,文档转储（非运行时命名空间）,,
"Q-CodeBuddyFuncsRawvoid SetColorVal( uint, uint, uint, uint )",QUERY,CodeBuddyFuncsRaw,"void SetColorVal( uint, uint, uint, uint )",,Dot (Global),Both,moduleObjects,dot,"CodeBuddyFuncsRaw.void SetColorVal( uint, uint, uint, uint )",,CF,否,,,文档转储命名空间：运行时不存在该全局,CF,否,,,文档转储命名空间：运行时不存在该全局,,双端未见,文档转储（非运行时命名空间）,,
Q-CodeBuddyFuncsRawvoid SetDrawControlBounds( bool ),QUERY,CodeBuddyFuncsRaw,void SetDrawControlBounds( bool ),,Dot (Global),Both,moduleObjects,dot,CodeBuddyFuncsRaw.void SetDrawControlBounds( bool ),,CF,否,,,文档转储命名空间：运行时不存在该全局,CF,否,,,文档转储命名空间：运行时不存在该全局,,双端未见,文档转储（非运行时命名空间）,,
Q-CodeBuddyFuncsRawCFunction: CreateSpritePath,QUERY,CodeBuddyFuncsRaw,CFunction: CreateSpritePath,,Dot (Global),Both,moduleObjects,dot,CodeBuddyFuncsRaw.CFunction: CreateSpritePath,,CF,否,,,文档转储命名空间：运行时不存在该全局,CF,否,,,文档转储命名空间：运行时不存在该全局,,双端未见,文档转储（非运行时命名空间）,,
Q-CodeBuddyFuncsRawint GetMouseDY( void ) const,QUERY,CodeBuddyFuncsRaw,int GetMouseDY( void ) const,,Dot (Global),Both,moduleObjects,dot,CodeBuddyFuncsRaw.int GetMouseDY( void ) const,,CF,否,,,文档转储命名空间：运行时不存在该全局,CF,否,,,文档转储命名空间：运行时不存在该全局,,双端未见,文档转储（非运行时命名空间）,,
Q-CodeBuddyFuncsRawvoid SetTruncateWidth( float ),QUERY,CodeBuddyFuncsRaw,void SetTruncateWidth( float ),,Dot (Global),Both,moduleObjects,dot,CodeBuddyFuncsRaw.void SetTruncateWidth( float ),,CF,否,,,文档转储命名空间：运行时不存在该全局,CF,否,,,文档转储命名空间：运行时不存在该全局,,双端未见,文档转储（非运行时命名空间）,,
Q-CodeBuddyFuncsRawvoid RegisterWhenHidden( function ),QUERY,CodeBuddyFuncsRaw,void RegisterWhenHidden( function ),,Dot (Global),Both,moduleObjects,dot,CodeBuddyFuncsRaw.void RegisterWhenHidden( function ),,CF,否,,,文档转储命名空间：运行时不存在该全局,CF,否,,,文档转储命名空间：运行时不存在该全局,,双端未见,文档转储（非运行时命名空间）,,
Q-CodeBuddyFuncsRawbool IsHideAll( void ) const,QUERY,CodeBuddyFuncsRaw,bool IsHideAll( void ) const,,Dot (Global),Both,moduleObjects,dot,CodeBuddyFuncsRaw.bool IsHideAll( void ) const,,CF,否,,,文档转储命名空间：运行时不存在该全局,CF,否,,,文档转储命名空间：运行时不存在该全局,,双端未见,文档转储（非运行时命名空间）,,
Q-CodeBuddyFuncsRawCFunction: SetBorderColors,QUERY,CodeBuddyFuncsRaw,CFunction: SetBorderColors,,Dot (Global),Both,moduleObjects,dot,CodeBuddyFuncsRaw.CFunction: SetBorderColors,,CF,否,,,文档转储命名空间：运行时不存在该全局,CF,否,,,文档转储命名空间：运行时不存在该全局,,双端未见,文档转储（非运行时命名空间）,,
Q-CodeBuddyFuncsRawvoid SetOffset( FGXVector2 ),QUERY,CodeBuddyFuncsRaw,void SetOffset( FGXVector2 ),,Dot (Global),Both,moduleObjects,dot,CodeBuddyFuncsRaw.void SetOffset( FGXVector2 ),,CF,否,,,文档转储命名空间：运行时不存在该全局,CF,否,,,文档转储命名空间：运行时不存在该全局,,双端未见,文档转储（非运行时命名空间）,,
Q-CodeBuddyFuncsRawvoid UnFocus( void ),QUERY,CodeBuddyFuncsRaw,void UnFocus( void ),,Dot (Global),Both,moduleObjects,dot,CodeBuddyFuncsRaw.void UnFocus( void ),,CF,否,,,文档转储命名空间：运行时不存在该全局,CF,否,,,文档转储命名空间：运行时不存在该全局,,双端未见,文档转储（非运行时命名空间）,,
Q-CodeBuddyFuncsRawvoid ClearWhenShownCallback( void ),QUERY,CodeBuddyFuncsRaw,void ClearWhenShownCallback( void ),,Dot (Global),Both,moduleObjects,dot,CodeBuddyFuncsRaw.void ClearWhenShownCallback( void ),,CF,否,,,文档转储命名空间：运行时不存在该全局,CF,否,,,文档转储命名空间：运行时不存在该全局,,双端未见,文档转储（非运行时命名空间）,,
Q-CodeBuddyFuncsRawvoid ResetAllWaves( void ),QUERY,CodeBuddyFuncsRaw,void ResetAllWaves( void ),,Dot (Global),Both,moduleObjects,dot,CodeBuddyFuncsRaw.void ResetAllWaves( void ),,CF,否,,,文档转储命名空间：运行时不存在该全局,CF,否,,,文档转储命名空间：运行时不存在该全局,,双端未见,文档转储（非运行时命名空间）,,
Q-CodeBuddyFuncsRawvoid RegisterStringChangedCallback( function ),QUERY,CodeBuddyFuncsRaw,void RegisterStringChangedCallback( function ),,Dot (Global),Both,moduleObjects,dot,CodeBuddyFuncsRaw.void RegisterStringChangedCallback( function ),,CF,否,,,文档转储命名空间：运行时不存在该全局,CF,否,,,文档转储命名空间：运行时不存在该全局,,双端未见,文档转储（非运行时命名空间）,,
Q-CodeBuddyFuncsRawCFunction: SetInputHandler,QUERY,CodeBuddyFuncsRaw,CFunction: SetInputHandler,,Dot (Global),Both,moduleObjects,dot,CodeBuddyFuncsRaw.CFunction: SetInputHandler,,CF,否,,,文档转储命名空间：运行时不存在该全局,CF,否,,,文档转储命名空间：运行时不存在该全局,,双端未见,文档转储（非运行时命名空间）,,
Q-CodeBuddyFuncsRawvoid Stop( void ),QUERY,CodeBuddyFuncsRaw,void Stop( void ),,Dot (Global),Both,moduleObjects,dot,CodeBuddyFuncsRaw.void Stop( void ),,CF,否,,,文档转储命名空间：运行时不存在该全局,CF,否,,,文档转储命名空间：运行时不存在该全局,,双端未见,文档转储（非运行时命名空间）,,
Q-CodeBuddyFuncsRawvoid SetGlobalInputHandler( function ),QUERY,CodeBuddyFuncsRaw,void SetGlobalInputHandler( function ),,Dot (Global),Both,moduleObjects,dot,CodeBuddyFuncsRaw.void SetGlobalInputHandler( function ),,CF,否,,,文档转储命名空间：运行时不存在该全局,CF,否,,,文档转储命名空间：运行时不存在该全局,,双端未见,文档转储（非运行时命名空间）,,
Q-CodeBuddyFuncsRawCFunction: CreateLinearWaves,QUERY,CodeBuddyFuncsRaw,CFunction: CreateLinearWaves,,Dot (Global),Both,moduleObjects,dot,CodeBuddyFuncsRaw.CFunction: CreateLinearWaves,,CF,否,,,文档转储命名空间：运行时不存在该全局,CF,否,,,文档转储命名空间：运行时不存在该全局,,双端未见,文档转储（非运行时命名空间）,,
Q-CodeBuddyFuncsRawvoid RegisterMouseExitCallback( function ),QUERY,CodeBuddyFuncsRaw,void RegisterMouseExitCallback( function ),,Dot (Global),Both,moduleObjects,dot,CodeBuddyFuncsRaw.void RegisterMouseExitCallback( function ),,CF,否,,,文档转储命名空间：运行时不存在该全局,CF,否,,,文档转储命名空间：运行时不存在该全局,,双端未见,文档转储（非运行时命名空间）,,
Q-CodeBuddyFuncsRawfloat GetSizeX( void ) const,QUERY,CodeBuddyFuncsRaw,float GetSizeX( void ) const,,Dot (Global),Both,moduleObjects,dot,CodeBuddyFuncsRaw.float GetSizeX( void ) const,,CF,否,,,文档转储命名空间：运行时不存在该全局,CF,否,,,文档转储命名空间：运行时不存在该全局,,双端未见,文档转储（非运行时命名空间）,,
Q-CodeBuddyFuncsRawvoid ShowXAxis( bool ),QUERY,CodeBuddyFuncsRaw,void ShowXAxis( bool ),,Dot (Global),Both,moduleObjects,dot,CodeBuddyFuncsRaw.void ShowXAxis( bool ),,CF,否,,,文档转储命名空间：运行时不存在该全局,CF,否,,,文档转储命名空间：运行时不存在该全局,,双端未见,文档转储（非运行时命名空间）,,
Q-CodeBuddyFuncsRawCFunction: GetChildren,QUERY,CodeBuddyFuncsRaw,CFunction: GetChildren,,Dot (Global),Both,moduleObjects,dot,CodeBuddyFuncsRaw.CFunction: GetChildren,,CF,否,,,文档转储命名空间：运行时不存在该全局,CF,否,,,文档转储命名空间：运行时不存在该全局,,双端未见,文档转储（非运行时命名空间）,,
"Q-CodeBuddyFuncsRawvoid SetZoomOffsetNearVal( float, float, float )",QUERY,CodeBuddyFuncsRaw,"void SetZoomOffsetNearVal( float, float, float )",,Dot (Global),Both,moduleObjects,dot,"CodeBuddyFuncsRaw.void SetZoomOffsetNearVal( float, float, float )",,CF,否,,,文档转储命名空间：运行时不存在该全局,CF,否,,,文档转储命名空间：运行时不存在该全局,,双端未见,文档转储（非运行时命名空间）,,
Q-CodeBuddyFuncsRawvoid LostMouseOver( void ),QUERY,CodeBuddyFuncsRaw,void LostMouseOver( void ),,Dot (Global),Both,moduleObjects,dot,CodeBuddyFuncsRaw.void LostMouseOver( void ),,CF,否,,,文档转储命名空间：运行时不存在该全局,CF,否,,,文档转储命名空间：运行时不存在该全局,,双端未见,文档转储（非运行时命名空间）,,
Q-CodeBuddyFuncsRawvoid SetXNumberInterval( float ),QUERY,CodeBuddyFuncsRaw,void SetXNumberInterval( float ),,Dot (Global),Both,moduleObjects,dot,CodeBuddyFuncsRaw.void SetXNumberInterval( float ),,CF,否,,,文档转储命名空间：运行时不存在该全局,CF,否,,,文档转储命名空间：运行时不存在该全局,,双端未见,文档转储（非运行时命名空间）,,
Q-CodeBuddyFuncsRawfloat GetPauseTime( void ),QUERY,CodeBuddyFuncsRaw,float GetPauseTime( void ),,Dot (Global),Both,moduleObjects,dot,CodeBuddyFuncsRaw.float GetPauseTime( void ),,CF,否,,,文档转储命名空间：运行时不存在该全局,CF,否,,,文档转储命名空间：运行时不存在该全局,,双端未见,文档转储（非运行时命名空间）,,
Q-CodeBuddyFuncsRawCFunction: HighlightColoredHexes,QUERY,CodeBuddyFuncsRaw,CFunction: HighlightColoredHexes,,Dot (Global),Both,moduleObjects,dot,CodeBuddyFuncsRaw.CFunction: HighlightColoredHexes,,CF,否,,,文档转储命名空间：运行时不存在该全局,CF,否,,,文档转储命名空间：运行时不存在该全局,,双端未见,文档转储（非运行时命名空间）,,
Q-CodeBuddyFuncsRawCFunction: GetPopupStack,QUERY,CodeBuddyFuncsRaw,CFunction: GetPopupStack,,Dot (Global),Both,moduleObjects,dot,CodeBuddyFuncsRaw.CFunction: GetPopupStack,,CF,否,,,文档转储命名空间：运行时不存在该全局,CF,否,,,文档转储命名空间：运行时不存在该全局,,双端未见,文档转储（非运行时命名空间）,,
Q-CodeBuddyFuncsRawtable GetSelectedEntry( void ),QUERY,CodeBuddyFuncsRaw,table GetSelectedEntry( void ),,Dot (Global),Both,moduleObjects,dot,CodeBuddyFuncsRaw.table GetSelectedEntry( void ),,CF,否,,,文档转储命名空间：运行时不存在该全局,CF,否,,,文档转储命名空间：运行时不存在该全局,,双端未见,文档转储（非运行时命名空间）,,
Q-CodeBuddyFuncsRawvoid SetEntries( table ),QUERY,CodeBuddyFuncsRaw,void SetEntries( table ),,Dot (Global),Both,moduleObjects,dot,CodeBuddyFuncsRaw.void SetEntries( table ),,CF,否,,,文档转储命名空间：运行时不存在该全局,CF,否,,,文档转储命名空间：运行时不存在该全局,,双端未见,文档转储（非运行时命名空间）,,
Q-CodeBuddyFuncsRawvoid SetConsumeMouseOver( bool ),QUERY,CodeBuddyFuncsRaw,void SetConsumeMouseOver( bool ),,Dot (Global),Both,moduleObjects,dot,CodeBuddyFuncsRaw.void SetConsumeMouseOver( bool ),,CF,否,,,文档转储命名空间：运行时不存在该全局,CF,否,,,文档转储命名空间：运行时不存在该全局,,双端未见,文档转储（非运行时命名空间）,,
Q-CodeBuddyFuncsRawbool HasEntries( void ),QUERY,CodeBuddyFuncsRaw,bool HasEntries( void ),,Dot (Global),Both,moduleObjects,dot,CodeBuddyFuncsRaw.bool HasEntries( void ),,CF,否,,,文档转储命名空间：运行时不存在该全局,CF,否,,,文档转储命名空间：运行时不存在该全局,,双端未见,文档转储（非运行时命名空间）,,
Q-CodeBuddyFuncsRawfloat GetParentRelativeSizeX( void ) const,QUERY,CodeBuddyFuncsRaw,float GetParentRelativeSizeX( void ) const,,Dot (Global),Both,moduleObjects,dot,CodeBuddyFuncsRaw.float GetParentRelativeSizeX( void ) const,,CF,否,,,文档转储命名空间：运行时不存在该全局,CF,否,,,文档转储命名空间：运行时不存在该全局,,双端未见,文档转储（非运行时命名空间）,,
Q-CodeBuddyFuncsRawfloat GetParentRelativeSizeY( void ) const,QUERY,CodeBuddyFuncsRaw,float GetParentRelativeSizeY( void ) const,,Dot (Global),Both,moduleObjects,dot,CodeBuddyFuncsRaw.float GetParentRelativeSizeY( void ) const,,CF,否,,,文档转储命名空间：运行时不存在该全局,CF,否,,,文档转储命名空间：运行时不存在该全局,,双端未见,文档转储（非运行时命名空间）,,
"Q-CodeBuddyFuncsRawControlBase* BuildInstance( const char*, table )",QUERY,CodeBuddyFuncsRaw,"ControlBase* BuildInstance( const char*, table )",,Dot (Global),Both,moduleObjects,dot,"CodeBuddyFuncsRaw.ControlBase* BuildInstance( const char*, table )",,CF,否,,,文档转储命名空间：运行时不存在该全局,CF,否,,,文档转储命名空间：运行时不存在该全局,,双端未见,文档转储（非运行时命名空间）,,
Q-CodeBuddyFuncsRawCFunction: TypeInfo,QUERY,CodeBuddyFuncsRaw,CFunction: TypeInfo,,Dot (Global),Both,moduleObjects,dot,CodeBuddyFuncsRaw.CFunction: TypeInfo,,CF,否,,,文档转储命名空间：运行时不存在该全局,CF,否,,,文档转储命名空间：运行时不存在该全局,,双端未见,文档转储（非运行时命名空间）,,
Q-CodeBuddyFuncsRawCFunction: SetText,QUERY,CodeBuddyFuncsRaw,CFunction: SetText,,Dot (Global),Both,moduleObjects,dot,CodeBuddyFuncsRaw.CFunction: SetText,,CF,否,,,文档转储命名空间：运行时不存在该全局,CF,否,,,文档转储命名空间：运行时不存在该全局,,双端未见,文档转储（非运行时命名空间）,,
Q-CodeBuddyFuncsRawCFunction: GetContext,QUERY,CodeBuddyFuncsRaw,CFunction: GetContext,,Dot (Global),Both,moduleObjects,dot,CodeBuddyFuncsRaw.CFunction: GetContext,,CF,否,,,文档转储命名空间：运行时不存在该全局,CF,否,,,文档转储命名空间：运行时不存在该全局,,双端未见,文档转储（非运行时命名空间）,,
Q-CodeBuddyFuncsRawvoid ClearSizeChangedCallback( void ),QUERY,CodeBuddyFuncsRaw,void ClearSizeChangedCallback( void ),,Dot (Global),Both,moduleObjects,dot,CodeBuddyFuncsRaw.void ClearSizeChangedCallback( void ),,CF,否,,,文档转储命名空间：运行时不存在该全局,CF,否,,,文档转储命名空间：运行时不存在该全局,,双端未见,文档转储（非运行时命名空间）,,
Q-CodeBuddyFuncsRawCFunction: SetMovie,QUERY,CodeBuddyFuncsRaw,CFunction: SetMovie,,Dot (Global),Both,moduleObjects,dot,CodeBuddyFuncsRaw.CFunction: SetMovie,,CF,否,,,文档转储命名空间：运行时不存在该全局,CF,否,,,文档转储命名空间：运行时不存在该全局,,双端未见,文档转储（非运行时命名空间）,,
Q-CodeBuddyFuncsRawvoid SetAndCall( bool ),QUERY,CodeBuddyFuncsRaw,void SetAndCall( bool ),,Dot (Global),Both,moduleObjects,dot,CodeBuddyFuncsRaw.void SetAndCall( bool ),,CF,否,,,文档转储命名空间：运行时不存在该全局,CF,否,,,文档转储命名空间：运行时不存在该全局,,双端未见,文档转储（非运行时命名空间）,,
Q-CodeBuddyFuncsRawint GetStickType( void ) const,QUERY,CodeBuddyFuncsRaw,int GetStickType( void ) const,,Dot (Global),Both,moduleObjects,dot,CodeBuddyFuncsRaw.int GetStickType( void ) const,,CF,否,,,文档转储命名空间：运行时不存在该全局,CF,否,,,文档转储命名空间：运行时不存在该全局,,双端未见,文档转储（非运行时命名空间）,,
Q-CodeBuddyFuncsRawvoid SetPressureStyle( uint ),QUERY,CodeBuddyFuncsRaw,void SetPressureStyle( uint ),,Dot (Global),Both,moduleObjects,dot,CodeBuddyFuncsRaw.void SetPressureStyle( uint ),,CF,否,,,文档转储命名空间：运行时不存在该全局,CF,否,,,文档转储命名空间：运行时不存在该全局,,双端未见,文档转储（非运行时命名空间）,,
Q-CodeBuddyFuncsRawvoid SetVoid2( int ),QUERY,CodeBuddyFuncsRaw,void SetVoid2( int ),,Dot (Global),Both,moduleObjects,dot,CodeBuddyFuncsRaw.void SetVoid2( int ),,CF,否,,,文档转储命名空间：运行时不存在该全局,CF,否,,,文档转储命名空间：运行时不存在该全局,,双端未见,文档转储（非运行时命名空间）,,
Q-CodeBuddyFuncsRawCFunction: RegisterCallback,QUERY,CodeBuddyFuncsRaw,CFunction: RegisterCallback,,Dot (Global),Both,moduleObjects,dot,CodeBuddyFuncsRaw.CFunction: RegisterCallback,,CF,否,,,文档转储命名空间：运行时不存在该全局,CF,否,,,文档转储命名空间：运行时不存在该全局,,双端未见,文档转储（非运行时命名空间）,,
Q-CodeBuddyFuncsRawvoid StopSnapBack( void ),QUERY,CodeBuddyFuncsRaw,void StopSnapBack( void ),,Dot (Global),Both,moduleObjects,dot,CodeBuddyFuncsRaw.void StopSnapBack( void ),,CF,否,,,文档转储命名空间：运行时不存在该全局,CF,否,,,文档转储命名空间：运行时不存在该全局,,双端未见,文档转储（非运行时命名空间）,,
Q-CodeBuddyFuncsRawvoid SetHide( bool ),QUERY,CodeBuddyFuncsRaw,void SetHide( bool ),,Dot (Global),Both,moduleObjects,dot,CodeBuddyFuncsRaw.void SetHide( bool ),,CF,否,,,文档转储命名空间：运行时不存在该全局,CF,否,,,文档转储命名空间：运行时不存在该全局,,双端未见,文档转储（非运行时命名空间）,,
Q-CodeBuddyFuncsRawint GetNumChildren( void ) const,QUERY,CodeBuddyFuncsRaw,int GetNumChildren( void ) const,,Dot (Global),Both,moduleObjects,dot,CodeBuddyFuncsRaw.int GetNumChildren( void ) const,,CF,否,,,文档转储命名空间：运行时不存在该全局,CF,否,,,文档转储命名空间：运行时不存在该全局,,双端未见,文档转储（非运行时命名空间）,,
Q-CodeBuddyFuncsRawfloat GetOffsetX( void ) const,QUERY,CodeBuddyFuncsRaw,float GetOffsetX( void ) const,,Dot (Global),Both,moduleObjects,dot,CodeBuddyFuncsRaw.float GetOffsetX( void ) const,,CF,否,,,文档转储命名空间：运行时不存在该全局,CF,否,,,文档转储命名空间：运行时不存在该全局,,双端未见,文档转储（非运行时命名空间）,,
"Q-CodeBuddyFuncsRawvoid SetMaskOffsetVal( float, float )",QUERY,CodeBuddyFuncsRaw,"void SetMaskOffsetVal( float, float )",,Dot (Global),Both,moduleObjects,dot,"CodeBuddyFuncsRaw.void SetMaskOffsetVal( float, float )",,CF,否,,,文档转储命名空间：运行时不存在该全局,CF,否,,,文档转储命名空间：运行时不存在该全局,,双端未见,文档转储（非运行时命名空间）,,
Q-CodeBuddyFuncsRawUnknown_Type GetType( void ) const,QUERY,CodeBuddyFuncsRaw,Unknown_Type GetType( void ) const,,Dot (Global),Both,moduleObjects,dot,CodeBuddyFuncsRaw.Unknown_Type GetType( void ) const,,CF,否,,,文档转储命名空间：运行时不存在该全局,CF,否,,,文档转储命名空间：运行时不存在该全局,,双端未见,文档转储（非运行时命名空间）,,
Q-CodeBuddyFuncsRawvoid SetReduceWidth( float ),QUERY,CodeBuddyFuncsRaw,void SetReduceWidth( float ),,Dot (Global),Both,moduleObjects,dot,CodeBuddyFuncsRaw.void SetReduceWidth( float ),,CF,否,,,文档转储命名空间：运行时不存在该全局,CF,否,,,文档转储命名空间：运行时不存在该全局,,双端未见,文档转储（非运行时命名空间）,,
Q-CodeBuddyFuncsRawbool IsHotLoad( void ) const,QUERY,CodeBuddyFuncsRaw,bool IsHotLoad( void ) const,,Dot (Global),Both,moduleObjects,dot,CodeBuddyFuncsRaw.bool IsHotLoad( void ) const,,CF,否,,,文档转储命名空间：运行时不存在该全局,CF,否,,,文档转储命名空间：运行时不存在该全局,,双端未见,文档转储（非运行时命名空间）,,
"Q-CodeBuddyFuncsRawvoid SetOffsetVal( float, float )",QUERY,CodeBuddyFuncsRaw,"void SetOffsetVal( float, float )",,Dot (Global),Both,moduleObjects,dot,"CodeBuddyFuncsRaw.void SetOffsetVal( float, float )",,CF,否,,,文档转储命名空间：运行时不存在该全局,CF,否,,,文档转储命名空间：运行时不存在该全局,,双端未见,文档转储（非运行时命名空间）,,
Q-CodeBuddyFuncsRawbool IsTrackingMiddleMouseButton( void ),QUERY,CodeBuddyFuncsRaw,bool IsTrackingMiddleMouseButton( void ),,Dot (Global),Both,moduleObjects,dot,CodeBuddyFuncsRaw.bool IsTrackingMiddleMouseButton( void ),,CF,否,,,文档转储命名空间：运行时不存在该全局,CF,否,,,文档转储命名空间：运行时不存在该全局,,双端未见,文档转储（非运行时命名空间）,,
Q-CodeBuddyFuncsRawbool HasTouchOver( void ),QUERY,CodeBuddyFuncsRaw,bool HasTouchOver( void ),,Dot (Global),Both,moduleObjects,dot,CodeBuddyFuncsRaw.bool HasTouchOver( void ),,CF,否,,,文档转储命名空间：运行时不存在该全局,CF,否,,,文档转储命名空间：运行时不存在该全局,,双端未见,文档转储（非运行时命名空间）,,
Q-CodeBuddyFuncsRawButtonControl* GetButton( void ),QUERY,CodeBuddyFuncsRaw,ButtonControl* GetButton( void ),,Dot (Global),Both,moduleObjects,dot,CodeBuddyFuncsRaw.ButtonControl* GetButton( void ),,ERR,否,,,文档转储命名空间：运行时不存在该全局,ERR,否,,,文档转储命名空间：运行时不存在该全局,,双端未见,文档转储（非运行时命名空间）,,
Q-CodeBuddyFuncsRawvoid RegisterCharCallback( function ),QUERY,CodeBuddyFuncsRaw,void RegisterCharCallback( function ),,Dot (Global),Both,moduleObjects,dot,CodeBuddyFuncsRaw.void RegisterCharCallback( function ),,CF,否,,,文档转储命名空间：运行时不存在该全局,CF,否,,,文档转储命名空间：运行时不存在该全局,,双端未见,文档转储（非运行时命名空间）,,
"Q-CodeBuddyFuncsRawvoid SetBorderStyle( uint, uint )",QUERY,CodeBuddyFuncsRaw,"void SetBorderStyle( uint, uint )",,Dot (Global),Both,moduleObjects,dot,"CodeBuddyFuncsRaw.void SetBorderStyle( uint, uint )",,CF,否,,,文档转储命名空间：运行时不存在该全局,CF,否,,,文档转储命名空间：运行时不存在该全局,,双端未见,文档转储（非运行时命名空间）,,
Q-CodeBuddyFuncsRawCFunction: SetVisState,QUERY,CodeBuddyFuncsRaw,CFunction: SetVisState,,Dot (Global),Both,moduleObjects,dot,CodeBuddyFuncsRaw.CFunction: SetVisState,,CF,否,,,文档转储命名空间：运行时不存在该全局,CF,否,,,文档转储命名空间：运行时不存在该全局,,双端未见,文档转储（非运行时命名空间）,,
Q-CodeBuddyFuncsRawCFunction: GetMouseOverWorld,QUERY,CodeBuddyFuncsRaw,CFunction: GetMouseOverWorld,,Dot (Global),Both,moduleObjects,dot,CodeBuddyFuncsRaw.CFunction: GetMouseOverWorld,,CF,否,,,文档转储命名空间：运行时不存在该全局,CF,否,,,文档转储命名空间：运行时不存在该全局,,双端未见,文档转储（非运行时命名空间）,,
Q-CodeBuddyFuncsRawvoid SetShowOnMouseOut( bool ),QUERY,CodeBuddyFuncsRaw,void SetShowOnMouseOut( bool ),,Dot (Global),Both,moduleObjects,dot,CodeBuddyFuncsRaw.void SetShowOnMouseOut( bool ),,CF,否,,,文档转储命名空间：运行时不存在该全局,CF,否,,,文档转储命名空间：运行时不存在该全局,,双端未见,文档转储（非运行时命名空间）,,
Q-CodeBuddyFuncsRawconst char* GetButtonIconText( void ),QUERY,CodeBuddyFuncsRaw,const char* GetButtonIconText( void ),,Dot (Global),Both,moduleObjects,dot,CodeBuddyFuncsRaw.const char* GetButtonIconText( void ),,CF,否,,,文档转储命名空间：运行时不存在该全局,CF,否,,,文档转储命名空间：运行时不存在该全局,,双端未见,文档转储（非运行时命名空间）,,
Q-CodeBuddyFuncsRawvoid SetEnableSpaceReplacement( bool ),QUERY,CodeBuddyFuncsRaw,void SetEnableSpaceReplacement( bool ),,Dot (Global),Both,moduleObjects,dot,CodeBuddyFuncsRaw.void SetEnableSpaceReplacement( bool ),,CF,否,,,文档转储命名空间：运行时不存在该全局,CF,否,,,文档转储命名空间：运行时不存在该全局,,双端未见,文档转储（非运行时命名空间）,,
Q-CodeBuddyFuncsRawvoid SetScrollValue( float ),QUERY,CodeBuddyFuncsRaw,void SetScrollValue( float ),,Dot (Global),Both,moduleObjects,dot,CodeBuddyFuncsRaw.void SetScrollValue( float ),,CF,否,,,文档转储命名空间：运行时不存在该全局,CF,否,,,文档转储命名空间：运行时不存在该全局,,双端未见,文档转储（非运行时命名空间）,,
"Q-CodeBuddyFuncsRawvoid SetTextureOffsetVal( float, float )",QUERY,CodeBuddyFuncsRaw,"void SetTextureOffsetVal( float, float )",,Dot (Global),Both,moduleObjects,dot,"CodeBuddyFuncsRaw.void SetTextureOffsetVal( float, float )",,CF,否,,,文档转储命名空间：运行时不存在该全局,CF,否,,,文档转储命名空间：运行时不存在该全局,,双端未见,文档转储（非运行时命名空间）,,
Q-CodeBuddyFuncsRawfloat GetToolTipDelay( void ),QUERY,CodeBuddyFuncsRaw,float GetToolTipDelay( void ),,Dot (Global),Both,moduleObjects,dot,CodeBuddyFuncsRaw.float GetToolTipDelay( void ),,CF,否,,,文档转储命名空间：运行时不存在该全局,CF,否,,,文档转储命名空间：运行时不存在该全局,,双端未见,文档转储（非运行时命名空间）,,
Q-CodeBuddyFuncsRawint GetNormalDeltaY( void ) const,QUERY,CodeBuddyFuncsRaw,int GetNormalDeltaY( void ) const,,Dot (Global),Both,moduleObjects,dot,CodeBuddyFuncsRaw.int GetNormalDeltaY( void ) const,,CF,否,,,文档转储命名空间：运行时不存在该全局,CF,否,,,文档转储命名空间：运行时不存在该全局,,双端未见,文档转储（非运行时命名空间）,,
Q-CodeBuddyFuncsRawvoid RegisterCallback( function ),QUERY,CodeBuddyFuncsRaw,void RegisterCallback( function ),,Dot (Global),Both,moduleObjects,dot,CodeBuddyFuncsRaw.void RegisterCallback( function ),,CF,否,,,文档转储命名空间：运行时不存在该全局,CF,否,,,文档转储命名空间：运行时不存在该全局,,双端未见,文档转储（非运行时命名空间）,,
Q-CodeBuddyFuncsRawGridControl* GetGrid( void ),QUERY,CodeBuddyFuncsRaw,GridControl* GetGrid( void ),,Dot (Global),Both,moduleObjects,dot,CodeBuddyFuncsRaw.GridControl* GetGrid( void ),,ERR,否,,,文档转储命名空间：运行时不存在该全局,ERR,否,,,文档转储命名空间：运行时不存在该全局,,双端未见,文档转储（非运行时命名空间）,,
Q-CodeBuddyFuncsRawvoid ClearMouseOverCallback( void ),QUERY,CodeBuddyFuncsRaw,void ClearMouseOverCallback( void ),,Dot (Global),Both,moduleObjects,dot,CodeBuddyFuncsRaw.void ClearMouseOverCallback( void ),,CF,否,,,文档转储命名空间：运行时不存在该全局,CF,否,,,文档转储命名空间：运行时不存在该全局,,双端未见,文档转储（非运行时命名空间）,,
Q-CodeBuddyFuncsRawint GetMouseDX( void ) const,QUERY,CodeBuddyFuncsRaw,int GetMouseDX( void ) const,,Dot (Global),Both,moduleObjects,dot,CodeBuddyFuncsRaw.int GetMouseDX( void ) const,,CF,否,,,文档转储命名空间：运行时不存在该全局,CF,否,,,文档转储命名空间：运行时不存在该全局,,双端未见,文档转储（非运行时命名空间）,,
Q-CodeBuddyFuncsRawvoid ShowYNumbers( bool ),QUERY,CodeBuddyFuncsRaw,void ShowYNumbers( bool ),,Dot (Global),Both,moduleObjects,dot,CodeBuddyFuncsRaw.void ShowYNumbers( bool ),,CF,否,,,文档转储命名空间：运行时不存在该全局,CF,否,,,文档转储命名空间：运行时不存在该全局,,双端未见,文档转储（非运行时命名空间）,,
Q-CodeBuddyFuncsRawCFunction: GetScreenOffset,QUERY,CodeBuddyFuncsRaw,CFunction: GetScreenOffset,,Dot (Global),Both,moduleObjects,dot,CodeBuddyFuncsRaw.CFunction: GetScreenOffset,,CF,否,,,文档转储命名空间：运行时不存在该全局,CF,否,,,文档转储命名空间：运行时不存在该全局,,双端未见,文档转储（非运行时命名空间）,,
Q-CodeBuddyFuncsRawCFunction: HighlightHexes,QUERY,CodeBuddyFuncsRaw,CFunction: HighlightHexes,,Dot (Global),Both,moduleObjects,dot,CodeBuddyFuncsRaw.CFunction: HighlightHexes,,CF,否,,,文档转储命名空间：运行时不存在该全局,CF,否,,,文档转储命名空间：运行时不存在该全局,,双端未见,文档转储（非运行时命名空间）,,
Q-CodeBuddyFuncsRawvoid ClearCallback( uint ),QUERY,CodeBuddyFuncsRaw,void ClearCallback( uint ),,Dot (Global),Both,moduleObjects,dot,CodeBuddyFuncsRaw.void ClearCallback( uint ),,CF,否,,,文档转储命名空间：运行时不存在该全局,CF,否,,,文档转储命名空间：运行时不存在该全局,,双端未见,文档转储（非运行时命名空间）,,
Q-CodeBuddyFuncsRawvoid SetToolTipCallback( function ),QUERY,CodeBuddyFuncsRaw,void SetToolTipCallback( function ),,Dot (Global),Both,moduleObjects,dot,CodeBuddyFuncsRaw.void SetToolTipCallback( function ),,CF,否,,,文档转储命名空间：运行时不存在该全局,CF,否,,,文档转储命名空间：运行时不存在该全局,,双端未见,文档转储（非运行时命名空间）,,
Q-CodeBuddyFuncsRawvoid StrategicView_SetReferenceMapAlpha( float ),QUERY,CodeBuddyFuncsRaw,void StrategicView_SetReferenceMapAlpha( float ),,Dot (Global),Both,moduleObjects,dot,CodeBuddyFuncsRaw.void StrategicView_SetReferenceMapAlpha( float ),,CF,否,,,文档转储命名空间：运行时不存在该全局,CF,否,,,文档转储命名空间：运行时不存在该全局,,双端未见,文档转储（非运行时命名空间）,,
Q-CodeBuddyFuncsRawvoid SetButtonIconText( const char* ),QUERY,CodeBuddyFuncsRaw,void SetButtonIconText( const char* ),,Dot (Global),Both,moduleObjects,dot,CodeBuddyFuncsRaw.void SetButtonIconText( const char* ),,CF,否,,,文档转储命名空间：运行时不存在该全局,CF,否,,,文档转储命名空间：运行时不存在该全局,,双端未见,文档转储（非运行时命名空间）,,
Q-CodeBuddyFuncsRawCFunction: SetAxisColor,QUERY,CodeBuddyFuncsRaw,CFunction: SetAxisColor,,Dot (Global),Both,moduleObjects,dot,CodeBuddyFuncsRaw.CFunction: SetAxisColor,,CF,否,,,文档转储命名空间：运行时不存在该全局,CF,否,,,文档转储命名空间：运行时不存在该全局,,双端未见,文档转储（非运行时命名空间）,,
Q-CodeBuddyFuncsRawvoid PauseAllEffects( void ),QUERY,CodeBuddyFuncsRaw,void PauseAllEffects( void ),,Dot (Global),Both,moduleObjects,dot,CodeBuddyFuncsRaw.void PauseAllEffects( void ),,CF,否,,,文档转储命名空间：运行时不存在该全局,CF,否,,,文档转储命名空间：运行时不存在该全局,,双端未见,文档转储（非运行时命名空间）,,
Q-CodeBuddyFuncsRawvoid RegisterWhenShown( function ),QUERY,CodeBuddyFuncsRaw,void RegisterWhenShown( function ),,Dot (Global),Both,moduleObjects,dot,CodeBuddyFuncsRaw.void RegisterWhenShown( function ),,CF,否,,,文档转储命名空间：运行时不存在该全局,CF,否,,,文档转储命名空间：运行时不存在该全局,,双端未见,文档转储（非运行时命名空间）,,
"Q-CodeBuddyFuncsRawvoid SetDomain( float, float )",QUERY,CodeBuddyFuncsRaw,"void SetDomain( float, float )",,Dot (Global),Both,moduleObjects,dot,"CodeBuddyFuncsRaw.void SetDomain( float, float )",,CF,否,,,文档转储命名空间：运行时不存在该全局,CF,否,,,文档转储命名空间：运行时不存在该全局,,双端未见,文档转储（非运行时命名空间）,,
Q-CodeBuddyFuncsRawCFunction: CreateTextArc,QUERY,CodeBuddyFuncsRaw,CFunction: CreateTextArc,,Dot (Global),Both,moduleObjects,dot,CodeBuddyFuncsRaw.CFunction: CreateTextArc,,CF,否,,,文档转储命名空间：运行时不存在该全局,CF,否,,,文档转储命名空间：运行时不存在该全局,,双端未见,文档转储（非运行时命名空间）,,
Q-CodeBuddyFuncsRawCFunction: ReprocessAnchoring,QUERY,CodeBuddyFuncsRaw,CFunction: ReprocessAnchoring,,Dot (Global),Both,moduleObjects,dot,CodeBuddyFuncsRaw.CFunction: ReprocessAnchoring,,CF,否,,,文档转储命名空间：运行时不存在该全局,CF,否,,,文档转储命名空间：运行时不存在该全局,,双端未见,文档转储（非运行时命名空间）,,
Q-CodeBuddyFuncsRawvoid ReleaseChild( ControlBase* ),QUERY,CodeBuddyFuncsRaw,void ReleaseChild( ControlBase* ),,Dot (Global),Both,moduleObjects,dot,CodeBuddyFuncsRaw.void ReleaseChild( ControlBase* ),,CF,否,,,文档转储命名空间：运行时不存在该全局,CF,否,,,文档转储命名空间：运行时不存在该全局,,双端未见,文档转储（非运行时命名空间）,,
Q-CodeBuddyFuncsRawfloat GetStickY( void ) const,QUERY,CodeBuddyFuncsRaw,float GetStickY( void ) const,,Dot (Global),Both,moduleObjects,dot,CodeBuddyFuncsRaw.float GetStickY( void ) const,,CF,否,,,文档转储命名空间：运行时不存在该全局,CF,否,,,文档转储命名空间：运行时不存在该全局,,双端未见,文档转储（非运行时命名空间）,,
Q-CodeBuddyFuncsRawvoid RequestReloadUI( void ),QUERY,CodeBuddyFuncsRaw,void RequestReloadUI( void ),,Dot (Global),Both,moduleObjects,dot,CodeBuddyFuncsRaw.void RequestReloadUI( void ),,CF,否,,,文档转储命名空间：运行时不存在该全局,CF,否,,,文档转储命名空间：运行时不存在该全局,,双端未见,文档转储（非运行时命名空间）,,
Q-CodeBuddyFuncsRawvoid SetEndPauseTime( float ),QUERY,CodeBuddyFuncsRaw,void SetEndPauseTime( float ),,Dot (Global),Both,moduleObjects,dot,CodeBuddyFuncsRaw.void SetEndPauseTime( float ),,CF,否,,,文档转储命名空间：运行时不存在该全局,CF,否,,,文档转储命名空间：运行时不存在该全局,,双端未见,文档转储（非运行时命名空间）,,
"Q-CodeBuddyFuncsRawvoid SetEntrySelected( table, bool, bool )",QUERY,CodeBuddyFuncsRaw,"void SetEntrySelected( table, bool, bool )",,Dot (Global),Both,moduleObjects,dot,"CodeBuddyFuncsRaw.void SetEntrySelected( table, bool, bool )",,CF,否,,,文档转储命名空间：运行时不存在该全局,CF,否,,,文档转储命名空间：运行时不存在该全局,,双端未见,文档转储（非运行时命名空间）,,
Q-CodeBuddyFuncsRawfloat GetRatio( void ),QUERY,CodeBuddyFuncsRaw,float GetRatio( void ),,Dot (Global),Both,moduleObjects,dot,CodeBuddyFuncsRaw.float GetRatio( void ),,CF,否,,,文档转储命名空间：运行时不存在该全局,CF,否,,,文档转储命名空间：运行时不存在该全局,,双端未见,文档转储（非运行时命名空间）,,
Q-CodeBuddyFuncsRawvoid SetFontFamily( const char* ),QUERY,CodeBuddyFuncsRaw,void SetFontFamily( const char* ),,Dot (Global),Both,moduleObjects,dot,CodeBuddyFuncsRaw.void SetFontFamily( const char* ),,CF,否,,,文档转储命名空间：运行时不存在该全局,CF,否,,,文档转储命名空间：运行时不存在该全局,,双端未见,文档转储（非运行时命名空间）,,
Q-CodeBuddyFuncsRawvoid ClearRefreshHandler( void ),QUERY,CodeBuddyFuncsRaw,void ClearRefreshHandler( void ),,Dot (Global),Both,moduleObjects,dot,CodeBuddyFuncsRaw.void ClearRefreshHandler( void ),,CF,否,,,文档转储命名空间：运行时不存在该全局,CF,否,,,文档转储命名空间：运行时不存在该全局,,双端未见,文档转储（非运行时命名空间）,,
Q-CodeBuddyFuncsRawbool IsInAnyGesture( void ) const,QUERY,CodeBuddyFuncsRaw,bool IsInAnyGesture( void ) const,,Dot (Global),Both,moduleObjects,dot,CodeBuddyFuncsRaw.bool IsInAnyGesture( void ) const,,CF,否,,,文档转储命名空间：运行时不存在该全局,CF,否,,,文档转储命名空间：运行时不存在该全局,,双端未见,文档转储（非运行时命名空间）,,
Q-CodeBuddyFuncsRawvoid Play( void ),QUERY,CodeBuddyFuncsRaw,void Play( void ),,Dot (Global),Both,moduleObjects,dot,CodeBuddyFuncsRaw.void Play( void ),,CF,否,,,文档转储命名空间：运行时不存在该全局,CF,否,,,文档转储命名空间：运行时不存在该全局,,双端未见,文档转储（非运行时命名空间）,,
Q-CodeBuddyFuncsRawCFunction: GetTouchPointMaxDeltaFromStart,QUERY,CodeBuddyFuncsRaw,CFunction: GetTouchPointMaxDeltaFromStart,,Dot (Global),Both,moduleObjects,dot,CodeBuddyFuncsRaw.CFunction: GetTouchPointMaxDeltaFromStart,,CF,否,,,文档转储命名空间：运行时不存在该全局,CF,否,,,文档转储命名空间：运行时不存在该全局,,双端未见,文档转储（非运行时命名空间）,,
Q-CodeBuddyFuncsRawfloat GetProgress( void ),QUERY,CodeBuddyFuncsRaw,float GetProgress( void ),,Dot (Global),Both,moduleObjects,dot,CodeBuddyFuncsRaw.float GetProgress( void ),,CF,否,,,文档转储命名空间：运行时不存在该全局,CF,否,,,文档转储命名空间：运行时不存在该全局,,双端未见,文档转储（非运行时命名空间）,,
Q-CodeBuddyFuncsRawCFunction: SetCheckColor,QUERY,CodeBuddyFuncsRaw,CFunction: SetCheckColor,,Dot (Global),Both,moduleObjects,dot,CodeBuddyFuncsRaw.CFunction: SetCheckColor,,CF,否,,,文档转储命名空间：运行时不存在该全局,CF,否,,,文档转储命名空间：运行时不存在该全局,,双端未见,文档转储（非运行时命名空间）,,
Q-CodeBuddyFuncsRawbool GetConsumeMouseOver( void ) const,QUERY,CodeBuddyFuncsRaw,bool GetConsumeMouseOver( void ) const,,Dot (Global),Both,moduleObjects,dot,CodeBuddyFuncsRaw.bool GetConsumeMouseOver( void ) const,,CF,否,,,文档转储命名空间：运行时不存在该全局,CF,否,,,文档转储命名空间：运行时不存在该全局,,双端未见,文档转储（非运行时命名空间）,,
Q-CodeBuddyFuncsRawvoid HideAll( void ),QUERY,CodeBuddyFuncsRaw,void HideAll( void ),,Dot (Global),Both,moduleObjects,dot,CodeBuddyFuncsRaw.void HideAll( void ),,CF,否,,,文档转储命名空间：运行时不存在该全局,CF,否,,,文档转储命名空间：运行时不存在该全局,,双端未见,文档转储（非运行时命名空间）,,
Q-CodeBuddyFuncsRawvoid ClearEndCallback( void ),QUERY,CodeBuddyFuncsRaw,void ClearEndCallback( void ),,Dot (Global),Both,moduleObjects,dot,CodeBuddyFuncsRaw.void ClearEndCallback( void ),,CF,否,,,文档转储命名空间：运行时不存在该全局,CF,否,,,文档转储命名空间：运行时不存在该全局,,双端未见,文档转储（非运行时命名空间）,,
Q-CodeBuddyFuncsRawvoid SetFollow( bool ),QUERY,CodeBuddyFuncsRaw,void SetFollow( bool ),,Dot (Global),Both,moduleObjects,dot,CodeBuddyFuncsRaw.void SetFollow( bool ),,CF,否,,,文档转储命名空间：运行时不存在该全局,CF,否,,,文档转储命名空间：运行时不存在该全局,,双端未见,文档转储（非运行时命名空间）,,
Q-CodeBuddyFuncsRawbool IsControlDown( void ) const,QUERY,CodeBuddyFuncsRaw,bool IsControlDown( void ) const,,Dot (Global),Both,moduleObjects,dot,CodeBuddyFuncsRaw.bool IsControlDown( void ) const,,CF,否,,,文档转储命名空间：运行时不存在该全局,CF,否,,,文档转储命名空间：运行时不存在该全局,,双端未见,文档转储（非运行时命名空间）,,
Q-CodeBuddyFuncsRawbool IsModal( ControlBase* ),QUERY,CodeBuddyFuncsRaw,bool IsModal( ControlBase* ),,Dot (Global),Both,moduleObjects,dot,CodeBuddyFuncsRaw.bool IsModal( ControlBase* ),,CF,否,,,文档转储命名空间：运行时不存在该全局,CF,否,,,文档转储命名空间：运行时不存在该全局,,双端未见,文档转储（非运行时命名空间）,,
Q-CodeBuddyFuncsRawvoid ClearUpdate( void ),QUERY,CodeBuddyFuncsRaw,void ClearUpdate( void ),,Dot (Global),Both,moduleObjects,dot,CodeBuddyFuncsRaw.void ClearUpdate( void ),,CF,否,,,文档转储命名空间：运行时不存在该全局,CF,否,,,文档转储命名空间：运行时不存在该全局,,双端未见,文档转储（非运行时命名空间）,,
Q-CodeBuddyFuncsRawCFunction: SetIcon,QUERY,CodeBuddyFuncsRaw,CFunction: SetIcon,,Dot (Global),Both,moduleObjects,dot,CodeBuddyFuncsRaw.CFunction: SetIcon,,CF,否,,,文档转储命名空间：运行时不存在该全局,CF,否,,,文档转储命名空间：运行时不存在该全局,,双端未见,文档转储（非运行时命名空间）,,
Q-CodeBuddyFuncsRawvoid TakeFocus( void ),QUERY,CodeBuddyFuncsRaw,void TakeFocus( void ),,Dot (Global),Both,moduleObjects,dot,CodeBuddyFuncsRaw.void TakeFocus( void ),,CF,否,,,文档转储命名空间：运行时不存在该全局,CF,否,,,文档转储命名空间：运行时不存在该全局,,双端未见,文档转储（非运行时命名空间）,,
Q-CodeBuddyFuncsRawint GetTouchID( void ) const,QUERY,CodeBuddyFuncsRaw,int GetTouchID( void ) const,,Dot (Global),Both,moduleObjects,dot,CodeBuddyFuncsRaw.int GetTouchID( void ) const,,CF,否,,,文档转储命名空间：运行时不存在该全局,CF,否,,,文档转储命名空间：运行时不存在该全局,,双端未见,文档转储（非运行时命名空间）,,
"Q-CodeBuddyFuncsRawvoid SetCheckTextureSizeVal( float, float )",QUERY,CodeBuddyFuncsRaw,"void SetCheckTextureSizeVal( float, float )",,Dot (Global),Both,moduleObjects,dot,"CodeBuddyFuncsRaw.void SetCheckTextureSizeVal( float, float )",,CF,否,,,文档转储命名空间：运行时不存在该全局,CF,否,,,文档转储命名空间：运行时不存在该全局,,双端未见,文档转储（非运行时命名空间）,,
Q-CodeBuddyFuncsRawCFunction: GetBestOverlappingControl,QUERY,CodeBuddyFuncsRaw,CFunction: GetBestOverlappingControl,,Dot (Global),Both,moduleObjects,dot,CodeBuddyFuncsRaw.CFunction: GetBestOverlappingControl,,CF,否,,,文档转储命名空间：运行时不存在该全局,CF,否,,,文档转储命名空间：运行时不存在该全局,,双端未见,文档转储（非运行时命名空间）,,
Q-CodeBuddyFuncsRawvoid SetOffsetX( float ),QUERY,CodeBuddyFuncsRaw,void SetOffsetX( float ),,Dot (Global),Both,moduleObjects,dot,CodeBuddyFuncsRaw.void SetOffsetX( float ),,CF,否,,,文档转储命名空间：运行时不存在该全局,CF,否,,,文档转储命名空间：运行时不存在该全局,,双端未见,文档转储（非运行时命名空间）,,
Q-CodeBuddyFuncsRawvoid SetVisible( bool ),QUERY,CodeBuddyFuncsRaw,void SetVisible( bool ),,Dot (Global),Both,moduleObjects,dot,CodeBuddyFuncsRaw.void SetVisible( bool ),,CF,否,,,文档转储命名空间：运行时不存在该全局,CF,否,,,文档转储命名空间：运行时不存在该全局,,双端未见,文档转储（非运行时命名空间）,,
Q-CodeBuddyFuncsRawvoid SetChannelOff( uint ),QUERY,CodeBuddyFuncsRaw,void SetChannelOff( uint ),,Dot (Global),Both,moduleObjects,dot,CodeBuddyFuncsRaw.void SetChannelOff( uint ),,CF,否,,,文档转储命名空间：运行时不存在该全局,CF,否,,,文档转储命名空间：运行时不存在该全局,,双端未见,文档转储（非运行时命名空间）,,
Q-CodeBuddyFuncsRawconst char* GetSelectedTabID( void ) const,QUERY,CodeBuddyFuncsRaw,const char* GetSelectedTabID( void ) const,,Dot (Global),Both,moduleObjects,dot,CodeBuddyFuncsRaw.const char* GetSelectedTabID( void ) const,,CF,否,,,文档转储命名空间：运行时不存在该全局,CF,否,,,文档转储命名空间：运行时不存在该全局,,双端未见,文档转储（非运行时命名空间）,,
Q-CodeBuddyFuncsRawCFunction: SetColorByName,QUERY,CodeBuddyFuncsRaw,CFunction: SetColorByName,,Dot (Global),Both,moduleObjects,dot,CodeBuddyFuncsRaw.CFunction: SetColorByName,,CF,否,,,文档转储命名空间：运行时不存在该全局,CF,否,,,文档转储命名空间：运行时不存在该全局,,双端未见,文档转储（非运行时命名空间）,,
Q-CodeBuddyFuncsRawCFunction: DoAutoSize,QUERY,CodeBuddyFuncsRaw,CFunction: DoAutoSize,,Dot (Global),Both,moduleObjects,dot,CodeBuddyFuncsRaw.CFunction: DoAutoSize,,CF,否,,,文档转储命名空间：运行时不存在该全局,CF,否,,,文档转储命名空间：运行时不存在该全局,,双端未见,文档转储（非运行时命名空间）,,
Q-CodeBuddyFuncsRawCFunction: CreateDataSet,QUERY,CodeBuddyFuncsRaw,CFunction: CreateDataSet,,Dot (Global),Both,moduleObjects,dot,CodeBuddyFuncsRaw.CFunction: CreateDataSet,,CF,否,,,文档转储命名空间：运行时不存在该全局,CF,否,,,文档转储命名空间：运行时不存在该全局,,双端未见,文档转储（非运行时命名空间）,,
Q-CodeBuddyFuncsRawCFunction: DeleteDataSet,QUERY,CodeBuddyFuncsRaw,CFunction: DeleteDataSet,,Dot (Global),Both,moduleObjects,dot,CodeBuddyFuncsRaw.CFunction: DeleteDataSet,,CF,否,,,文档转储命名空间：运行时不存在该全局,CF,否,,,文档转储命名空间：运行时不存在该全局,,双端未见,文档转储（非运行时命名空间）,,
Q-CodeBuddyFuncsRawuint GetMaxCharacters( void ) const,QUERY,CodeBuddyFuncsRaw,uint GetMaxCharacters( void ) const,,Dot (Global),Both,moduleObjects,dot,CodeBuddyFuncsRaw.uint GetMaxCharacters( void ) const,,CF,否,,,文档转储命名空间：运行时不存在该全局,CF,否,,,文档转储命名空间：运行时不存在该全局,,双端未见,文档转储（非运行时命名空间）,,
Q-CodeBuddyFuncsRawCFunction: GetControlUnderMouse,QUERY,CodeBuddyFuncsRaw,CFunction: GetControlUnderMouse,,Dot (Global),Both,moduleObjects,dot,CodeBuddyFuncsRaw.CFunction: GetControlUnderMouse,,CF,否,,,文档转储命名空间：运行时不存在该全局,CF,否,,,文档转储命名空间：运行时不存在该全局,,双端未见,文档转储（非运行时命名空间）,,
Q-CodeBuddyFuncsRawCFunction: AddVertex,QUERY,CodeBuddyFuncsRaw,CFunction: AddVertex,,Dot (Global),Both,moduleObjects,dot,CodeBuddyFuncsRaw.CFunction: AddVertex,,CF,否,,,文档转储命名空间：运行时不存在该全局,CF,否,,,文档转储命名空间：运行时不存在该全局,,双端未见,文档转储（非运行时命名空间）,,
Q-CodeBuddyFuncsRawCFunction: SetBGColor,QUERY,CodeBuddyFuncsRaw,CFunction: SetBGColor,,Dot (Global),Both,moduleObjects,dot,CodeBuddyFuncsRaw.CFunction: SetBGColor,,CF,否,,,文档转储命名空间：运行时不存在该全局,CF,否,,,文档转储命名空间：运行时不存在该全局,,双端未见,文档转储（非运行时命名空间）,,
Q-CodeBuddyFuncsRawUnknown_Type GetStep( void ),QUERY,CodeBuddyFuncsRaw,Unknown_Type GetStep( void ),,Dot (Global),Both,moduleObjects,dot,CodeBuddyFuncsRaw.Unknown_Type GetStep( void ),,CF,否,,,文档转储命名空间：运行时不存在该全局,CF,否,,,文档转储命名空间：运行时不存在该全局,,双端未见,文档转储（非运行时命名空间）,,
"Q-CodeBuddyFuncsRawvoid SetWorldStartVal( float, float, float )",QUERY,CodeBuddyFuncsRaw,"void SetWorldStartVal( float, float, float )",,Dot (Global),Both,moduleObjects,dot,"CodeBuddyFuncsRaw.void SetWorldStartVal( float, float, float )",,CF,否,,,文档转储命名空间：运行时不存在该全局,CF,否,,,文档转储命名空间：运行时不存在该全局,,双端未见,文档转储（非运行时命名空间）,,
Q-CodeBuddyFuncsRawvoid ClearContextParameters( void ),QUERY,CodeBuddyFuncsRaw,void ClearContextParameters( void ),,Dot (Global),Both,moduleObjects,dot,CodeBuddyFuncsRaw.void ClearContextParameters( void ),,CF,否,,,文档转储命名空间：运行时不存在该全局,CF,否,,,文档转储命名空间：运行时不存在该全局,,双端未见,文档转储（非运行时命名空间）,,
"Q-CodeBuddyFuncsRawvoid SetEntries( table, uint )",QUERY,CodeBuddyFuncsRaw,"void SetEntries( table, uint )",,Dot (Global),Both,moduleObjects,dot,"CodeBuddyFuncsRaw.void SetEntries( table, uint )",,CF,否,,,文档转储命名空间：运行时不存在该全局,CF,否,,,文档转储命名空间：运行时不存在该全局,,双端未见,文档转储（非运行时命名空间）,,
Q-CodeBuddyFuncsRawCFunction: ClearPlotChannel,QUERY,CodeBuddyFuncsRaw,CFunction: ClearPlotChannel,,Dot (Global),Both,moduleObjects,dot,CodeBuddyFuncsRaw.CFunction: ClearPlotChannel,,CF,否,,,文档转储命名空间：运行时不存在该全局,CF,否,,,文档转储命名空间：运行时不存在该全局,,双端未见,文档转储（非运行时命名空间）,,
"Q-CodeBuddyFuncsRawvoid SetWorldPositionOffsetVal( float, float, float )",QUERY,CodeBuddyFuncsRaw,"void SetWorldPositionOffsetVal( float, float, float )",,Dot (Global),Both,moduleObjects,dot,"CodeBuddyFuncsRaw.void SetWorldPositionOffsetVal( float, float, float )",,CF,否,,,文档转储命名空间：运行时不存在该全局,CF,否,,,文档转储命名空间：运行时不存在该全局,,双端未见,文档转储（非运行时命名空间）,,
Q-CodeBuddyFuncsRawCFunction: SetTexture,QUERY,CodeBuddyFuncsRaw,CFunction: SetTexture,,Dot (Global),Both,moduleObjects,dot,CodeBuddyFuncsRaw.CFunction: SetTexture,,CF,否,,,文档转储命名空间：运行时不存在该全局,CF,否,,,文档转储命名空间：运行时不存在该全局,,双端未见,文档转储（非运行时命名空间）,,
Q-CodeBuddyFuncsRawCFunction: GetMousePos,QUERY,CodeBuddyFuncsRaw,CFunction: GetMousePos,,Dot (Global),Both,moduleObjects,dot,CodeBuddyFuncsRaw.CFunction: GetMousePos,,CF,否,,,文档转储命名空间：运行时不存在该全局,CF,否,,,文档转储命名空间：运行时不存在该全局,,双端未见,文档转储（非运行时命名空间）,,
Q-CodeBuddyFuncsRawCFunction: ClearHexes,QUERY,CodeBuddyFuncsRaw,CFunction: ClearHexes,,Dot (Global),Both,moduleObjects,dot,CodeBuddyFuncsRaw.CFunction: ClearHexes,,CF,否,,,文档转储命名空间：运行时不存在该全局,CF,否,,,文档转储命名空间：运行时不存在该全局,,双端未见,文档转储（非运行时命名空间）,,
Q-CodeBuddyFuncsRawCFunction: PushModal,QUERY,CodeBuddyFuncsRaw,CFunction: PushModal,,Dot (Global),Both,moduleObjects,dot,CodeBuddyFuncsRaw.CFunction: PushModal,,CF,否,,,文档转储命名空间：运行时不存在该全局,CF,否,,,文档转储命名空间：运行时不存在该全局,,双端未见,文档转储（非运行时命名空间）,,
"Q-CodeBuddyFuncsRawvoid RegisterCallback( uint, function )",QUERY,CodeBuddyFuncsRaw,"void RegisterCallback( uint, function )",,Dot (Global),Both,moduleObjects,dot,"CodeBuddyFuncsRaw.void RegisterCallback( uint, function )",,CF,否,,,文档转储命名空间：运行时不存在该全局,CF,否,,,文档转储命名空间：运行时不存在该全局,,双端未见,文档转储（非运行时命名空间）,,
Q-CodeBuddyFuncsRawvoid ClearAnimCallback( void ),QUERY,CodeBuddyFuncsRaw,void ClearAnimCallback( void ),,Dot (Global),Both,moduleObjects,dot,CodeBuddyFuncsRaw.void ClearAnimCallback( void ),,CF,否,,,文档转储命名空间：运行时不存在该全局,CF,否,,,文档转储命名空间：运行时不存在该全局,,双端未见,文档转储（非运行时命名空间）,,
Q-CodeBuddyFuncsRawvoid ClearPlotsByChannel( int ),QUERY,CodeBuddyFuncsRaw,void ClearPlotsByChannel( int ),,Dot (Global),Both,moduleObjects,dot,CodeBuddyFuncsRaw.void ClearPlotsByChannel( int ),,CF,否,,,文档转储命名空间：运行时不存在该全局,CF,否,,,文档转储命名空间：运行时不存在该全局,,双端未见,文档转储（非运行时命名空间）,,
Q-CodeBuddyFuncsRawvoid RegisterOpenToggleCallback( function ),QUERY,CodeBuddyFuncsRaw,void RegisterOpenToggleCallback( function ),,Dot (Global),Both,moduleObjects,dot,CodeBuddyFuncsRaw.void RegisterOpenToggleCallback( function ),,CF,否,,,文档转储命名空间：运行时不存在该全局,CF,否,,,文档转储命名空间：运行时不存在该全局,,双端未见,文档转储（非运行时命名空间）,,
Q-CodeBuddyFuncsRawvoid SetText( const char* ),QUERY,CodeBuddyFuncsRaw,void SetText( const char* ),,Dot (Global),Both,moduleObjects,dot,CodeBuddyFuncsRaw.void SetText( const char* ),,CF,否,,,文档转储命名空间：运行时不存在该全局,CF,否,,,文档转储命名空间：运行时不存在该全局,,双端未见,文档转储（非运行时命名空间）,,
Q-CodeBuddyFuncsRawbool IsPopupQueueDisabled( void ) const,QUERY,CodeBuddyFuncsRaw,bool IsPopupQueueDisabled( void ) const,,Dot (Global),Both,moduleObjects,dot,CodeBuddyFuncsRaw.bool IsPopupQueueDisabled( void ) const,,CF,否,,,文档转储命名空间：运行时不存在该全局,CF,否,,,文档转储命名空间：运行时不存在该全局,,双端未见,文档转储（非运行时命名空间）,,
"Q-CodeBuddyFuncsRawvoid EnableTooltipAtPos( bool, float, float )",QUERY,CodeBuddyFuncsRaw,"void EnableTooltipAtPos( bool, float, float )",,Dot (Global),Both,moduleObjects,dot,"CodeBuddyFuncsRaw.void EnableTooltipAtPos( bool, float, float )",,CF,否,,,文档转储命名空间：运行时不存在该全局,CF,否,,,文档转储命名空间：运行时不存在该全局,,双端未见,文档转储（非运行时命名空间）,,
Q-CodeBuddyFuncsRawvoid SetNumberInput( bool ),QUERY,CodeBuddyFuncsRaw,void SetNumberInput( bool ),,Dot (Global),Both,moduleObjects,dot,CodeBuddyFuncsRaw.void SetNumberInput( bool ),,CF,否,,,文档转储命名空间：运行时不存在该全局,CF,否,,,文档转储命名空间：运行时不存在该全局,,双端未见,文档转储（非运行时命名空间）,,
Q-CodeBuddyFuncsRawCFunction: TrySetIcon,QUERY,CodeBuddyFuncsRaw,CFunction: TrySetIcon,,Dot (Global),Both,moduleObjects,dot,CodeBuddyFuncsRaw.CFunction: TrySetIcon,,CF,否,,,文档转储命名空间：运行时不存在该全局,CF,否,,,文档转储命名空间：运行时不存在该全局,,双端未见,文档转储（非运行时命名空间）,,
Q-CodeBuddyFuncsRawCFunction: GetParentRelativeSizeVal,QUERY,CodeBuddyFuncsRaw,CFunction: GetParentRelativeSizeVal,,Dot (Global),Both,moduleObjects,dot,CodeBuddyFuncsRaw.CFunction: GetParentRelativeSizeVal,,CF,否,,,文档转储命名空间：运行时不存在该全局,CF,否,,,文档转储命名空间：运行时不存在该全局,,双端未见,文档转储（非运行时命名空间）,,
Q-CodeBuddyFuncsRawCFunction: SetMaskTexture,QUERY,CodeBuddyFuncsRaw,CFunction: SetMaskTexture,,Dot (Global),Both,moduleObjects,dot,CodeBuddyFuncsRaw.CFunction: SetMaskTexture,,CF,否,,,文档转储命名空间：运行时不存在该全局,CF,否,,,文档转储命名空间：运行时不存在该全局,,双端未见,文档转储（非运行时命名空间）,,
"Q-CodeBuddyFuncsRawvoid StartDrag( int, int )",QUERY,CodeBuddyFuncsRaw,"void StartDrag( int, int )",,Dot (Global),Both,moduleObjects,dot,"CodeBuddyFuncsRaw.void StartDrag( int, int )",,CF,否,,,文档转储命名空间：运行时不存在该全局,CF,否,,,文档转储命名空间：运行时不存在该全局,,双端未见,文档转储（非运行时命名空间）,,
Q-CodeBuddyFuncsRawvoid ShowXNumbers( bool ),QUERY,CodeBuddyFuncsRaw,void ShowXNumbers( bool ),,Dot (Global),Both,moduleObjects,dot,CodeBuddyFuncsRaw.void ShowXNumbers( bool ),,CF,否,,,文档转储命名空间：运行时不存在该全局,CF,否,,,文档转储命名空间：运行时不存在该全局,,双端未见,文档转储（非运行时命名空间）,,
Q-CodeBuddyFuncsRawvoid RegisterTextureChanged( function ),QUERY,CodeBuddyFuncsRaw,void RegisterTextureChanged( function ),,Dot (Global),Both,moduleObjects,dot,CodeBuddyFuncsRaw.void RegisterTextureChanged( function ),,CF,否,,,文档转储命名空间：运行时不存在该全局,CF,否,,,文档转储命名空间：运行时不存在该全局,,双端未见,文档转储（非运行时命名空间）,,
Q-CodeBuddyFuncsRawvoid ChangeParent( ControlBase* ),QUERY,CodeBuddyFuncsRaw,void ChangeParent( ControlBase* ),,Dot (Global),Both,moduleObjects,dot,CodeBuddyFuncsRaw.void ChangeParent( ControlBase* ),,CF,否,,,文档转储命名空间：运行时不存在该全局,CF,否,,,文档转储命名空间：运行时不存在该全局,,双端未见,文档转储（非运行时命名空间）,,
Q-CodeBuddyFuncsRawvoid ClearEntries( void ),QUERY,CodeBuddyFuncsRaw,void ClearEntries( void ),,Dot (Global),Both,moduleObjects,dot,CodeBuddyFuncsRaw.void ClearEntries( void ),,CF,否,,,文档转储命名空间：运行时不存在该全局,CF,否,,,文档转储命名空间：运行时不存在该全局,,双端未见,文档转储（非运行时命名空间）,,
Q-CodeBuddyFuncsRawCFunction: GetNormalizedMousePos,QUERY,CodeBuddyFuncsRaw,CFunction: GetNormalizedMousePos,,Dot (Global),Both,moduleObjects,dot,CodeBuddyFuncsRaw.CFunction: GetNormalizedMousePos,,CF,否,,,文档转储命名空间：运行时不存在该全局,CF,否,,,文档转储命名空间：运行时不存在该全局,,双端未见,文档转储（非运行时命名空间）,,
Q-CodeBuddyFuncsRawvoid BreakLine( void ),QUERY,CodeBuddyFuncsRaw,void BreakLine( void ),,Dot (Global),Both,moduleObjects,dot,CodeBuddyFuncsRaw.void BreakLine( void ),,CF,否,,,文档转储命名空间：运行时不存在该全局,CF,否,,,文档转储命名空间：运行时不存在该全局,,双端未见,文档转储（非运行时命名空间）,,
Q-CodeBuddyFuncsRawCFunction: CreateRegionText,QUERY,CodeBuddyFuncsRaw,CFunction: CreateRegionText,,Dot (Global),Both,moduleObjects,dot,CodeBuddyFuncsRaw.CFunction: CreateRegionText,,CF,否,,,文档转储命名空间：运行时不存在该全局,CF,否,,,文档转储命名空间：运行时不存在该全局,,双端未见,文档转储（非运行时命名空间）,,
"Q-CodeBuddyFuncsRawvoid AddChildAtIndex( ControlBase*, int )",QUERY,CodeBuddyFuncsRaw,"void AddChildAtIndex( ControlBase*, int )",,Dot (Global),Both,moduleObjects,dot,"CodeBuddyFuncsRaw.void AddChildAtIndex( ControlBase*, int )",,CF,否,,,文档转储命名空间：运行时不存在该全局,CF,否,,,文档转储命名空间：运行时不存在该全局,,双端未见,文档转储（非运行时命名空间）,,
Q-CodeBuddyFuncsRawvoid DestroyChild( ControlBase* ),QUERY,CodeBuddyFuncsRaw,void DestroyChild( ControlBase* ),,Dot (Global),Both,moduleObjects,dot,CodeBuddyFuncsRaw.void DestroyChild( ControlBase* ),,CF,否,,,文档转储命名空间：运行时不存在该全局,CF,否,,,文档转储命名空间：运行时不存在该全局,,双端未见,文档转储（非运行时命名空间）,,
Q-CodeBuddyFuncsRawCFunction: SendTooltipRefreshMessage,QUERY,CodeBuddyFuncsRaw,CFunction: SendTooltipRefreshMessage,,Dot (Global),Both,moduleObjects,dot,CodeBuddyFuncsRaw.CFunction: SendTooltipRefreshMessage,,CF,否,,,文档转储命名空间：运行时不存在该全局,CF,否,,,文档转储命名空间：运行时不存在该全局,,双端未见,文档转储（非运行时命名空间）,,
Q-CodeBuddyFuncsRawvoid SetAnchor( const char* ),QUERY,CodeBuddyFuncsRaw,void SetAnchor( const char* ),,Dot (Global),Both,moduleObjects,dot,CodeBuddyFuncsRaw.void SetAnchor( const char* ),,CF,否,,,文档转储命名空间：运行时不存在该全局,CF,否,,,文档转储命名空间：运行时不存在该全局,,双端未见,文档转储（非运行时命名空间）,,
Q-CodeBuddyFuncsRawbool IsExtendedFont( void ),QUERY,CodeBuddyFuncsRaw,bool IsExtendedFont( void ),,Dot (Global),Both,moduleObjects,dot,CodeBuddyFuncsRaw.bool IsExtendedFont( void ),,CF,否,,,文档转储命名空间：运行时不存在该全局,CF,否,,,文档转储命名空间：运行时不存在该全局,,双端未见,文档转储（非运行时命名空间）,,
Q-CodeBuddyFuncsRawvoid ReceiveCallbacksIfDisabled( bool ),QUERY,CodeBuddyFuncsRaw,void ReceiveCallbacksIfDisabled( bool ),,Dot (Global),Both,moduleObjects,dot,CodeBuddyFuncsRaw.void ReceiveCallbacksIfDisabled( bool ),,CF,否,,,文档转储命名空间：运行时不存在该全局,CF,否,,,文档转储命名空间：运行时不存在该全局,,双端未见,文档转储（非运行时命名空间）,,
Q-CodeBuddyFuncsRawint GetWheel( void ) const,QUERY,CodeBuddyFuncsRaw,int GetWheel( void ) const,,Dot (Global),Both,moduleObjects,dot,CodeBuddyFuncsRaw.int GetWheel( void ) const,,CF,否,,,文档转储命名空间：运行时不存在该全局,CF,否,,,文档转储命名空间：运行时不存在该全局,,双端未见,文档转储（非运行时命名空间）,,
Q-CodeBuddyFuncsRawvoid ClearMouseEnterCallback( void ),QUERY,CodeBuddyFuncsRaw,void ClearMouseEnterCallback( void ),,Dot (Global),Both,moduleObjects,dot,CodeBuddyFuncsRaw.void ClearMouseEnterCallback( void ),,CF,否,,,文档转储命名空间：运行时不存在该全局,CF,否,,,文档转储命名空间：运行时不存在该全局,,双端未见,文档转储（非运行时命名空间）,,
Q-CodeBuddyFuncsRawvoid RemoveControlToAlwaysReceiveInput( ControlBase* ),QUERY,CodeBuddyFuncsRaw,void RemoveControlToAlwaysReceiveInput( ControlBase* ),,Dot (Global),Both,moduleObjects,dot,CodeBuddyFuncsRaw.void RemoveControlToAlwaysReceiveInput( ControlBase* ),,CF,否,,,文档转储命名空间：运行时不存在该全局,CF,否,,,文档转储命名空间：运行时不存在该全局,,双端未见,文档转储（非运行时命名空间）,,
Q-CodeBuddyFuncsRawCFunction: GetLayout,QUERY,CodeBuddyFuncsRaw,CFunction: GetLayout,,Dot (Global),Both,moduleObjects,dot,CodeBuddyFuncsRaw.CFunction: GetLayout,,CF,否,,,文档转储命名空间：运行时不存在该全局,CF,否,,,文档转储命名空间：运行时不存在该全局,,双端未见,文档转储（非运行时命名空间）,,
Q-CodeBuddyFuncsRawvoid EnableTouchScrolling( void ),QUERY,CodeBuddyFuncsRaw,void EnableTouchScrolling( void ),,Dot (Global),Both,moduleObjects,dot,CodeBuddyFuncsRaw.void EnableTouchScrolling( void ),,CF,否,,,文档转储命名空间：运行时不存在该全局,CF,否,,,文档转储命名空间：运行时不存在该全局,,双端未见,文档转储（非运行时命名空间）,,
Q-CodeBuddyFuncsRawint GetRows( void ),QUERY,CodeBuddyFuncsRaw,int GetRows( void ),,Dot (Global),Both,moduleObjects,dot,CodeBuddyFuncsRaw.int GetRows( void ),,CF,否,,,文档转储命名空间：运行时不存在该全局,CF,否,,,文档转储命名空间：运行时不存在该全局,,双端未见,文档转储（非运行时命名空间）,,
Q-CodeBuddyFuncsRawvoid SetNumSteps( int ),QUERY,CodeBuddyFuncsRaw,void SetNumSteps( int ),,Dot (Global),Both,moduleObjects,dot,CodeBuddyFuncsRaw.void SetNumSteps( int ),,CF,否,,,文档转储命名空间：运行时不存在该全局,CF,否,,,文档转储命名空间：运行时不存在该全局,,双端未见,文档转储（非运行时命名空间）,,
Q-CodeBuddyFuncsRawvoid SetFocus( void ),QUERY,CodeBuddyFuncsRaw,void SetFocus( void ),,Dot (Global),Both,moduleObjects,dot,CodeBuddyFuncsRaw.void SetFocus( void ),,CF,否,,,文档转储命名空间：运行时不存在该全局,CF,否,,,文档转储命名空间：运行时不存在该全局,,双端未见,文档转储（非运行时命名空间）,,
Q-CodeBuddyFuncsRawvoid RegisterUpEndCallback( function ),QUERY,CodeBuddyFuncsRaw,void RegisterUpEndCallback( function ),,Dot (Global),Both,moduleObjects,dot,CodeBuddyFuncsRaw.void RegisterUpEndCallback( function ),,CF,否,,,文档转储命名空间：运行时不存在该全局,CF,否,,,文档转储命名空间：运行时不存在该全局,,双端未见,文档转储（非运行时命名空间）,,
Q-CodeBuddyFuncsRawvoid RegisterDownEndCallback( function ),QUERY,CodeBuddyFuncsRaw,void RegisterDownEndCallback( function ),,Dot (Global),Both,moduleObjects,dot,CodeBuddyFuncsRaw.void RegisterDownEndCallback( function ),,CF,否,,,文档转储命名空间：运行时不存在该全局,CF,否,,,文档转储命名空间：运行时不存在该全局,,双端未见,文档转储（非运行时命名空间）,,
Q-CodeBuddyFuncsRawCFunction: GetButton,QUERY,CodeBuddyFuncsRaw,CFunction: GetButton,,Dot (Global),Both,moduleObjects,dot,CodeBuddyFuncsRaw.CFunction: GetButton,,CF,否,,,文档转储命名空间：运行时不存在该全局,CF,否,,,文档转储命名空间：运行时不存在该全局,,双端未见,文档转储（非运行时命名空间）,,
Q-CodeBuddyFuncsRawbool IsTopOfPopupQueue( ContextBase* ),QUERY,CodeBuddyFuncsRaw,bool IsTopOfPopupQueue( ContextBase* ),,Dot (Global),Both,moduleObjects,dot,CodeBuddyFuncsRaw.bool IsTopOfPopupQueue( ContextBase* ),,CF,否,,,文档转储命名空间：运行时不存在该全局,CF,否,,,文档转储命名空间：运行时不存在该全局,,双端未见,文档转储（非运行时命名空间）,,
Q-CodeBuddyFuncsRawbool IsLButtonDown( void ) const,QUERY,CodeBuddyFuncsRaw,bool IsLButtonDown( void ) const,,Dot (Global),Both,moduleObjects,dot,CodeBuddyFuncsRaw.bool IsLButtonDown( void ) const,,CF,否,,,文档转储命名空间：运行时不存在该全局,CF,否,,,文档转储命名空间：运行时不存在该全局,,双端未见,文档转储（非运行时命名空间）,,
Q-CodeBuddyFuncsRawvoid SetAnimationSpeed( float ),QUERY,CodeBuddyFuncsRaw,void SetAnimationSpeed( float ),,Dot (Global),Both,moduleObjects,dot,CodeBuddyFuncsRaw.void SetAnimationSpeed( float ),,CF,否,,,文档转储命名空间：运行时不存在该全局,CF,否,,,文档转储命名空间：运行时不存在该全局,,双端未见,文档转储（非运行时命名空间）,,
Q-CodeBuddyFuncsRawvoid RegisterStartCallback( function ),QUERY,CodeBuddyFuncsRaw,void RegisterStartCallback( function ),,Dot (Global),Both,moduleObjects,dot,CodeBuddyFuncsRaw.void RegisterStartCallback( function ),,CF,否,,,文档转储命名空间：运行时不存在该全局,CF,否,,,文档转储命名空间：运行时不存在该全局,,双端未见,文档转储（非运行时命名空间）,,
Q-CodeBuddyFuncsRawvoid SetWrapWidth( int ),QUERY,CodeBuddyFuncsRaw,void SetWrapWidth( int ),,Dot (Global),Both,moduleObjects,dot,CodeBuddyFuncsRaw.void SetWrapWidth( int ),,CF,否,,,文档转储命名空间：运行时不存在该全局,CF,否,,,文档转储命名空间：运行时不存在该全局,,双端未见,文档转储（非运行时命名空间）,,
Q-CodeBuddyFuncsRawvoid SetZoomOffsetFar( FGXVector3 ),QUERY,CodeBuddyFuncsRaw,void SetZoomOffsetFar( FGXVector3 ),,Dot (Global),Both,moduleObjects,dot,CodeBuddyFuncsRaw.void SetZoomOffsetFar( FGXVector3 ),,CF,否,,,文档转储命名空间：运行时不存在该全局,CF,否,,,文档转储命名空间：运行时不存在该全局,,双端未见,文档转储（非运行时命名空间）,,
Q-CodeBuddyFuncsRawCFunction: CreateTextAlongSpline,QUERY,CodeBuddyFuncsRaw,CFunction: CreateTextAlongSpline,,Dot (Global),Both,moduleObjects,dot,CodeBuddyFuncsRaw.CFunction: CreateTextAlongSpline,,CF,否,,,文档转储命名空间：运行时不存在该全局,CF,否,,,文档转储命名空间：运行时不存在该全局,,双端未见,文档转储（非运行时命名空间）,,
Q-CodeBuddyFuncsRawCFunction: ReleaseTextureByName,QUERY,CodeBuddyFuncsRaw,CFunction: ReleaseTextureByName,,Dot (Global),Both,moduleObjects,dot,CodeBuddyFuncsRaw.CFunction: ReleaseTextureByName,,CF,否,,,文档转储命名空间：运行时不存在该全局,CF,否,,,文档转储命名空间：运行时不存在该全局,,双端未见,文档转储（非运行时命名空间）,,
Q-CodeBuddyFuncsRawbool IsPopupQueueEmpty( void ) const,QUERY,CodeBuddyFuncsRaw,bool IsPopupQueueEmpty( void ) const,,Dot (Global),Both,moduleObjects,dot,CodeBuddyFuncsRaw.bool IsPopupQueueEmpty( void ) const,,CF,否,,,文档转储命名空间：运行时不存在该全局,CF,否,,,文档转储命名空间：运行时不存在该全局,,双端未见,文档转储（非运行时命名空间）,,
Q-CodeBuddyFuncsRawvoid SetWorldPositionOffset( FGXVector3 ),QUERY,CodeBuddyFuncsRaw,void SetWorldPositionOffset( FGXVector3 ),,Dot (Global),Both,moduleObjects,dot,CodeBuddyFuncsRaw.void SetWorldPositionOffset( FGXVector3 ),,CF,否,,,文档转储命名空间：运行时不存在该全局,CF,否,,,文档转储命名空间：运行时不存在该全局,,双端未见,文档转储（非运行时命名空间）,,
Q-CodeBuddyFuncsRawvoid SetAppLostFocusHandler( function ),QUERY,CodeBuddyFuncsRaw,void SetAppLostFocusHandler( function ),,Dot (Global),Both,moduleObjects,dot,CodeBuddyFuncsRaw.void SetAppLostFocusHandler( function ),,CF,否,,,文档转储命名空间：运行时不存在该全局,CF,否,,,文档转储命名空间：运行时不存在该全局,,双端未见,文档转储（非运行时命名空间）,,
Q-CodeBuddyFuncsRawCFunction: ResetSelection,QUERY,CodeBuddyFuncsRaw,CFunction: ResetSelection,,Dot (Global),Both,moduleObjects,dot,CodeBuddyFuncsRaw.CFunction: ResetSelection,,CF,否,,,文档转储命名空间：运行时不存在该全局,CF,否,,,文档转储命名空间：运行时不存在该全局,,双端未见,文档转储（非运行时命名空间）,,
Q-CodeBuddyFuncsRawbool IsReversing( void ),QUERY,CodeBuddyFuncsRaw,bool IsReversing( void ),,Dot (Global),Both,moduleObjects,dot,CodeBuddyFuncsRaw.bool IsReversing( void ),,CF,否,,,文档转储命名空间：运行时不存在该全局,CF,否,,,文档转储命名空间：运行时不存在该全局,,双端未见,文档转储（非运行时命名空间）,,
Q-CodeBuddyFuncsRawCFunction: SetHighlightColor,QUERY,CodeBuddyFuncsRaw,CFunction: SetHighlightColor,,Dot (Global),Both,moduleObjects,dot,CodeBuddyFuncsRaw.CFunction: SetHighlightColor,,CF,否,,,文档转储命名空间：运行时不存在该全局,CF,否,,,文档转储命名空间：运行时不存在该全局,,双端未见,文档转储（非运行时命名空间）,,
Q-CodeBuddyFuncsRawint GetNormalY( void ) const,QUERY,CodeBuddyFuncsRaw,int GetNormalY( void ) const,,Dot (Global),Both,moduleObjects,dot,CodeBuddyFuncsRaw.int GetNormalY( void ) const,,CF,否,,,文档转储命名空间：运行时不存在该全局,CF,否,,,文档转储命名空间：运行时不存在该全局,,双端未见,文档转储（非运行时命名空间）,,
Q-CodeBuddyFuncsRawDragControl* GetControl( void ) const,QUERY,CodeBuddyFuncsRaw,DragControl* GetControl( void ) const,,Dot (Global),Both,moduleObjects,dot,CodeBuddyFuncsRaw.DragControl* GetControl( void ) const,,CF,否,,,文档转储命名空间：运行时不存在该全局,CF,否,,,文档转储命名空间：运行时不存在该全局,,双端未见,文档转储（非运行时命名空间）,,
Q-CodeBuddyFuncsRawvoid ClearStartCallback( void ),QUERY,CodeBuddyFuncsRaw,void ClearStartCallback( void ),,Dot (Global),Both,moduleObjects,dot,CodeBuddyFuncsRaw.void ClearStartCallback( void ),,CF,否,,,文档转储命名空间：运行时不存在该全局,CF,否,,,文档转储命名空间：运行时不存在该全局,,双端未见,文档转储（非运行时命名空间）,,
"Q-CodeBuddyFuncsRawvoid StopDrag( int, int )",QUERY,CodeBuddyFuncsRaw,"void StopDrag( int, int )",,Dot (Global),Both,moduleObjects,dot,"CodeBuddyFuncsRaw.void StopDrag( int, int )",,CF,否,,,文档转储命名空间：运行时不存在该全局,CF,否,,,文档转储命名空间：运行时不存在该全局,,双端未见,文档转储（非运行时命名空间）,,
Q-CodeBuddyFuncsRawvoid SetMaskSize( FGXVector2 ),QUERY,CodeBuddyFuncsRaw,void SetMaskSize( FGXVector2 ),,Dot (Global),Both,moduleObjects,dot,CodeBuddyFuncsRaw.void SetMaskSize( FGXVector2 ),,CF,否,,,文档转储命名空间：运行时不存在该全局,CF,否,,,文档转储命名空间：运行时不存在该全局,,双端未见,文档转储（非运行时命名空间）,,
Q-CodeBuddyFuncsRawvoid ShowDelayedPopups( void ),QUERY,CodeBuddyFuncsRaw,void ShowDelayedPopups( void ),,Dot (Global),Both,moduleObjects,dot,CodeBuddyFuncsRaw.void ShowDelayedPopups( void ),,CF,否,,,文档转储命名空间：运行时不存在该全局,CF,否,,,文档转储命名空间：运行时不存在该全局,,双端未见,文档转储（非运行时命名空间）,,
Q-CodeBuddyFuncsRawbool WasAnyGestureStarted( void ) const,QUERY,CodeBuddyFuncsRaw,bool WasAnyGestureStarted( void ) const,,Dot (Global),Both,moduleObjects,dot,CodeBuddyFuncsRaw.bool WasAnyGestureStarted( void ) const,,CF,否,,,文档转储命名空间：运行时不存在该全局,CF,否,,,文档转储命名空间：运行时不存在该全局,,双端未见,文档转储（非运行时命名空间）,,
Q-CodeBuddyFuncsRawbool HasMouseOver( void ) const,QUERY,CodeBuddyFuncsRaw,bool HasMouseOver( void ) const,,Dot (Global),Both,moduleObjects,dot,CodeBuddyFuncsRaw.bool HasMouseOver( void ) const,,CF,否,,,文档转储命名空间：运行时不存在该全局,CF,否,,,文档转储命名空间：运行时不存在该全局,,双端未见,文档转储（非运行时命名空间）,,
Q-CodeBuddyFuncsRawvoid SetDisabled( bool ),QUERY,CodeBuddyFuncsRaw,void SetDisabled( bool ),,Dot (Global),Both,moduleObjects,dot,CodeBuddyFuncsRaw.void SetDisabled( bool ),,CF,否,,,文档转储命名空间：运行时不存在该全局,CF,否,,,文档转储命名空间：运行时不存在该全局,,双端未见,文档转储（非运行时命名空间）,,
Q-CodeBuddyFuncsRawCFunction: GetScreenSizeVal,QUERY,CodeBuddyFuncsRaw,CFunction: GetScreenSizeVal,,Dot (Global),Both,moduleObjects,dot,CodeBuddyFuncsRaw.CFunction: GetScreenSizeVal,,CF,否,,,文档转储命名空间：运行时不存在该全局,CF,否,,,文档转储命名空间：运行时不存在该全局,,双端未见,文档转储（非运行时命名空间）,,
Q-CodeBuddyFuncsRawbool IsChecked( void ),QUERY,CodeBuddyFuncsRaw,bool IsChecked( void ),,Dot (Global),Both,moduleObjects,dot,CodeBuddyFuncsRaw.bool IsChecked( void ),,CF,否,,,文档转储命名空间：运行时不存在该全局,CF,否,,,文档转储命名空间：运行时不存在该全局,,双端未见,文档转储（非运行时命名空间）,,
Q-CodeBuddyFuncsRawint GetFontSize( void ) const,QUERY,CodeBuddyFuncsRaw,int GetFontSize( void ) const,,Dot (Global),Both,moduleObjects,dot,CodeBuddyFuncsRaw.int GetFontSize( void ) const,,CF,否,,,文档转储命名空间：运行时不存在该全局,CF,否,,,文档转储命名空间：运行时不存在该全局,,双端未见,文档转储（非运行时命名空间）,,
Q-CodeBuddyFuncsRawvoid FlipX( bool ),QUERY,CodeBuddyFuncsRaw,void FlipX( bool ),,Dot (Global),Both,moduleObjects,dot,CodeBuddyFuncsRaw.void FlipX( bool ),,CF,否,,,文档转储命名空间：运行时不存在该全局,CF,否,,,文档转储命名空间：运行时不存在该全局,,双端未见,文档转储（非运行时命名空间）,,
"Q-CodeBuddyFuncsRawvoid SetColorAsNorm( float, float, float, float )",QUERY,CodeBuddyFuncsRaw,"void SetColorAsNorm( float, float, float, float )",,Dot (Global),Both,moduleObjects,dot,"CodeBuddyFuncsRaw.void SetColorAsNorm( float, float, float, float )",,CF,否,,,文档转储命名空间：运行时不存在该全局,CF,否,,,文档转储命名空间：运行时不存在该全局,,双端未见,文档转储（非运行时命名空间）,,
Q-CodeBuddyFuncsRawvoid HideScrollBar( bool ),QUERY,CodeBuddyFuncsRaw,void HideScrollBar( bool ),,Dot (Global),Both,moduleObjects,dot,CodeBuddyFuncsRaw.void HideScrollBar( bool ),,CF,否,,,文档转储命名空间：运行时不存在该全局,CF,否,,,文档转储命名空间：运行时不存在该全局,,双端未见,文档转储（非运行时命名空间）,,
Q-CodeBuddyFuncsRawCFunction: GetBaseFileName,QUERY,CodeBuddyFuncsRaw,CFunction: GetBaseFileName,,Dot (Global),Both,moduleObjects,dot,CodeBuddyFuncsRaw.CFunction: GetBaseFileName,,CF,否,,,文档转储命名空间：运行时不存在该全局,CF,否,,,文档转储命名空间：运行时不存在该全局,,双端未见,文档转储（非运行时命名空间）,,
Q-CodeBuddyFuncsRawTextControl* GetTextControl( void ),QUERY,CodeBuddyFuncsRaw,TextControl* GetTextControl( void ),,Dot (Global),Both,moduleObjects,dot,CodeBuddyFuncsRaw.TextControl* GetTextControl( void ),,ERR,否,,,文档转储命名空间：运行时不存在该全局,ERR,否,,,文档转储命名空间：运行时不存在该全局,,双端未见,文档转储（非运行时命名空间）,,
Q-CodeBuddyFuncsRawfloat GetWidth( void ),QUERY,CodeBuddyFuncsRaw,float GetWidth( void ),,Dot (Global),Both,moduleObjects,dot,CodeBuddyFuncsRaw.float GetWidth( void ),,CF,否,,,文档转储命名空间：运行时不存在该全局,CF,否,,,文档转储命名空间：运行时不存在该全局,,双端未见,文档转储（非运行时命名空间）,,
Q-CodeBuddyFuncsRawuint GetTag( void ) const,QUERY,CodeBuddyFuncsRaw,uint GetTag( void ) const,,Dot (Global),Both,moduleObjects,dot,CodeBuddyFuncsRaw.uint GetTag( void ) const,,CF,否,,,文档转储命名空间：运行时不存在该全局,CF,否,,,文档转储命名空间：运行时不存在该全局,,双端未见,文档转储（非运行时命名空间）,,
Q-CodeBuddyFuncsRawvoid SetEndX( float ),QUERY,CodeBuddyFuncsRaw,void SetEndX( float ),,Dot (Global),Both,moduleObjects,dot,CodeBuddyFuncsRaw.void SetEndX( float ),,CF,否,,,文档转储命名空间：运行时不存在该全局,CF,否,,,文档转储命名空间：运行时不存在该全局,,双端未见,文档转储（非运行时命名空间）,,
Q-CodeBuddyFuncsRawconst char* GetText( void ),QUERY,CodeBuddyFuncsRaw,const char* GetText( void ),,Dot (Global),Both,moduleObjects,dot,CodeBuddyFuncsRaw.const char* GetText( void ),,CF,否,,,文档转储命名空间：运行时不存在该全局,CF,否,,,文档转储命名空间：运行时不存在该全局,,双端未见,文档转储（非运行时命名空间）,,
Q-CodeBuddyFuncsRawvoid ShowYAxis( bool ),QUERY,CodeBuddyFuncsRaw,void ShowYAxis( bool ),,Dot (Global),Both,moduleObjects,dot,CodeBuddyFuncsRaw.void ShowYAxis( bool ),,CF,否,,,文档转储命名空间：运行时不存在该全局,CF,否,,,文档转储命名空间：运行时不存在该全局,,双端未见,文档转储（非运行时命名空间）,,
Q-CodeBuddyFuncsRawbool IsVisible( void ) const,QUERY,CodeBuddyFuncsRaw,bool IsVisible( void ) const,,Dot (Global),Both,moduleObjects,dot,CodeBuddyFuncsRaw.bool IsVisible( void ) const,,CF,否,,,文档转储命名空间：运行时不存在该全局,CF,否,,,文档转储命名空间：运行时不存在该全局,,双端未见,文档转储（非运行时命名空间）,,
Q-CodeBuddyFuncsRawCFunction: GetType,QUERY,CodeBuddyFuncsRaw,CFunction: GetType,,Dot (Global),Both,moduleObjects,dot,CodeBuddyFuncsRaw.CFunction: GetType,,CF,否,,,文档转储命名空间：运行时不存在该全局,CF,否,,,文档转储命名空间：运行时不存在该全局,,双端未见,文档转储（非运行时命名空间）,,
Q-CodeBuddyFuncsRawCFunction: ClearCallback,QUERY,CodeBuddyFuncsRaw,CFunction: ClearCallback,,Dot (Global),Both,moduleObjects,dot,CodeBuddyFuncsRaw.CFunction: ClearCallback,,CF,否,,,文档转储命名空间：运行时不存在该全局,CF,否,,,文档转储命名空间：运行时不存在该全局,,双端未见,文档转储（非运行时命名空间）,,
Q-CodeBuddyFuncsRawtable GetIndexedEntry( uint ),QUERY,CodeBuddyFuncsRaw,table GetIndexedEntry( uint ),,Dot (Global),Both,moduleObjects,dot,CodeBuddyFuncsRaw.table GetIndexedEntry( uint ),,CF,否,,,文档转储命名空间：运行时不存在该全局,CF,否,,,文档转储命名空间：运行时不存在该全局,,双端未见,文档转储（非运行时命名空间）,,
"Q-CodeBuddyFuncsRawvoid SetUnCheckTextureOffsetVal( float, float )",QUERY,CodeBuddyFuncsRaw,"void SetUnCheckTextureOffsetVal( float, float )",,Dot (Global),Both,moduleObjects,dot,"CodeBuddyFuncsRaw.void SetUnCheckTextureOffsetVal( float, float )",,CF,否,,,文档转储命名空间：运行时不存在该全局,CF,否,,,文档转储命名空间：运行时不存在该全局,,双端未见,文档转储（非运行时命名空间）,,
Q-CodeBuddyFuncsRawvoid SetVisibleOnWorld( bool ),QUERY,CodeBuddyFuncsRaw,void SetVisibleOnWorld( bool ),,Dot (Global),Both,moduleObjects,dot,CodeBuddyFuncsRaw.void SetVisibleOnWorld( bool ),,CF,否,,,文档转储命名空间：运行时不存在该全局,CF,否,,,文档转储命名空间：运行时不存在该全局,,双端未见,文档转储（非运行时命名空间）,,
Q-CodeBuddyFuncsRawint GetTouchPointIDByIndex( uint ) const,QUERY,CodeBuddyFuncsRaw,int GetTouchPointIDByIndex( uint ) const,,Dot (Global),Both,moduleObjects,dot,CodeBuddyFuncsRaw.int GetTouchPointIDByIndex( uint ) const,,CF,否,,,文档转储命名空间：运行时不存在该全局,CF,否,,,文档转储命名空间：运行时不存在该全局,,双端未见,文档转储（非运行时命名空间）,,
Q-CodeBuddyFuncsRawvoid SetParentRelativeSize( FGXVector2 ),QUERY,CodeBuddyFuncsRaw,void SetParentRelativeSize( FGXVector2 ),,Dot (Global),Both,moduleObjects,dot,CodeBuddyFuncsRaw.void SetParentRelativeSize( FGXVector2 ),,CF,否,,,文档转储命名空间：运行时不存在该全局,CF,否,,,文档转储命名空间：运行时不存在该全局,,双端未见,文档转储（非运行时命名空间）,,
"Q-CodeBuddyFuncsRawvoid ShowControlsByID( const char*, bool )",QUERY,CodeBuddyFuncsRaw,"void ShowControlsByID( const char*, bool )",,Dot (Global),Both,moduleObjects,dot,"CodeBuddyFuncsRaw.void ShowControlsByID( const char*, bool )",,CF,否,,,文档转储命名空间：运行时不存在该全局,CF,否,,,文档转储命名空间：运行时不存在该全局,,双端未见,文档转储（非运行时命名空间）,,
A-CodeBuddyFuncsRawvoid SetToBeginning( void ),ACTION,CodeBuddyFuncsRaw,void SetToBeginning( void ),,Dot (Global),Both,moduleObjects,dot,CodeBuddyFuncsRaw.void SetToBeginning( void ),,CF,否,,,文档转储命名空间：运行时不存在该全局,CF,否,,,文档转储命名空间：运行时不存在该全局,,双端未见,文档转储（非运行时命名空间）,,
Q-CodeBuddyFuncsRawbool IsAnyButtonDown( void ) const,QUERY,CodeBuddyFuncsRaw,bool IsAnyButtonDown( void ) const,,Dot (Global),Both,moduleObjects,dot,CodeBuddyFuncsRaw.bool IsAnyButtonDown( void ) const,,CF,否,,,文档转储命名空间：运行时不存在该全局,CF,否,,,文档转储命名空间：运行时不存在该全局,,双端未见,文档转储（非运行时命名空间）,,
A-CodeBuddyFuncsRawvoid ShowYTicks( bool ),ACTION,CodeBuddyFuncsRaw,void ShowYTicks( bool ),,Dot (Global),Both,moduleObjects,dot,CodeBuddyFuncsRaw.void ShowYTicks( bool ),,CF,否,,,文档转储命名空间：运行时不存在该全局,CF,否,,,文档转储命名空间：运行时不存在该全局,,双端未见,文档转储（非运行时命名空间）,,
Q-CodeBuddyFuncsRawCFunction: IsInGesture,QUERY,CodeBuddyFuncsRaw,CFunction: IsInGesture,,Dot (Global),Both,moduleObjects,dot,CodeBuddyFuncsRaw.CFunction: IsInGesture,,CF,否,,,文档转储命名空间：运行时不存在该全局,CF,否,,,文档转储命名空间：运行时不存在该全局,,双端未见,文档转储（非运行时命名空间）,,
Q-CodeBuddyFuncsRawint GetDeltaY( void ) const,QUERY,CodeBuddyFuncsRaw,int GetDeltaY( void ) const,,Dot (Global),Both,moduleObjects,dot,CodeBuddyFuncsRaw.int GetDeltaY( void ) const,,CF,否,,,文档转储命名空间：运行时不存在该全局,CF,否,,,文档转储命名空间：运行时不存在该全局,,双端未见,文档转储（非运行时命名空间）,,
Q-CodeBuddyFuncsRawbool IsGamepadActive( void ) const,QUERY,CodeBuddyFuncsRaw,bool IsGamepadActive( void ) const,,Dot (Global),Both,moduleObjects,dot,CodeBuddyFuncsRaw.bool IsGamepadActive( void ) const,,CF,否,,,文档转储命名空间：运行时不存在该全局,CF,否,,,文档转储命名空间：运行时不存在该全局,,双端未见,文档转储（非运行时命名空间）,,
A-CodeBuddyFuncsRawvoid ClearPopupParameters( void ),ACTION,CodeBuddyFuncsRaw,void ClearPopupParameters( void ),,Dot (Global),Both,moduleObjects,dot,CodeBuddyFuncsRaw.void ClearPopupParameters( void ),,CF,否,,,文档转储命名空间：运行时不存在该全局,CF,否,,,文档转储命名空间：运行时不存在该全局,,双端未见,文档转储（非运行时命名空间）,,
A-CodeBuddyFuncsRawCFunction: SetCycleType,ACTION,CodeBuddyFuncsRaw,CFunction: SetCycleType,,Dot (Global),Both,moduleObjects,dot,CodeBuddyFuncsRaw.CFunction: SetCycleType,,CF,否,,,文档转储命名空间：运行时不存在该全局,CF,否,,,文档转储命名空间：运行时不存在该全局,,双端未见,文档转储（非运行时命名空间）,,
Q-CodeBuddyFuncsRawCFunction: GetFilePath,QUERY,CodeBuddyFuncsRaw,CFunction: GetFilePath,,Dot (Global),Both,moduleObjects,dot,CodeBuddyFuncsRaw.CFunction: GetFilePath,,CF,否,,,文档转储命名空间：运行时不存在该全局,CF,否,,,文档转储命名空间：运行时不存在该全局,,双端未见,文档转储（非运行时命名空间）,,
"A-CodeBuddyFuncsRawvoid SetPercents( float, float )",ACTION,CodeBuddyFuncsRaw,"void SetPercents( float, float )",,Dot (Global),Both,moduleObjects,dot,"CodeBuddyFuncsRaw.void SetPercents( float, float )",,CF,否,,,文档转储命名空间：运行时不存在该全局,CF,否,,,文档转储命名空间：运行时不存在该全局,,双端未见,文档转储（非运行时命名空间）,,
A-CodeBuddyFuncsRawvoid SetFrame( int ),ACTION,CodeBuddyFuncsRaw,void SetFrame( int ),,Dot (Global),Both,moduleObjects,dot,CodeBuddyFuncsRaw.void SetFrame( int ),,CF,否,,,文档转储命名空间：运行时不存在该全局,CF,否,,,文档转储命名空间：运行时不存在该全局,,双端未见,文档转储（非运行时命名空间）,,
Q-CodeBuddyFuncsRawbool IsActive( void ),QUERY,CodeBuddyFuncsRaw,bool IsActive( void ),,Dot (Global),Both,moduleObjects,dot,CodeBuddyFuncsRaw.bool IsActive( void ),,CF,否,,,文档转储命名空间：运行时不存在该全局,CF,否,,,文档转储命名空间：运行时不存在该全局,,双端未见,文档转储（非运行时命名空间）,,
A-CodeBuddyFuncsRawvoid SetCounterClockwise( bool ),ACTION,CodeBuddyFuncsRaw,void SetCounterClockwise( bool ),,Dot (Global),Both,moduleObjects,dot,CodeBuddyFuncsRaw.void SetCounterClockwise( bool ),,CF,否,,,文档转储命名空间：运行时不存在该全局,CF,否,,,文档转储命名空间：运行时不存在该全局,,双端未见,文档转储（非运行时命名空间）,,
A-CodeBuddyFuncsRawvoid SetGamepadToolTipOn( bool ),ACTION,CodeBuddyFuncsRaw,void SetGamepadToolTipOn( bool ),,Dot (Global),Both,moduleObjects,dot,CodeBuddyFuncsRaw.void SetGamepadToolTipOn( bool ),,CF,否,,,文档转储命名空间：运行时不存在该全局,CF,否,,,文档转储命名空间：运行时不存在该全局,,双端未见,文档转储（非运行时命名空间）,,
A-CodeBuddyFuncsRawvoid SetPopupChangeHandler( function ),ACTION,CodeBuddyFuncsRaw,void SetPopupChangeHandler( function ),,Dot (Global),Both,moduleObjects,dot,CodeBuddyFuncsRaw.void SetPopupChangeHandler( function ),,CF,否,,,文档转储命名空间：运行时不存在该全局,CF,否,,,文档转储命名空间：运行时不存在该全局,,双端未见,文档转储（非运行时命名空间）,,
Q-CodeBuddyFuncsRawvoid CalculateVisibilityBox( void ),QUERY,CodeBuddyFuncsRaw,void CalculateVisibilityBox( void ),,Dot (Global),Both,moduleObjects,dot,CodeBuddyFuncsRaw.void CalculateVisibilityBox( void ),,CF,否,,,文档转储命名空间：运行时不存在该全局,CF,否,,,文档转储命名空间：运行时不存在该全局,,双端未见,文档转储（非运行时命名空间）,,
