优先级,助手分层,是否需审核,桶,子类,API（助手显示名优先）,id,命名空间/类,方法,子方法,调用形态,文档availability(api.sqlite),助手availability,GP实测,UI实测,本次判定,运行时真名,运行时近似名,其它UI状态命中,助手标记未被官方lua使用,助手用法摘要,助手备注首条,助手人工验证,证据,建议动作
P1,L1 助手已收录,是,A availability 标错,GP 专属被标 Both,City:TypeName(),Q-CityTypeName,City,TypeName,,Dot (Global),Both,Both,string/是,ERR/否,文档偏宽：UI 未见,,,,是,未在 lua 文件中找到此函数的使用,查询 TypeName，返回 string,,UI=ERR　GP=string,availability 改为 GamePlay
P1,L1 助手已收录,是,A availability 标错,GP 专属被标 Both,GameSummary.AdjustDataSetValue(),Q-GameSummaryAdjustDataSetValue,GameSummary,AdjustDataSetValue,,Dot (Global),Both,Both,function/是,nil/否,文档偏宽：UI 未见,,,,是,未在 lua 文件中找到此函数的使用,查询 AdjustDataSetValue,,UI=nil　GP=function,availability 改为 GamePlay
P1,L1 助手已收录,是,A availability 标错,GP 专属被标 Both,GameSummary.CreateObject(),A-GameSummaryCreateObject,GameSummary,CreateObject,,Dot (Global),Both,Both,function/是,nil/否,文档偏宽：UI 未见,,,,是,未在 lua 文件中找到此函数的使用,创建Object,,UI=nil　GP=function,availability 改为 GamePlay
P1,L1 助手已收录,是,A availability 标错,GP 专属被标 Both,GameSummary.FindDataPoint(),Q-GameSummaryFindDataPoint,GameSummary,FindDataPoint,,Dot (Global),Both,Both,function/是,nil/否,文档偏宽：UI 未见,,,,是,未在 lua 文件中找到此函数的使用,查找DataPoint,,UI=nil　GP=function,availability 改为 GamePlay
P1,L1 助手已收录,是,A availability 标错,GP 专属被标 Both,GameSummary.FindDataSet(),Q-GameSummaryFindDataSet,GameSummary,FindDataSet,,Dot (Global),Both,Both,function/是,nil/否,文档偏宽：UI 未见,,,,是,未在 lua 文件中找到此函数的使用,查找DataSet,,UI=nil　GP=function,availability 改为 GamePlay
P1,L1 助手已收录,是,A availability 标错,GP 专属被标 Both,GameSummary.GetCityObject(),Q-GameSummaryGetCityObject,GameSummary,GetCityObject,,Dot (Global),Both,Both,function/是,nil/否,文档偏宽：UI 未见,,,,,,[作用] 获取城市在 GameSummary 系统中的摘要对象 ID,,UI=nil　GP=function,availability 改为 GamePlay
P1,L1 助手已收录,是,A availability 标错,GP 专属被标 Both,GameSummary.GetDataPoints(),Q-GameSummaryGetDataPoints,GameSummary,GetDataPoints,,Dot (Global),Both,Both,function/是,nil/否,文档偏宽：UI 未见,,,,是,未在 lua 文件中找到此函数的使用,获取DataPoints,,UI=nil　GP=function,availability 改为 GamePlay
P1,L1 助手已收录,是,A availability 标错,GP 专属被标 Both,GameSummary.GetDataSets(),Q-GameSummaryGetDataSets,GameSummary,GetDataSets,,Dot (Global),Both,Both,function/是,nil/否,文档偏宽：UI 未见,,,,是,未在 lua 文件中找到此函数的使用,获取DataSets,,UI=nil　GP=function,availability 改为 GamePlay
P1,L1 助手已收录,是,A availability 标错,GP 专属被标 Both,GameSummary.GetLastDataSetValue(),Q-GameSummaryGetLastDataSetValue,GameSummary,GetLastDataSetValue,,Dot (Global),Both,Both,function/是,nil/否,文档偏宽：UI 未见,,,,是,未在 lua 文件中找到此函数的使用,获取LastDataSetValue,,UI=nil　GP=function,availability 改为 GamePlay
P1,L1 助手已收录,是,A availability 标错,GP 专属被标 Both,GameSummary.GetObjects(),Q-GameSummaryGetObjects,GameSummary,GetObjects,,Dot (Global),Both,Both,function/是,nil/否,文档偏宽：UI 未见,,,,是,未在 lua 文件中找到此函数的使用,获取Objects,,UI=nil　GP=function,availability 改为 GamePlay
P1,L1 助手已收录,是,A availability 标错,GP 专属被标 Both,GameSummary.GetOrCreateDataPoint(),Q-GameSummaryGetOrCreateDataPoint,GameSummary,GetOrCreateDataPoint,,Dot (Global),Both,Both,function/是,nil/否,文档偏宽：UI 未见,,,,是,未在 lua 文件中找到此函数的使用,获取OrCreateDataPoint,,UI=nil　GP=function,availability 改为 GamePlay
P1,L1 助手已收录,是,A availability 标错,GP 专属被标 Both,GameSummary.GetOrCreateDataSet(),Q-GameSummaryGetOrCreateDataSet,GameSummary,GetOrCreateDataSet,,Dot (Global),Both,Both,function/是,nil/否,文档偏宽：UI 未见,,,,,,[作用] 创建或获取一个与特定游戏对象关联、按回合记录数据的统计数据集,,UI=nil　GP=function,availability 改为 GamePlay
P1,L1 助手已收录,是,A availability 标错,GP 专属被标 Both,GameSummary.GetPlayerObject(),Q-GameSummaryGetPlayerObject,GameSummary,GetPlayerObject,,Dot (Global),Both,Both,function/是,nil/否,文档偏宽：UI 未见,,,,是,未在 lua 文件中找到此函数的使用,获取PlayerObject,,UI=nil　GP=function,availability 改为 GamePlay
P1,L1 助手已收录,是,A availability 标错,GP 专属被标 Both,GameSummary.GetRulesetTypes(),Q-GameSummaryGetRulesetTypes,GameSummary,GetRulesetTypes,,Dot (Global),Both,Both,function/是,nil/否,文档偏宽：UI 未见,,,,是,未在 lua 文件中找到此函数的使用,获取RulesetTypes,,UI=nil　GP=function,availability 改为 GamePlay
P1,L1 助手已收录,是,A availability 标错,GP 专属被标 Both,GameSummary.LookupDataPoint(),Q-GameSummaryLookupDataPoint,GameSummary,LookupDataPoint,,Dot (Global),Both,Both,function/是,nil/否,文档偏宽：UI 未见,,,,是,未在 lua 文件中找到此函数的使用,查询 LookupDataPoint,,UI=nil　GP=function,availability 改为 GamePlay
P1,L1 助手已收录,是,A availability 标错,GP 专属被标 Both,GameSummary.LookupDataSet(),Q-GameSummaryLookupDataSet,GameSummary,LookupDataSet,,Dot (Global),Both,Both,function/是,nil/否,文档偏宽：UI 未见,,,,是,未在 lua 文件中找到此函数的使用,查询 LookupDataSet,,UI=nil　GP=function,availability 改为 GamePlay
P1,L1 助手已收录,是,A availability 标错,GP 专属被标 Both,GameSummary.SetDataPoint(),A-GameSummarySetDataPoint,GameSummary,SetDataPoint,,Dot (Global),Both,Both,function/是,nil/否,文档偏宽：UI 未见,,,,是,未在 lua 文件中找到此函数的使用,设置DataPoint,,UI=nil　GP=function,availability 改为 GamePlay
P1,L1 助手已收录,是,A availability 标错,GP 专属被标 Both,GameSummary.SetDataSetValue(),Q-GameSummarySetDataSetValue,GameSummary,SetDataSetValue,,Dot (Global),Both,Both,function/是,nil/否,文档偏宽：UI 未见,,,,,,[作用] 向指定数据集的指定回合写入一个数值,,UI=nil　GP=function,availability 改为 GamePlay
P1,L1 助手已收录,是,A availability 标错,GP 专属被标 Both,GameSummary.SetRulesetType(),A-GameSummarySetRulesetType,GameSummary,SetRulesetType,,Dot (Global),Both,Both,function/是,nil/否,文档偏宽：UI 未见,,,,是,未在 lua 文件中找到此函数的使用,设置RulesetType,,UI=nil　GP=function,availability 改为 GamePlay
P1,L1 助手已收录,是,A availability 标错,GP 专属被标 Both,GameSummary.UpdateDataPoint(),A-GameSummaryUpdateDataPoint,GameSummary,UpdateDataPoint,,Dot (Global),Both,Both,function/是,nil/否,文档偏宽：UI 未见,,,,是,未在 lua 文件中找到此函数的使用,执行 UpdateDataPoint,,UI=nil　GP=function,availability 改为 GamePlay
P1,L1 助手已收录,是,A availability 标错,GP 专属被标 Both,PlayerVisibility (Context),O-PlayerVisibility,PlayerVisibility,,,Colon (Instance),Both,Both,table/是,nil/否,文档偏宽：UI 未见,,,,,,PlayerVisibility 命名空间，包含 PlayerVisibility 相关的子函数,,UI=nil　GP=table,availability 改为 GamePlay
P1,L1 助手已收录,是,A availability 标错,GP 专属被标 Both,PlayerVisibility:GetState(),Q-PlayerVisibilityGetState,PlayerVisibility,GetState,,Colon (Instance),Both,Both,function/是,ERR/否,文档偏宽：UI 未见,,,,,,[作用] 查询指定单元格对当前玩家的可见状态,,UI=ERR　GP=function,availability 改为 GamePlay
P1,L1 助手已收录,是,A availability 标错,GP 专属被标 Both,PlayerVisibility:IsRevealed(),Q-PlayerVisibilityIsRevealed,PlayerVisibility,IsRevealed,,Colon (Instance),Both,Both,function/是,ERR/否,文档偏宽：UI 未见,,,,,,[作用] 检查指定单元格对当前玩家是否已揭示（已探索）,,UI=ERR　GP=function,availability 改为 GamePlay
P1,L1 助手已收录,是,A availability 标错,GP 专属被标 Both,PlayerVisibility:IsVisible(),Q-PlayerVisibilityIsVisible,PlayerVisibility,IsVisible,,Colon (Instance),Both,Both,function/是,ERR/否,文档偏宽：UI 未见,,,,,,[作用] 判断指定单元格是否在指定玩家的视野范围内,,UI=ERR　GP=function,availability 改为 GamePlay
P1,L1 助手已收录,是,A availability 标错,GP 专属被标 Both,RouteBuilder (Context),C-RouteBuilder,RouteBuilder,,,Dot (Global),Both,Both,table/是,nil/否,文档偏宽：UI 未见,,,,,,RouteBuilder 命名空间，包含 RouteBuilder 相关的子函数,,UI=nil　GP=table,availability 改为 GamePlay
P1,L1 助手已收录,是,A availability 标错,GP 专属被标 Both,RouteBuilder.CanHaveRoute(),A-RouteBuilderCanHaveRoute,RouteBuilder,CanHaveRoute,,Dot (Global),Both,Both,function/是,ERR/否,文档偏宽：UI 未见,,,,是,未在 lua 文件中找到此函数的使用,执行 CanHaveRoute,,UI=ERR　GP=function,availability 改为 GamePlay
P1,L1 助手已收录,是,A availability 标错,GP 专属被标 Both,RouteBuilder.SetRoutePillaged(),A-RouteBuilderSetRoutePillaged,RouteBuilder,SetRoutePillaged,,Dot (Global),Both,Both,function/是,ERR/否,文档偏宽：UI 未见,,,,,,设置道路的损毁状态,,UI=ERR　GP=function,availability 改为 GamePlay
P1,L1 助手已收录,是,A availability 标错,GP 专属被标 Both,RouteBuilder.SetRouteType(),A-RouteBuilderSetRouteType,RouteBuilder,SetRouteType,,Dot (Global),Both,Both,function/是,ERR/否,文档偏宽：UI 未见,,,,,,[作用] 在指定单元格上设置路线类型,,UI=ERR　GP=function,availability 改为 GamePlay
P1,L1 助手已收录,是,A availability 标错,UI 专属被标 Both（原生）,Calendar (Context),C-Calendar,Calendar,,,Dot (Global),Both,Both,nil/否,table/是,文档偏宽：GP 未见,,,,,,Calendar 命名空间，包含 Calendar 相关的子函数,,GP=nil（该上下文不存在此面）　UI=table,availability 改为 UI
P1,L1 助手已收录,是,A availability 标错,UI 专属被标 Both（原生）,Calendar.GetTurnMonthForGame(),Q-CalendarGetTurnMonthForGame,Calendar,GetTurnMonthForGame,,Dot (Global),Both,Both,ERR/否,function/是,文档偏宽：GP 未见,,,,是,未在 lua 文件中找到此函数的使用,获取TurnMonthForGame,,GP=ERR（该上下文不存在此面）　UI=function,availability 改为 UI
P1,L1 助手已收录,是,A availability 标错,UI 专属被标 Both（原生）,Calendar.GetTurnYearForGame(),Q-CalendarGetTurnYearForGame,Calendar,GetTurnYearForGame,,Dot (Global),Both,Both,ERR/否,function/是,文档偏宽：GP 未见,,,,是,未在 lua 文件中找到此函数的使用,获取TurnYearForGame,,GP=ERR（该上下文不存在此面）　UI=function,availability 改为 UI
P1,L1 助手已收录,是,A availability 标错,UI 专属被标 Both（原生）,Calendar.MakeDateStr(),Q-CalendarMakeDateStr,Calendar,MakeDateStr,,Dot (Global),Both,Both,ERR/否,function/是,文档偏宽：GP 未见,,,,,,[作用] 将回合数转换为可读的日期字符串，用于巨作创建日期等场景,,GP=ERR（该上下文不存在此面）　UI=function,availability 改为 UI
P1,L1 助手已收录,是,A availability 标错,UI 专属被标 Both（原生）,Calendar.MakeYearStr(),Q-CalendarMakeYearStr,Calendar,MakeYearStr,,Dot (Global),Both,Both,ERR/否,function/是,文档偏宽：GP 未见,,,,,,[作用] 将游戏回合数转换为可读的年份日期字符串,,GP=ERR（该上下文不存在此面）　UI=function,availability 改为 UI
P1,L1 助手已收录,是,A availability 标错,标 UI 但 GP 亦可调,Achievements (Context),C-Achievements,Achievements,,,Dot (Global),UI,UI,table/是,table/是,文档偏窄：GP 亦可见,,,,,,Achievements 命名空间，包含 Achievements 相关的子函数,,GP=table　UI=table,availability 放宽为 Both
P1,L1 助手已收录,是,A availability 标错,标 UI 但 GP 亦可调,Achievements.DeleteAchievementData(),A-AchievementsDeleteAchievementData,Achievements,DeleteAchievementData,,Dot (Global),UI,UI,function/是,function/是,文档偏窄：GP 亦可见,,,,是,未在 lua 文件中找到此函数的使用,执行 DeleteAchievementData,,GP=function　UI=function,availability 放宽为 Both
P1,L1 助手已收录,是,A availability 标错,标 UI 但 GP 亦可调,Achievements.GetAchievementData(),Q-AchievementsGetAchievementData,Achievements,GetAchievementData,,Dot (Global),UI,UI,function/是,function/是,文档偏窄：GP 亦可见,,,,是,未在 lua 文件中找到此函数的使用,获取AchievementData,,GP=function　UI=function,availability 放宽为 Both
P1,L1 助手已收录,是,A availability 标错,标 UI 但 GP 亦可调,Achievements.GetAchievementDescription(),Q-AchievementsGetAchievementDescription,Achievements,GetAchievementDescription,,Dot (Global),UI,UI,function/是,function/是,文档偏窄：GP 亦可见,,,,是,未在 lua 文件中找到此函数的使用,获取AchievementDescription,,GP=function　UI=function,availability 放宽为 Both
P1,L1 助手已收录,是,A availability 标错,标 UI 但 GP 亦可调,Achievements.GetAchievementDisplayName(),Q-AchievementsGetAchievementDisplayName,Achievements,GetAchievementDisplayName,,Dot (Global),UI,UI,function/是,function/是,文档偏窄：GP 亦可见,,,,是,未在 lua 文件中找到此函数的使用,获取AchievementDisplayName,,GP=function　UI=function,availability 放宽为 Both
P1,L1 助手已收录,是,A availability 标错,标 UI 但 GP 亦可调,Achievements.GetAchievementHash(),Q-AchievementsGetAchievementHash,Achievements,GetAchievementHash,,Dot (Global),UI,UI,function/是,function/是,文档偏窄：GP 亦可见,,,,是,未在 lua 文件中找到此函数的使用,获取AchievementHash,,GP=function　UI=function,availability 放宽为 Both
P1,L1 助手已收录,是,A availability 标错,标 UI 但 GP 亦可调,Achievements.GetAchievementName(),Q-AchievementsGetAchievementName,Achievements,GetAchievementName,,Dot (Global),UI,UI,function/是,function/是,文档偏窄：GP 亦可见,,,,是,未在 lua 文件中找到此函数的使用,获取AchievementName,,GP=function　UI=function,availability 放宽为 Both
P1,L1 助手已收录,是,A availability 标错,标 UI 但 GP 亦可调,Achievements.GetStat(),Q-AchievementsGetStat,Achievements,GetStat,,Dot (Global),UI,UI,function/是,function/是,文档偏窄：GP 亦可见,,,,是,未在 lua 文件中找到此函数的使用,获取Stat,,GP=function　UI=function,availability 放宽为 Both
P1,L1 助手已收录,是,A availability 标错,标 UI 但 GP 亦可调,Achievements.IsAchievementUnlocked(),Q-AchievementsIsAchievementUnlocked,Achievements,IsAchievementUnlocked,,Dot (Global),UI,UI,function/是,function/是,文档偏窄：GP 亦可见,,,,是,未在 lua 文件中找到此函数的使用,判断AchievementUnlocked，返回 boolean,,GP=function　UI=function,availability 放宽为 Both
P1,L1 助手已收录,是,A availability 标错,标 UI 但 GP 亦可调,GameSummary.CoalesceDataSet(),Q-GameSummaryCoalesceDataSet,GameSummary,CoalesceDataSet,,Dot (Global),UI,UI,function/是,function/是,文档偏窄：GP 亦可见,,,,,,[作用] 聚合指定数据集的回合数据，按玩家分组返回,,GP=function　UI=function,availability 放宽为 Both
P1,L1 助手已收录,是,A availability 标错,标 UI 但 GP 亦可调,GameSummary.GetDataSetCount(),Q-GameSummaryGetDataSetCount,GameSummary,GetDataSetCount,,Dot (Global),UI,UI,function/是,function/是,文档偏窄：GP 亦可见,,,,,,[作用] 获取游戏总结界面中可选数据集的个数，配合索引遍历所有数据集,,GP=function　UI=function,availability 放宽为 Both
P1,L1 助手已收录,是,A availability 标错,标 UI 但 GP 亦可调,GameSummary.GetDataSetDisplayDescription(),Q-GameSummaryGetDataSetDisplayDescription,GameSummary,GetDataSetDisplayDescription,,Dot (Global),UI,UI,function/是,function/是,文档偏窄：GP 亦可见,,,,是,未在 lua 文件中找到此函数的使用,获取DataSetDisplayDescription，返回 string,,GP=function　UI=function,availability 放宽为 Both
P1,L1 助手已收录,是,A availability 标错,标 UI 但 GP 亦可调,GameSummary.GetDataSetDisplayName(),Q-GameSummaryGetDataSetDisplayName,GameSummary,GetDataSetDisplayName,,Dot (Global),UI,UI,function/是,function/是,文档偏窄：GP 亦可见,,,,,,[作用] 获取指定索引数据集的显示名称（本地化键名）,,GP=function　UI=function,availability 放宽为 Both
P1,L1 助手已收录,是,A availability 标错,标 UI 但 GP 亦可调,GameSummary.GetDataSetName(),Q-GameSummaryGetDataSetName,GameSummary,GetDataSetName,,Dot (Global),UI,UI,function/是,function/是,文档偏窄：GP 亦可见,,,,,,[作用] 根据索引获取游戏总结图表数据集的名称,,GP=function　UI=function,availability 放宽为 Both
P1,L1 助手已收录,是,A availability 标错,标 UI 但 GP 亦可调,GameSummary.GetDataSetValue(),Q-GameSummaryGetDataSetValue,GameSummary,GetDataSetValue,,Dot (Global),UI,UI,function/是,function/是,文档偏窄：GP 亦可见,,,,是,未在 lua 文件中找到此函数的使用,获取DataSetValue,,GP=function　UI=function,availability 放宽为 Both
P1,L1 助手已收录,是,A availability 标错,标 UI 但 GP 亦可调,GameSummary.GetDataSetValues(),Q-GameSummaryGetDataSetValues,GameSummary,GetDataSetValues,,Dot (Global),UI,UI,function/是,function/是,文档偏窄：GP 亦可见,,,,是,未在 lua 文件中找到此函数的使用,获取DataSetValues,,GP=function　UI=function,availability 放宽为 Both
P1,L1 助手已收录,是,A availability 标错,标 UI 但 GP 亦可调,GameSummary.GetDataSetVisible(),Q-GameSummaryGetDataSetVisible,GameSummary,GetDataSetVisible,,Dot (Global),UI,UI,function/是,function/是,文档偏窄：GP 亦可见,,,,,,[作用] 判断指定索引的数据集当前是否可见,,GP=function　UI=function,availability 放宽为 Both
P1,L1 助手已收录,是,A availability 标错,标 UI 但 GP 亦可调,GameSummary.HasDataSetValues(),Q-GameSummaryHasDataSetValues,GameSummary,HasDataSetValues,,Dot (Global),UI,UI,function/是,function/是,文档偏窄：GP 亦可见,,,,,,[作用] 判断指定索引的数据集是否有实际数据值,,GP=function　UI=function,availability 放宽为 Both
P1,L1 助手已收录,是,A availability 标错,标 UI 但 GP 亦可调,PlayerVisibilityManager (Context),C-PlayerVisibilityManager,PlayerVisibilityManager,,,Dot (Global),UI,UI,table/是,table/是,文档偏窄：GP 亦可见,,,,,,PlayerVisibilityManager 命名空间，包含 PlayerVisibilityManager 相关的子函数,,GP=table　UI=table,availability 放宽为 Both
P1,L1 助手已收录,是,A availability 标错,标 UI 但 GP 亦可调,PlayerVisibilityManager.IsVisibleToNonOwner(),Q-PlayerVisibilityManagerIsVisibleToNonOwner,PlayerVisibilityManager,IsVisibleToNonOwner,,Dot (Global),UI,UI,function/是,function/是,文档偏窄：GP 亦可见,,,,是,未在 lua 文件中找到此函数的使用,判断VisibleToNonOwner，返回 boolean,,GP=function　UI=function,availability 放宽为 Both
P1,L1 助手已收录,是,B 文档名可修,三层压平：真名在元素对象上,Player:GetUnits():SetMilitaryFormation(),A-PlayerGetUnitsSetMilitaryFormation,Player,GetUnits,SetMilitaryFormation,Colon (Instance),Both,Both,nil/否,nil/否,文档偏宽：双端均未见,,,,,,[作用] 设置单位的军事编队类型（军团或军队）,,GP 侧 `Unit` 对象有 `SetMilitaryFormation`（经 Player:GetUnits() 的元素取得）,文档路径改为 Player:GetUnits():<元素>:SetMilitaryFormation()
P1,L1 助手已收录,是,B 文档名可修,挂错父级：名字在别的面存在,Map.GetImprovementBuilder():SetImprovementPillaged(),A-MapGetImprovementBuilderSetImprovementPillaged,Map,GetImprovementBuilder,SetImprovementPillaged,Dot (Global),Both,Both,ERR/否,ERR/否,文档偏宽：双端均未见,,,,,,[作用] 设置单元格上的改良设施损毁状态,,命中面 GP:ImprovementBuilder,核对文档层级后改路径
P1,L1 助手已收录,是,B 文档名可修,挂错父级：名字在别的面存在,TerrainBuilder.CanHaveResource(),Q-TerrainBuilderCanHaveResource,TerrainBuilder,CanHaveResource,,Dot (Global),GamePlay,GamePlay,nil/否,ERR/否,文档存疑：GP 未见,,,,是,AI 判断此根对象未使用此函数,"查询 CanHaveResource，参数：Plot, resourceIndex，返回 boolean",,命中面 GP:ResourceBuilder,核对文档层级后改路径
P1,L1 助手已收录,是,B 文档名可修,挂错父级：名字在别的面存在,TerrainBuilder.SetResourceType(),A-TerrainBuilderSetResourceType,TerrainBuilder,SetResourceType,,Dot (Global),GamePlay,GamePlay,nil/否,ERR/否,文档存疑：GP 未见,,,,,,[作用] 设置单元格上的资源类型和数量,,命中面 GP:ResourceBuilder,核对文档层级后改路径
P1,L1 助手已收录,是,B 文档名可修,挂错父级：真身是同名命名空间,Map.GetImprovementBuilder(),Q-MapGetImprovementBuilder,Map,GetImprovementBuilder,,Dot (Global),Both,Both,nil/否,nil/否,文档偏宽：双端均未见,,,,,,[作用] 获取地图的 ImprovementBuilder 对象，用于修改改良设施状态（如标记为掠夺）,,运行时存在命名空间 `ImprovementBuilder`（gp）,改为直接访问 `ImprovementBuilder.*`
P1,L1 助手已收录,是,B 文档名可修,近似名可对齐,Player:GetDiplomacy():GetAllianceLevelWithPlayer(),Q-PlayerGetDiplomacyGetAllianceLevelWithPlayer,Player,GetDiplomacy,GetAllianceLevelWithPlayer,Colon (Instance),Both,Both,nil/否,nil/否,文档偏宽：双端均未见,,GetAllianceLevel,,是,未在 lua 文件中找到此函数的使用,返回玩家的外交管理器，:IsAtWarWith() 可判断是否处于战争状态,,运行时近似名：GetAllianceLevel,确认是否改名/版本号差异
P1,L1 助手已收录,是,B 文档名可修,近似名可对齐,Player:SetScoringScenario(),A-PlayerSetScoringScenario,Player,SetScoringScenario,,Colon (Instance),Both,Both,nil/否,nil/否,文档偏宽：双端均未见,,SetScoringScenario1 SetScoringScenario2 SetScoringScenario3,,是,未在 lua 文件中找到此函数的使用,设置ScoringScenario,,运行时近似名：SetScoringScenario1、SetScoringScenario2、SetScoringScenario3,确认是否改名/版本号差异
P2,L1 助手已收录,是,C 运行时确无此名,文档偏宽：双端均未见,DealManager.ViewWorkingDeal(),A-DealManagerViewWorkingDeal,DealManager,ViewWorkingDeal,,Dot (Global),Both,Both,nil/否,nil/否,文档偏宽：双端均未见,,,,是,未在 lua 文件中找到此函数的使用,执行 ViewWorkingDeal,,GP=nil/否　UI=nil/否,裁决：删除条目 / 标注版本或 DLC 条件
P2,L1 助手已收录,是,C 运行时确无此名,文档偏宽：双端均未见,Game.ChangePlayerEraScore(),A-GameChangePlayerEraScore,Game,ChangePlayerEraScore,,Dot (Global),Both,Both,nil/否,nil/否,文档偏宽：双端均未见,,,,是,AI 判断此根对象未使用此函数,"修改PlayerEraScore，参数：playerID, amount",,GP=nil/否　UI=nil/否,裁决：删除条目 / 标注版本或 DLC 条件
P2,L1 助手已收录,是,C 运行时确无此名,文档偏宽：双端均未见,Map.GetWorldSize(),Q-MapGetWorldSize,Map,GetWorldSize,,Dot (Global),Both,Both,nil/否,nil/否,文档偏宽：双端均未见,,,,是,AI 判断此根对象未使用此函数,获取WorldSize,,GP=nil/否　UI=nil/否,裁决：删除条目 / 标注版本或 DLC 条件
P2,L1 助手已收录,是,C 运行时确无此名,文档偏宽：双端均未见,MapRoutes.GetIndexedPortal():GetEntrancePlotIndex(),Q-MapRoutesGetIndexedPortalGetEntrancePlotIndex,MapRoutes,GetIndexedPortal,GetEntrancePlotIndex,Dot (Global),Both,Both,ERR/否,ERR/否,文档偏宽：双端均未见,,,,是,未在 lua 文件中找到此函数的使用,获取IndexedPortal，返回 number,,GP=ERR/否　UI=ERR/否,裁决：删除条目 / 标注版本或 DLC 条件
P2,L1 助手已收录,是,C 运行时确无此名,文档偏宽：双端均未见,MapRoutes.GetIndexedPortal():GetExitCount(),Q-MapRoutesGetIndexedPortalGetExitCount,MapRoutes,GetIndexedPortal,GetExitCount,Dot (Global),Both,Both,ERR/否,ERR/否,文档偏宽：双端均未见,,,,是,未在 lua 文件中找到此函数的使用,获取IndexedPortal，返回 number,,GP=ERR/否　UI=ERR/否,裁决：删除条目 / 标注版本或 DLC 条件
P2,L1 助手已收录,是,C 运行时确无此名,文档偏宽：双端均未见,MapRoutes.GetIndexedPortal():GetExitPlotIndex(),Q-MapRoutesGetIndexedPortalGetExitPlotIndex,MapRoutes,GetIndexedPortal,GetExitPlotIndex,Dot (Global),Both,Both,ERR/否,ERR/否,文档偏宽：双端均未见,,,,是,未在 lua 文件中找到此函数的使用,获取IndexedPortal，返回 number,,GP=ERR/否　UI=ERR/否,裁决：删除条目 / 标注版本或 DLC 条件
P2,L1 助手已收录,是,C 运行时确无此名,文档偏宽：双端均未见,MapRoutes.GetIndexedPortal():HasEntranceAt(),Q-MapRoutesGetIndexedPortalHasEntranceAt,MapRoutes,GetIndexedPortal,HasEntranceAt,Dot (Global),Both,Both,ERR/否,ERR/否,文档偏宽：双端均未见,,,,是,未在 lua 文件中找到此函数的使用,获取IndexedPortal，返回 boolean,,GP=ERR/否　UI=ERR/否,裁决：删除条目 / 标注版本或 DLC 条件
P2,L1 助手已收录,是,C 运行时确无此名,文档偏宽：双端均未见,MapRoutes.GetIndexedPortal():HasExitAt(),Q-MapRoutesGetIndexedPortalHasExitAt,MapRoutes,GetIndexedPortal,HasExitAt,Dot (Global),Both,Both,ERR/否,ERR/否,文档偏宽：双端均未见,,,,是,未在 lua 文件中找到此函数的使用,获取IndexedPortal，返回 boolean,,GP=ERR/否　UI=ERR/否,裁决：删除条目 / 标注版本或 DLC 条件
P2,L1 助手已收录,是,C 运行时确无此名,文档偏宽：双端均未见,Modding.ActivateAllowedDLC(),A-ModdingActivateAllowedDLC,Modding,ActivateAllowedDLC,,Dot (Global),Both,Both,ERR/否,nil/否,文档偏宽：双端均未见,,,,,,[作用] 激活当前多人游戏允许的 DLC，同时会激活/停用相关的 Mods,,GP=ERR/否　UI=nil/否,裁决：删除条目 / 标注版本或 DLC 条件
P2,L1 助手已收录,是,C 运行时确无此名,文档偏宽：双端均未见,Modding.ActivateDLC(),A-ModdingActivateDLC,Modding,ActivateDLC,,Dot (Global),Both,Both,ERR/否,nil/否,文档偏宽：双端均未见,,,,,,[作用] 重置 DLC 激活状态，防止游戏设置从不同场景间传递,,GP=ERR/否　UI=nil/否,裁决：删除条目 / 标注版本或 DLC 条件
P2,L1 助手已收录,是,C 运行时确无此名,文档偏宽：双端均未见,Player:ChangeDiplomaticFavor(),A-PlayerChangeDiplomaticFavor,Player,ChangeDiplomaticFavor,,Colon (Instance),Both,Both,nil/否,nil/否,文档偏宽：双端均未见,,,,是,AI 判断此根对象未使用此函数,修改DiplomaticFavor,,GP=nil/否　UI=nil/否,裁决：删除条目 / 标注版本或 DLC 条件
P2,L1 助手已收录,是,C 运行时确无此名,文档偏宽：双端均未见,Player:GetAi_Diplomacy():GenerateToolTips(),A-PlayerGetAi_DiplomacyGenerateToolTips,Player,GetAi_Diplomacy,GenerateToolTips,Colon (Instance),Both,Both,nil/否,ERR/否,文档偏宽：双端均未见,,,,是,未在 lua 文件中找到此函数的使用,获取Ai_Diplomacy,,GP=nil/否　UI=ERR/否,裁决：删除条目 / 标注版本或 DLC 条件
P2,L1 助手已收录,是,C 运行时确无此名,文档偏宽：双端均未见,Player:GetAi_Diplomacy():GetNumToolTips(),Q-PlayerGetAi_DiplomacyGetNumToolTips,Player,GetAi_Diplomacy,GetNumToolTips,Colon (Instance),Both,Both,nil/否,ERR/否,文档偏宽：双端均未见,,,,是,未在 lua 文件中找到此函数的使用,获取Ai_Diplomacy,,GP=nil/否　UI=ERR/否,裁决：删除条目 / 标注版本或 DLC 条件
P2,L1 助手已收录,是,C 运行时确无此名,文档偏宽：双端均未见,Player:GetAi_Diplomacy():GetToolTip(),Q-PlayerGetAi_DiplomacyGetToolTip,Player,GetAi_Diplomacy,GetToolTip,Colon (Instance),Both,Both,nil/否,ERR/否,文档偏宽：双端均未见,,,,是,AI 判断此根对象未使用此函数,获取Ai_Diplomacy,,GP=nil/否　UI=ERR/否,裁决：删除条目 / 标注版本或 DLC 条件
P2,L1 助手已收录,是,C 运行时确无此名,文档偏宽：双端均未见,Player:GetGovernors():GetIdentityPressure(),Q-PlayerGetGovernorsGetIdentityPressure,Player,GetGovernors,GetIdentityPressure,Colon (Instance),Both,Both,nil/否,nil/否,文档偏宽：双端均未见,,,,,,[作用] 获取指定总督对所在城市的认同压力值,,GP=nil/否　UI=nil/否,裁决：删除条目 / 标注版本或 DLC 条件
P2,L1 助手已收录,是,C 运行时确无此名,文档偏宽：双端均未见,Player:GetGovernors():GetNeutralizedTurns(),Q-PlayerGetGovernorsGetNeutralizedTurns,Player,GetGovernors,GetNeutralizedTurns,Colon (Instance),Both,Both,nil/否,nil/否,文档偏宽：双端均未见,,,,,,[作用] 获取总督当前剩余的中立（被镇压）回合数,,GP=nil/否　UI=nil/否,裁决：删除条目 / 标注版本或 DLC 条件
P2,L1 助手已收录,是,C 运行时确无此名,文档偏宽：双端均未见,Player:GetGovernors():GetType(),Q-PlayerGetGovernorsGetType,Player,GetGovernors,GetType,Colon (Instance),Both,Both,nil/否,nil/否,文档偏宽：双端均未见,,,,是,AI 判断此根对象未使用此函数,获取Governors,,GP=nil/否　UI=nil/否,裁决：删除条目 / 标注版本或 DLC 条件
P2,L1 助手已收录,是,C 运行时确无此名,文档偏宽：双端均未见,Player:GetGovernors():HasPromotion(),Q-PlayerGetGovernorsHasPromotion,Player,GetGovernors,HasPromotion,Colon (Instance),Both,Both,nil/否,nil/否,文档偏宽：双端均未见,,,,,,[作用] 查询指定总督是否已获得某个晋升,,GP=nil/否　UI=nil/否,裁决：删除条目 / 标注版本或 DLC 条件
P2,L1 助手已收录,是,C 运行时确无此名,文档偏宽：双端均未见,Player:GetGovernors():IsEstablished(),Q-PlayerGetGovernorsIsEstablished,Player,GetGovernors,IsEstablished,Colon (Instance),Both,Both,nil/否,nil/否,文档偏宽：双端均未见,,,,,,[作用] 判断指定总督是否已在城市中完全建立,,GP=nil/否　UI=nil/否,裁决：删除条目 / 标注版本或 DLC 条件
P2,L1 助手已收录,是,C 运行时确无此名,文档偏宽：双端均未见,Player:GetGovernors():IsGovernCityState(),Q-PlayerGetGovernorsIsGovernCityState,Player,GetGovernors,IsGovernCityState,Colon (Instance),Both,Both,nil/否,nil/否,文档偏宽：双端均未见,,,,,,[作用] 判断总督是否为城邦总督（Ambassador）类型,,GP=nil/否　UI=nil/否,裁决：删除条目 / 标注版本或 DLC 条件
P2,L1 助手已收录,是,C 运行时确无此名,文档偏宽：双端均未见,Player:GetResources():GetResourceImportedPerTurn(),Q-PlayerGetResourcesGetResourceImportedPerTurn,Player,GetResources,GetResourceImportedPerTurn,Colon (Instance),Both,Both,nil/否,nil/否,文档偏宽：双端均未见,,,,是,未在 lua 文件中找到此函数的使用,获取Resources,,GP=nil/否　UI=nil/否,裁决：删除条目 / 标注版本或 DLC 条件
P2,L1 助手已收录,是,C 运行时确无此名,文档偏宽：双端均未见,Player:GetTechs():HasBeenBoosted(),Q-PlayerGetTechsHasBeenBoosted,Player,GetTechs,HasBeenBoosted,Colon (Instance),Both,Both,nil/否,nil/否,文档偏宽：双端均未见,,,,,,[作用] 查询指定科技是否已被提升（boosted）,,GP=nil/否　UI=nil/否,裁决：删除条目 / 标注版本或 DLC 条件
P2,L1 助手已收录,是,C 运行时确无此名,文档偏宽：双端均未见,PlayerVisibility:GetNumRevealedNexes(),Q-PlayerVisibilityGetNumRevealedNexes,PlayerVisibility,GetNumRevealedNexes,,Colon (Instance),Both,Both,nil/否,ERR/否,文档偏宽：双端均未见,,,,是,未在 lua 文件中找到此函数的使用,获取NumRevealedNexes,,GP=nil/否　UI=ERR/否,裁决：删除条目 / 标注版本或 DLC 条件
P2,L1 助手已收录,是,C 运行时确无此名,文档偏宽：双端均未见,UI.DataAssert(),A-UIDataAssert,UI,DataAssert,,Dot (Global),Both,Both,ERR/否,nil/否,文档偏宽：双端均未见,,,,,,[作用] 调试断言函数，检测到非法状态时输出错误信息,,GP=ERR/否　UI=nil/否,裁决：删除条目 / 标注版本或 DLC 条件
P2,L1 助手已收录,是,C 运行时确无此名,文档偏宽：双端均未见,UI.ExitGame(),A-UIExitGame,UI,ExitGame,,Dot (Global),Both,Both,ERR/否,nil/否,文档偏宽：双端均未见,,,,,,[作用] 完全退出游戏，不返回主菜单,,GP=ERR/否　UI=nil/否,裁决：删除条目 / 标注版本或 DLC 条件
P2,L1 助手已收录,是,C 运行时确无此名,文档偏宽：双端均未见,UI.GetWorldFromNormalizedScr(),Q-UIGetWorldFromNormalizedScr,UI,GetWorldFromNormalizedScr,,Dot (Global),Both,Both,ERR/否,nil/否,文档偏宽：双端均未见,,,,是,未在 lua 文件中找到此函数的使用,获取WorldFromNormalizedScr,,GP=ERR/否　UI=nil/否,裁决：删除条目 / 标注版本或 DLC 条件
P2,L1 助手已收录,是,C 运行时确无此名,文档偏宽：双端均未见,UI.PostKeyMessage(),A-UIPostKeyMessage,UI,PostKeyMessage,,Dot (Global),Both,Both,ERR/否,nil/否,文档偏宽：双端均未见,,,,,,[作用] 向游戏发送模拟按键消息，用于触屏输入场景,,GP=ERR/否　UI=nil/否,裁决：删除条目 / 标注版本或 DLC 条件
P2,L1 助手已收录,是,C 运行时确无此名,文档偏宽：双端均未见,UI.ZoomMap(),A-UIZoomMap,UI,ZoomMap,,Dot (Global),Both,Both,ERR/否,nil/否,文档偏宽：双端均未见,,,,,,[作用] 缩放地图视角，正值放大，负值缩小,,GP=ERR/否　UI=nil/否,裁决：删除条目 / 标注版本或 DLC 条件
P2,L1 助手已收录,是,C 运行时确无此名,文档偏宽：双端均未见,UILens.SetLayerHexes(),Q-UILensSetLayerHexes,UILens,SetLayerHexes,,Dot (Global),Both,Both,ERR/否,nil/否,文档偏宽：双端均未见,,,,,,[作用] 在 UILens 上设置高亮层，显示指定单元格集合,,GP=ERR/否　UI=nil/否,裁决：删除条目 / 标注版本或 DLC 条件
P2,L1 助手已收录,是,C 运行时确无此名,文档偏宽：双端均未见,Unit:GetLifespan(),Q-UnitGetLifespan,Unit,GetLifespan,,Colon (Instance),Both,Both,nil/否,nil/否,文档偏宽：双端均未见,,,,是,未在 lua 文件中找到此函数的使用,获取Lifespan，返回 number,,GP=nil/否　UI=nil/否,裁决：删除条目 / 标注版本或 DLC 条件
P2,L1 助手已收录,是,C 运行时确无此名,文档偏宽：双端均未见,Unit:GetRenown(),Q-UnitGetRenown,Unit,GetRenown,,Colon (Instance),Both,Both,nil/否,nil/否,文档偏宽：双端均未见,,,,是,未在 lua 文件中找到此函数的使用,获取Renown,,GP=nil/否　UI=nil/否,裁决：删除条目 / 标注版本或 DLC 条件
P2,L1 助手已收录,是,C 运行时确无此名,文档偏宽：双端均未见,Unit:SetLifespan(),A-UnitSetLifespan,Unit,SetLifespan,,Colon (Instance),Both,Both,nil/否,nil/否,文档偏宽：双端均未见,,,,是,未在 lua 文件中找到此函数的使用,设置Lifespan，参数：amount,,GP=nil/否　UI=nil/否,裁决：删除条目 / 标注版本或 DLC 条件
P2,L1 助手已收录,是,C 运行时确无此名,文档偏宽：双端均未见,Unit:SetRenown(),A-UnitSetRenown,Unit,SetRenown,,Colon (Instance),Both,Both,nil/否,nil/否,文档偏宽：双端均未见,,,,是,未在 lua 文件中找到此函数的使用,设置Renown,,GP=nil/否　UI=nil/否,裁决：删除条目 / 标注版本或 DLC 条件
P2,L1 助手已收录,是,C 运行时确无此名,文档多写的子方法（父对象已实测枚举）,UI.GetGameParameters():Get():AppendValue(),A-UIGetGameParametersGetAppendValue,UI,GetGameParameters,GetAppendValue,Colon (Instance),UI,UI,ERR/不可判,nil/否,文档存疑：UI 未见,,Get,,,,[作用] 向 GameParameters 数据条目中追加一个值,,文档名拼接：去前缀候选 AppendValue 亦不存在（该对象运行时仅 5 法：Add/Get/GetValue/Remove/SetValue）,删除条目（父对象方法面已完整枚举）
P2,L1 助手已收录,是,C 运行时确无此名,文档多写的子方法（父对象已实测枚举）,UI.GetGameParameters():Get():ContainsValue(),Q-UIGetGameParametersGetContainsValue,UI,GetGameParameters,GetContainsValue,Colon (Instance),UI,UI,ERR/不可判,nil/否,文档存疑：UI 未见,,Get,,是,未在 lua 文件中找到此函数的使用,获取GameParameters,,文档名拼接：去前缀候选 ContainsValue 亦不存在（该对象运行时仅 5 法：Add/Get/GetValue/Remove/SetValue）,删除条目（父对象方法面已完整枚举）
P2,L1 助手已收录,是,C 运行时确无此名,文档多写的子方法（父对象已实测枚举）,UI.GetGameParameters():Get():GetAt(),Q-UIGetGameParametersGetGetAt,UI,GetGameParameters,GetGetAt,Colon (Instance),UI,UI,ERR/不可判,nil/否,文档存疑：UI 未见,,Get,,是,AI 判断此根对象未使用此函数,获取GameParameters,,文档名拼接：去前缀候选 GetAt 亦不存在（该对象运行时仅 5 法：Add/Get/GetValue/Remove/SetValue）,删除条目（父对象方法面已完整枚举）
P2,L1 助手已收录,是,C 运行时确无此名,文档多写的子方法（父对象已实测枚举）,UI.GetGameParameters():Get():GetCount(),Q-UIGetGameParametersGetGetCount,UI,GetGameParameters,GetGetCount,Colon (Instance),UI,UI,ERR/不可判,nil/否,文档存疑：UI 未见,,Get,,,,[作用] 获取 GameParameters 中指定键下存储的值的数量,,文档名拼接：去前缀候选 GetCount 亦不存在（该对象运行时仅 5 法：Add/Get/GetValue/Remove/SetValue）,删除条目（父对象方法面已完整枚举）
P2,L1 助手已收录,是,C 运行时确无此名,文档多写的子方法（父对象已实测枚举）,UI.GetGameParameters():Get():GetKeyAt(),Q-UIGetGameParametersGetGetKeyAt,UI,GetGameParameters,GetGetKeyAt,Colon (Instance),UI,UI,ERR/不可判,nil/否,文档存疑：UI 未见,,Get,,,,获取参数列表中指定索引处的键名，用于遍历参数组,,文档名拼接：去前缀候选 GetKeyAt 亦不存在（该对象运行时仅 5 法：Add/Get/GetValue/Remove/SetValue）,删除条目（父对象方法面已完整枚举）
P2,L1 助手已收录,是,C 运行时确无此名,文档多写的子方法（父对象已实测枚举）,UI.GetGameParameters():Get():GetValueAt(),Q-UIGetGameParametersGetGetValueAt,UI,GetGameParameters,GetGetValueAt,Colon (Instance),UI,UI,ERR/不可判,nil/否,文档存疑：UI 未见,,Get GetValue,,,,[作用] 根据索引从参数值对象中获取存储的数据,,文档名拼接：去前缀候选 GetValueAt 亦不存在（该对象运行时仅 5 法：Add/Get/GetValue/Remove/SetValue）,删除条目（父对象方法面已完整枚举）
P2,L1 助手已收录,是,C 运行时确无此名,文档多写的子方法（父对象已实测枚举）,UI.GetGameParameters():Get():GetValueIndex(),Q-UIGetGameParametersGetGetValueIndex,UI,GetGameParameters,GetGetValueIndex,Colon (Instance),UI,UI,ERR/不可判,nil/否,文档存疑：UI 未见,,Get GetValue,,是,未在 lua 文件中找到此函数的使用,获取GameParameters,,文档名拼接：去前缀候选 GetValueIndex 亦不存在（该对象运行时仅 5 法：Add/Get/GetValue/Remove/SetValue）,删除条目（父对象方法面已完整枚举）
P2,L1 助手已收录,是,C 运行时确无此名,文档多写的子方法（父对象已实测枚举）,UI.GetGameParameters():Get():InsertValueAt(),A-UIGetGameParametersGetInsertValueAt,UI,GetGameParameters,GetInsertValueAt,Colon (Instance),UI,UI,ERR/不可判,nil/否,文档存疑：UI 未见,,Get,,是,未在 lua 文件中找到此函数的使用,获取GameParameters,,文档名拼接：去前缀候选 InsertValueAt 亦不存在（该对象运行时仅 5 法：Add/Get/GetValue/Remove/SetValue）,删除条目（父对象方法面已完整枚举）
P2,L1 助手已收录,是,C 运行时确无此名,文档多写的子方法（父对象已实测枚举）,UI.GetGameParameters():Get():RemoveAt(),A-UIGetGameParametersGetRemoveAt,UI,GetGameParameters,GetRemoveAt,Colon (Instance),UI,UI,ERR/不可判,nil/否,文档存疑：UI 未见,,Get Remove,,,,[作用] 删除参数数据表中指定索引位置的元素,,文档名拼接：去前缀候选 RemoveAt 亦不存在（该对象运行时仅 5 法：Add/Get/GetValue/Remove/SetValue）,删除条目（父对象方法面已完整枚举）
P2,L1 助手已收录,是,C 运行时确无此名,文档多写的子方法（父对象已实测枚举）,UI.GetGameParameters():Get():SetValueAt(),A-UIGetGameParametersGetSetValueAt,UI,GetGameParameters,GetSetValueAt,Colon (Instance),UI,UI,ERR/不可判,nil/否,文档存疑：UI 未见,,Get SetValue,,是,未在 lua 文件中找到此函数的使用,获取GameParameters,,文档名拼接：去前缀候选 SetValueAt 亦不存在（该对象运行时仅 5 法：Add/Get/GetValue/Remove/SetValue）,删除条目（父对象方法面已完整枚举）
P2,L1 助手已收录,是,C 运行时确无此名,文档存疑：UI 未见,IconManager:FindIconAtlasForType(),Q-IconManagerFindIconAtlasForType,IconManager,FindIconAtlasForType,,Colon (Instance),UI,UI,ERR/否,nil/否,文档存疑：UI 未见,,,,是,AI 判断此根对象未使用此函数,查找IconAtlasForType,,GP=ERR/否　UI=nil/否,裁决：删除条目 / 标注版本或 DLC 条件
P2,L1 助手已收录,是,C 运行时确无此名,文档存疑：UI 未见,IconManager:SetLeaderTooltip(),A-IconManagerSetLeaderTooltip,IconManager,SetLeaderTooltip,,Colon (Instance),UI,UI,ERR/否,nil/否,文档存疑：UI 未见,,,,,,[作用] 设置文明图标的领导者 Tooltip，显示玩家领袖名称和文明信息,,GP=ERR/否　UI=nil/否,裁决：删除条目 / 标注版本或 DLC 条件
P2,L1 助手已收录,是,C 运行时确无此名,文档存疑：UI 未见,IconManager:UpdateIcon(),A-IconManagerUpdateIcon,IconManager,UpdateIcon,,Colon (Instance),UI,UI,ERR/否,nil/否,文档存疑：UI 未见,,,,,,[作用] 更新领袖头像图标、文明图标、指示器和工具提示,,GP=ERR/否　UI=nil/否,裁决：删除条目 / 标注版本或 DLC 条件
P2,L1 助手已收录,是,C 运行时确无此名,文档存疑：UI 未见,IconManager:UpdateIconFromPlayerID(),A-IconManagerUpdateIconFromPlayerID,IconManager,UpdateIconFromPlayerID,,Colon (Instance),UI,UI,ERR/否,nil/否,文档存疑：UI 未见,,,,,,[作用] 更新 CivilizationIcon 控件以显示指定玩家的文明图标,,GP=ERR/否　UI=nil/否,裁决：删除条目 / 标注版本或 DLC 条件
P2,L1 助手已收录,是,C 运行时确无此名,文档存疑：UI 未见,IconManager:UpdateIconSimple(),A-IconManagerUpdateIconSimple,IconManager,UpdateIconSimple,,Colon (Instance),UI,UI,ERR/否,nil/否,文档存疑：UI 未见,,,,,,[作用] 更新领袖图标的显示，包括头像、你指示器、文明颜色和提示文本,,GP=ERR/否　UI=nil/否,裁决：删除条目 / 标注版本或 DLC 条件
P2,L1 助手已收录,是,C 运行时确无此名,文档存疑：UI 未见,Input.GetKey(),Q-InputGetKey,Input,GetKey,,Dot (Global),UI,UI,ERR/否,nil/否,文档存疑：UI 未见,,,,,,[作用] 获取输入事件的虚拟键码,,GP=ERR/否　UI=nil/否,裁决：删除条目 / 标注版本或 DLC 条件
P2,L1 助手已收录,是,C 运行时确无此名,文档存疑：UI 未见,Input.GetMessageType(),Q-InputGetMessageType,Input,GetMessageType,,Dot (Global),UI,UI,ERR/否,nil/否,文档存疑：UI 未见,,,,,,[作用] 获取输入结构体的消息类型（如按键按下/释放、鼠标事件等）,,GP=ERR/否　UI=nil/否,裁决：删除条目 / 标注版本或 DLC 条件
P2,L1 助手已收录,是,C 运行时确无此名,文档存疑：UI 未见,Input.SetCallback(),A-InputSetCallback,Input,SetCallback,,Dot (Global),UI,UI,ERR/否,nil/否,文档存疑：UI 未见,,,,,,[作用] 为 UI 控件的 Input 区域设置输入事件回调函数,,GP=ERR/否　UI=nil/否,裁决：删除条目 / 标注版本或 DLC 条件
P2,L1 助手已收录,是,C 运行时确无此名,文档存疑：UI 未见,PlayerVisibility:GetLayerValue(),Q-PlayerVisibilityGetLayerValue,PlayerVisibility,GetLayerValue,,Colon (Instance),UI,UI,nil/否,ERR/否,文档存疑：UI 未见,,,,,,"获取指定单元格在特定可见性层（如 TERRAIN, RESOURCES）的可见性值",,GP=nil/否　UI=ERR/否,裁决：删除条目 / 标注版本或 DLC 条件
P2,L1 助手已收录,是,C 运行时确无此名,文档存疑：UI 未见,PlayerVisibility:IsUnitVisible(),Q-PlayerVisibilityIsUnitVisible,PlayerVisibility,IsUnitVisible,,Colon (Instance),UI,UI,nil/否,ERR/否,文档存疑：UI 未见,,,,,,[作用] 判断指定单位在当前玩家的视野中是否可见,,GP=nil/否　UI=ERR/否,裁决：删除条目 / 标注版本或 DLC 条件
P3,L1 助手已收录,是,D 暂不可测,需 Fractal.Create(...) 参数化构造（世界生成期）,Fractal.Create():BuildRidges(),A-FractalCreateBuildRidges,Fractal,Create,BuildRidges,Colon (Instance),GamePlay,GamePlay,ERR/不可判,ERR/不可判,无法验证：需 Fractal.Create(...) 参数化构造（世界生成期）,,,,,,[作用] 在分形对象中构建山脊线，用于模拟板块边界、粗糙化海岸线和形成内陆海,,GP=ERR/不可判　UI=ERR/不可判,按补测条件复跑一轮
P3,L1 助手已收录,是,D 暂不可测,需 Fractal.Create(...) 参数化构造（世界生成期）,Fractal.Create():Destroy(),A-FractalCreateDestroy,Fractal,Create,Destroy,Colon (Instance),GamePlay,GamePlay,ERR/不可判,ERR/不可判,无法验证：需 Fractal.Create(...) 参数化构造（世界生成期）,,,,,,[作用] 使用分形算法创建地形生成器对象,,GP=ERR/不可判　UI=ERR/不可判,按补测条件复跑一轮
P3,L1 助手已收录,是,D 暂不可测,需 Fractal.Create(...) 参数化构造（世界生成期）,Fractal.Create():GetHeight(),Q-FractalCreateGetHeight,Fractal,Create,GetHeight,Colon (Instance),GamePlay,GamePlay,ERR/不可判,ERR/不可判,无法验证：需 Fractal.Create(...) 参数化构造（世界生成期）,,,,,,[作用] 创建分形噪声生成器并查询指定位置或百分位的高度值,,GP=ERR/不可判　UI=ERR/不可判,按补测条件复跑一轮
P3,L1 助手已收录,是,D 暂不可测,需地图钉编辑 UI 上下文（MapPinManager 内）,MapPinConfiguration (Context),O-MapPinConfiguration,MapPinConfiguration,,,Colon (Instance),UI,UI,nil/不可判,nil/不可判,无法验证：需地图钉编辑 UI 上下文（MapPinManager 内）,,,,,,MapPinConfiguration 命名空间，包含 MapPinConfiguration 相关的子函数,,GP=nil/不可判　UI=nil/不可判,按补测条件复跑一轮
P3,L1 助手已收录,是,D 暂不可测,需地图钉编辑 UI 上下文（MapPinManager 内）,MapPinConfiguration:GetHexX(),Q-MapPinConfigurationGetHexX,MapPinConfiguration,GetHexX,,Colon (Instance),UI,UI,ERR/不可判,ERR/不可判,无法验证：需地图钉编辑 UI 上下文（MapPinManager 内）,,,,,,[作用] 获取地图钉标的六边形网格 X 坐标,,GP=ERR/不可判　UI=ERR/不可判,按补测条件复跑一轮
P3,L1 助手已收录,是,D 暂不可测,需地图钉编辑 UI 上下文（MapPinManager 内）,MapPinConfiguration:GetHexY(),Q-MapPinConfigurationGetHexY,MapPinConfiguration,GetHexY,,Colon (Instance),UI,UI,ERR/不可判,ERR/不可判,无法验证：需地图钉编辑 UI 上下文（MapPinManager 内）,,,,,,[作用] 获取地图钉的六角格Y坐标,,GP=ERR/不可判　UI=ERR/不可判,按补测条件复跑一轮
P3,L1 助手已收录,是,D 暂不可测,需地图钉编辑 UI 上下文（MapPinManager 内）,MapPinConfiguration:GetID(),Q-MapPinConfigurationGetID,MapPinConfiguration,GetID,,Colon (Instance),UI,UI,ERR/不可判,ERR/不可判,无法验证：需地图钉编辑 UI 上下文（MapPinManager 内）,,,,,,获取 MapPinConfiguration 的唯一标识符，用于编辑、删除或在聊天中引用地图钉,,GP=ERR/不可判　UI=ERR/不可判,按补测条件复跑一轮
P3,L1 助手已收录,是,D 暂不可测,需地图钉编辑 UI 上下文（MapPinManager 内）,MapPinConfiguration:GetIconName(),Q-MapPinConfigurationGetIconName,MapPinConfiguration,GetIconName,,Colon (Instance),UI,UI,ERR/不可判,ERR/不可判,无法验证：需地图钉编辑 UI 上下文（MapPinManager 内）,,,,,,[作用] 获取地图钉的图标标识符，用于设置 UI 控件的图标纹理,,GP=ERR/不可判　UI=ERR/不可判,按补测条件复跑一轮
P3,L1 助手已收录,是,D 暂不可测,需地图钉编辑 UI 上下文（MapPinManager 内）,MapPinConfiguration:GetName(),Q-MapPinConfigurationGetName,MapPinConfiguration,GetName,,Colon (Instance),UI,UI,ERR/不可判,ERR/不可判,无法验证：需地图钉编辑 UI 上下文（MapPinManager 内）,,,,,,[作用] 获取地图钉的自定义名称,,GP=ERR/不可判　UI=ERR/不可判,按补测条件复跑一轮
P3,L1 助手已收录,是,D 暂不可测,需地图钉编辑 UI 上下文（MapPinManager 内）,MapPinConfiguration:GetPlayerID(),Q-MapPinConfigurationGetPlayerID,MapPinConfiguration,GetPlayerID,,Colon (Instance),UI,UI,ERR/不可判,ERR/不可判,无法验证：需地图钉编辑 UI 上下文（MapPinManager 内）,,,,,,[作用] 获取地图钉所属玩家的 PlayerID,,GP=ERR/不可判　UI=ERR/不可判,按补测条件复跑一轮
P3,L1 助手已收录,是,D 暂不可测,需地图钉编辑 UI 上下文（MapPinManager 内）,MapPinConfiguration:GetVisibility(),Q-MapPinConfigurationGetVisibility,MapPinConfiguration,GetVisibility,,Colon (Instance),UI,UI,ERR/不可判,ERR/不可判,无法验证：需地图钉编辑 UI 上下文（MapPinManager 内）,,,,,,[作用] 获取地图钉的可见性设置,,GP=ERR/不可判　UI=ERR/不可判,按补测条件复跑一轮
P3,L1 助手已收录,是,D 暂不可测,需地图钉编辑 UI 上下文（MapPinManager 内）,MapPinConfiguration:IsPrivate(),Q-MapPinConfigurationIsPrivate,MapPinConfiguration,IsPrivate,,Colon (Instance),UI,UI,ERR/不可判,ERR/不可判,无法验证：需地图钉编辑 UI 上下文（MapPinManager 内）,,,,,,[作用] 判断地图钉是否为私有状态,,GP=ERR/不可判　UI=ERR/不可判,按补测条件复跑一轮
P3,L1 助手已收录,是,D 暂不可测,需地图钉编辑 UI 上下文（MapPinManager 内）,MapPinConfiguration:IsVisible(),Q-MapPinConfigurationIsVisible,MapPinConfiguration,IsVisible,,Colon (Instance),UI,UI,ERR/不可判,ERR/不可判,无法验证：需地图钉编辑 UI 上下文（MapPinManager 内）,,,,,,[作用] 判断地图图钉是否对指定玩家可见，用于控制图钉在地图和列表中的显示,,GP=ERR/不可判　UI=ERR/不可判,按补测条件复跑一轮
P3,L1 助手已收录,是,D 暂不可测,需地图钉编辑 UI 上下文（MapPinManager 内）,MapPinConfiguration:SetIconName(),A-MapPinConfigurationSetIconName,MapPinConfiguration,SetIconName,,Colon (Instance),UI,UI,ERR/不可判,ERR/不可判,无法验证：需地图钉编辑 UI 上下文（MapPinManager 内）,,,,,,[作用] 设置地图钉的图标名称,,GP=ERR/不可判　UI=ERR/不可判,按补测条件复跑一轮
P3,L1 助手已收录,是,D 暂不可测,需地图钉编辑 UI 上下文（MapPinManager 内）,MapPinConfiguration:SetName(),A-MapPinConfigurationSetName,MapPinConfiguration,SetName,,Colon (Instance),UI,UI,ERR/不可判,ERR/不可判,无法验证：需地图钉编辑 UI 上下文（MapPinManager 内）,,,,,,[作用] 设置地图钉配置的名称,,GP=ERR/不可判　UI=ERR/不可判,按补测条件复跑一轮
P3,L1 助手已收录,是,D 暂不可测,需地图钉编辑 UI 上下文（MapPinManager 内）,MapPinConfiguration:SetVisibility(),A-MapPinConfigurationSetVisibility,MapPinConfiguration,SetVisibility,,Colon (Instance),UI,UI,ERR/不可判,ERR/不可判,无法验证：需地图钉编辑 UI 上下文（MapPinManager 内）,,,,,,[作用] 设置地钉的可见性范围,,GP=ERR/不可判　UI=ERR/不可判,按补测条件复跑一轮
P3,L1 助手已收录,是,D 暂不可测,需存在自由城市实例（CityManager.GetFreeCityAt）,FreeCities (Context),O-FreeCities,FreeCities,,,Colon (Instance),GamePlay,GamePlay,nil/不可判,nil/不可判,无法验证：需存在自由城市实例（CityManager.GetFreeCityAt）,,,,,,FreeCities 命名空间，包含 FreeCities 相关的子函数,,GP=nil/不可判　UI=nil/不可判,按补测条件复跑一轮
P3,L1 助手已收录,是,D 暂不可测,需存在自由城市实例（CityManager.GetFreeCityAt）,FreeCities:GetIndex(),Q-FreeCitiesGetIndex,FreeCities,GetIndex,,Colon (Instance),GamePlay,GamePlay,ERR/不可判,ERR/不可判,无法验证：需存在自由城市实例（CityManager.GetFreeCityAt）,,,,是,AI 判断此根对象未使用此函数,获取单元格的平面索引值，常用于序列化和快速比较,,GP=ERR/不可判　UI=ERR/不可判,按补测条件复跑一轮
P3,L1 助手已收录,是,D 暂不可测,需存在自由城市实例（CityManager.GetFreeCityAt）,FreeCities:GetLocation(),Q-FreeCitiesGetLocation,FreeCities,GetLocation,,Colon (Instance),GamePlay,GamePlay,ERR/不可判,ERR/不可判,无法验证：需存在自由城市实例（CityManager.GetFreeCityAt）,,,,是,AI 判断此根对象未使用此函数,获取Location，返回 table,,GP=ERR/不可判　UI=ERR/不可判,按补测条件复跑一轮
P3,L1 助手已收录,是,D 暂不可测,需存在自由城市实例（CityManager.GetFreeCityAt）,FreeCities:GetPlot(),Q-FreeCitiesGetPlot,FreeCities,GetPlot,,Colon (Instance),GamePlay,GamePlay,ERR/不可判,ERR/不可判,无法验证：需存在自由城市实例（CityManager.GetFreeCityAt）,,,,是,AI 判断此根对象未使用此函数,"通过 x,y 坐标获取单元格对象，是使用最频繁的 API 之一",,GP=ERR/不可判　UI=ERR/不可判,按补测条件复跑一轮
P3,L1 助手已收录,是,D 暂不可测,需存在自由城市实例（CityManager.GetFreeCityAt）,FreeCities:GetUrbanDefenses(),Q-FreeCitiesGetUrbanDefenses,FreeCities,GetUrbanDefenses,,Colon (Instance),GamePlay,GamePlay,ERR/不可判,ERR/不可判,无法验证：需存在自由城市实例（CityManager.GetFreeCityAt）,,,,是,未在 lua 文件中找到此函数的使用,获取UrbanDefenses，返回 number,,GP=ERR/不可判　UI=ERR/不可判,按补测条件复跑一轮
P3,L1 助手已收录,是,D 暂不可测,需存在自由城市实例（CityManager.GetFreeCityAt）,FreeCities:GetX(),Q-FreeCitiesGetX,FreeCities,GetX,,Colon (Instance),GamePlay,GamePlay,ERR/不可判,ERR/不可判,无法验证：需存在自由城市实例（CityManager.GetFreeCityAt）,,,,是,AI 判断此根对象未使用此函数,获取X，返回 number,,GP=ERR/不可判　UI=ERR/不可判,按补测条件复跑一轮
P3,L1 助手已收录,是,D 暂不可测,需存在自由城市实例（CityManager.GetFreeCityAt）,FreeCities:GetY(),Q-FreeCitiesGetY,FreeCities,GetY,,Colon (Instance),GamePlay,GamePlay,ERR/不可判,ERR/不可判,无法验证：需存在自由城市实例（CityManager.GetFreeCityAt）,,,,是,AI 判断此根对象未使用此函数,获取Y，返回 number,,GP=ERR/不可判　UI=ERR/不可判,按补测条件复跑一轮
P3,L1 助手已收录,是,D 暂不可测,需已任命总督（Governor 三层实例）,Player:GetGovernors():GetGovernor():CanAssignToMajorCiv(),Q-PlayerGetGovernorsGetGovernorCanAssignToMajorCiv,Player,GetGovernors,GetGovernorCanAssignToMajorCiv,Colon (Instance),UI,UI,nil/否,nil/否,文档存疑：UI 未见,,GetGovernor,,,,判断指定总督是否可以分配给主流文明（而非城邦）,,GP=nil/否　UI=nil/否,任命任一总督后复跑三层恢复
P3,L1 助手已收录,是,D 暂不可测,需已任命总督（Governor 三层实例）,Player:GetGovernors():GetGovernor():GetComponentID(),Q-PlayerGetGovernorsGetGovernorGetComponentID,Player,GetGovernors,GetGovernorGetComponentID,Colon (Instance),UI,UI,nil/否,nil/否,文档存疑：UI 未见,,GetGovernor,,是,AI 判断此根对象未使用此函数,获取Governors,,GP=nil/否　UI=nil/否,任命任一总督后复跑三层恢复
P3,L1 助手已收录,是,D 暂不可测,需已任命总督（Governor 三层实例）,Player:GetGovernors():GetGovernor():GetID(),Q-PlayerGetGovernorsGetGovernorGetID,Player,GetGovernors,GetGovernorGetID,Colon (Instance),UI,UI,nil/否,nil/否,文档存疑：UI 未见,,GetGovernor,,,,[作用] 获取指定总督的唯一标识符,,GP=nil/否　UI=nil/否,任命任一总督后复跑三层恢复
P3,L1 助手已收录,是,D 暂不可测,需已任命总督（Governor 三层实例）,Player:GetGovernors():GetGovernor():GetIdentityPressure(),Q-PlayerGetGovernorsGetGovernorGetIdentityPressure,Player,GetGovernors,GetGovernorGetIdentityPressure,Colon (Instance),UI,UI,nil/否,nil/否,文档存疑：UI 未见,,GetGovernor,,,,[作用] 获取指定总督的身份压力值,,GP=nil/否　UI=nil/否,任命任一总督后复跑三层恢复
P3,L1 助手已收录,是,D 暂不可测,需已任命总督（Governor 三层实例）,Player:GetGovernors():GetGovernor():GetName(),Q-PlayerGetGovernorsGetGovernorGetName,Player,GetGovernors,GetGovernorGetName,Colon (Instance),UI,UI,nil/否,nil/否,文档存疑：UI 未见,,GetGovernor,,,,[作用] 获取玩家已任命总督的本地化名称键值,,GP=nil/否　UI=nil/否,任命任一总督后复跑三层恢复
P3,L1 助手已收录,是,D 暂不可测,需已任命总督（Governor 三层实例）,Player:GetGovernors():GetGovernor():GetNeutralizedTurns(),Q-PlayerGetGovernorsGetGovernorGetNeutralizedTurns,Player,GetGovernors,GetGovernorGetNeutralizedTurns,Colon (Instance),UI,UI,nil/否,nil/否,文档存疑：UI 未见,,GetGovernor,,,,[作用] 查询指定总督被中和（Neutralized）的剩余回合数,,GP=nil/否　UI=nil/否,任命任一总督后复跑三层恢复
P3,L1 助手已收录,是,D 暂不可测,需已任命总督（Governor 三层实例）,Player:GetGovernors():GetGovernor():GetOwner(),Q-PlayerGetGovernorsGetGovernorGetOwner,Player,GetGovernors,GetGovernorGetOwner,Colon (Instance),UI,UI,nil/否,nil/否,文档存疑：UI 未见,,GetGovernor,,,,[作用] 获取指定玩家的某个总督的所有者 ID,,GP=nil/否　UI=nil/否,任命任一总督后复跑三层恢复
P3,L1 助手已收录,是,D 暂不可测,需已任命总督（Governor 三层实例）,Player:GetGovernors():GetGovernor():GetTurnsOnSite(),Q-PlayerGetGovernorsGetGovernorGetTurnsOnSite,Player,GetGovernors,GetGovernorGetTurnsOnSite,Colon (Instance),UI,UI,nil/否,nil/否,文档存疑：UI 未见,,GetGovernor,,,,[作用] 获取总督在当前派遣城市已停留的回合数,,GP=nil/否　UI=nil/否,任命任一总督后复跑三层恢复
P3,L1 助手已收录,是,D 暂不可测,需已任命总督（Governor 三层实例）,Player:GetGovernors():GetGovernor():GetType(),Q-PlayerGetGovernorsGetGovernorGetType,Player,GetGovernors,GetGovernorGetType,Colon (Instance),UI,UI,nil/否,nil/否,文档存疑：UI 未见,,GetGovernor,,,,[作用] 获取已任命 Governor 的类型 ID,,GP=nil/否　UI=nil/否,任命任一总督后复跑三层恢复
P3,L1 助手已收录,是,D 暂不可测,需已任命总督（Governor 三层实例）,Player:GetGovernors():GetGovernor():HasPromotion(),Q-PlayerGetGovernorsGetGovernorHasPromotion,Player,GetGovernors,GetGovernorHasPromotion,Colon (Instance),UI,UI,nil/否,nil/否,文档存疑：UI 未见,,GetGovernor,,,,[作用] 检查指定总督是否拥有某个晋升,,GP=nil/否　UI=nil/否,任命任一总督后复跑三层恢复
P3,L1 助手已收录,是,D 暂不可测,需已任命总督（Governor 三层实例）,Player:GetGovernors():GetGovernor():IsEstablished(),Q-PlayerGetGovernorsGetGovernorIsEstablished,Player,GetGovernors,GetGovernorIsEstablished,Colon (Instance),UI,UI,nil/否,nil/否,文档存疑：UI 未见,,GetGovernor,,,,[作用] 判断总督是否已在分配的城市中完成建立过程,,GP=nil/否　UI=nil/否,任命任一总督后复跑三层恢复
P3,L1 助手已收录,是,D 暂不可测,需已任命总督（Governor 三层实例）,Player:GetGovernors():GetGovernor():IsGovernCityState(),Q-PlayerGetGovernorsGetGovernorIsGovernCityState,Player,GetGovernors,GetGovernorIsGovernCityState,Colon (Instance),UI,UI,nil/否,nil/否,文档存疑：UI 未见,,GetGovernor,,,,[作用] 查询指定总督是否为城邦总督类型（如大使/Ambassador）,,GP=nil/否　UI=nil/否,任命任一总督后复跑三层恢复
P3,L1 助手已收录,是,D 暂不可测,需玩家当前有未读通知（本局本地玩家通知列表为空）,Notification (Context),O-Notification,Notification,,,Colon (Instance),Both,Both,nil/不可判,nil/不可判,无法验证：需玩家当前有未读通知（本局本地玩家通知列表为空）,,,,,,Notification 命名空间，包含 Notification 相关的子函数,,GP=nil/不可判　UI=nil/不可判,按补测条件复跑一轮
P3,L1 助手已收录,是,D 暂不可测,需玩家当前有未读通知（本局本地玩家通知列表为空）,Notification:Activate(),A-NotificationActivate,Notification,Activate,,Colon (Instance),Both,Both,ERR/不可判,ERR/不可判,无法验证：需玩家当前有未读通知（本局本地玩家通知列表为空）,,,,,,[作用] 激活通知，触发 OnNotificationActivated 引擎事件，随后调用对应通知类型的 Lua handler.Activate 函数,,GP=ERR/不可判　UI=ERR/不可判,按补测条件复跑一轮
P3,L1 助手已收录,是,D 暂不可测,需玩家当前有未读通知（本局本地玩家通知列表为空）,Notification:AutoExpires(),Q-NotificationAutoExpires,Notification,AutoExpires,,Colon (Instance),Both,Both,ERR/不可判,ERR/不可判,无法验证：需玩家当前有未读通知（本局本地玩家通知列表为空）,,,,是,未在 lua 文件中找到此函数的使用,查询 AutoExpires，返回 boolean,,GP=ERR/不可判　UI=ERR/不可判,按补测条件复跑一轮
P3,L1 助手已收录,是,D 暂不可测,需玩家当前有未读通知（本局本地玩家通知列表为空）,Notification:CanUserDismiss(),Q-NotificationCanUserDismiss,Notification,CanUserDismiss,,Colon (Instance),Both,Both,ERR/不可判,ERR/不可判,无法验证：需玩家当前有未读通知（本局本地玩家通知列表为空）,,,,,,判断通知是否可以被用户手动关闭,,GP=ERR/不可判　UI=ERR/不可判,按补测条件复跑一轮
P3,L1 助手已收录,是,D 暂不可测,需玩家当前有未读通知（本局本地玩家通知列表为空）,Notification:GetAddedTurn(),Q-NotificationGetAddedTurn,Notification,GetAddedTurn,,Colon (Instance),Both,Both,ERR/不可判,ERR/不可判,无法验证：需玩家当前有未读通知（本局本地玩家通知列表为空）,,,,是,未在 lua 文件中找到此函数的使用,获取AddedTurn,,GP=ERR/不可判　UI=ERR/不可判,按补测条件复跑一轮
P3,L1 助手已收录,是,D 暂不可测,需玩家当前有未读通知（本局本地玩家通知列表为空）,Notification:GetCount(),Q-NotificationGetCount,Notification,GetCount,,Colon (Instance),Both,Both,ERR/不可判,ERR/不可判,无法验证：需玩家当前有未读通知（本局本地玩家通知列表为空）,,,,,,[作用] 返回自动通知堆叠中的通知数量,,GP=ERR/不可判　UI=ERR/不可判,按补测条件复跑一轮
P3,L1 助手已收录,是,D 暂不可测,需玩家当前有未读通知（本局本地玩家通知列表为空）,Notification:GetEndTurnBlocking(),Q-NotificationGetEndTurnBlocking,Notification,GetEndTurnBlocking,,Colon (Instance),Both,Both,ERR/不可判,ERR/不可判,无法验证：需玩家当前有未读通知（本局本地玩家通知列表为空）,,,,,,[作用] 获取通知的回合结束阻止类型,,GP=ERR/不可判　UI=ERR/不可判,按补测条件复跑一轮
P3,L1 助手已收录,是,D 暂不可测,需玩家当前有未读通知（本局本地玩家通知列表为空）,Notification:GetExpireTurn(),Q-NotificationGetExpireTurn,Notification,GetExpireTurn,,Colon (Instance),Both,Both,ERR/不可判,ERR/不可判,无法验证：需玩家当前有未读通知（本局本地玩家通知列表为空）,,,,是,未在 lua 文件中找到此函数的使用,获取ExpireTurn,,GP=ERR/不可判　UI=ERR/不可判,按补测条件复跑一轮
P3,L1 助手已收录,是,D 暂不可测,需玩家当前有未读通知（本局本地玩家通知列表为空）,Notification:GetGroup(),Q-NotificationGetGroup,Notification,GetGroup,,Colon (Instance),Both,Both,ERR/不可判,ERR/不可判,无法验证：需玩家当前有未读通知（本局本地玩家通知列表为空）,,,,,,[作用] 获取通知所属的分组 ID,,GP=ERR/不可判　UI=ERR/不可判,按补测条件复跑一轮
P3,L1 助手已收录,是,D 暂不可测,需玩家当前有未读通知（本局本地玩家通知列表为空）,Notification:GetID(),Q-NotificationGetID,Notification,GetID,,Colon (Instance),Both,Both,ERR/不可判,ERR/不可判,无法验证：需玩家当前有未读通知（本局本地玩家通知列表为空）,,,,,,[作用] 获取通知的唯一标识符，用于查找或关闭通知,,GP=ERR/不可判　UI=ERR/不可判,按补测条件复跑一轮
P3,L1 助手已收录,是,D 暂不可测,需玩家当前有未读通知（本局本地玩家通知列表为空）,Notification:GetIconName(),Q-NotificationGetIconName,Notification,GetIconName,,Colon (Instance),Both,Both,ERR/不可判,ERR/不可判,无法验证：需玩家当前有未读通知（本局本地玩家通知列表为空）,,,,,,[作用] 获取通知的图标名称，用于 UI 显示通知图标,,GP=ERR/不可判　UI=ERR/不可判,按补测条件复跑一轮
P3,L1 助手已收录,是,D 暂不可测,需玩家当前有未读通知（本局本地玩家通知列表为空）,Notification:GetLocation(),Q-NotificationGetLocation,Notification,GetLocation,,Colon (Instance),Both,Both,ERR/不可判,ERR/不可判,无法验证：需玩家当前有未读通知（本局本地玩家通知列表为空）,,,,,,[作用] 获取通知关联的单元格地图坐标,,GP=ERR/不可判　UI=ERR/不可判,按补测条件复跑一轮
P3,L1 助手已收录,是,D 暂不可测,需玩家当前有未读通知（本局本地玩家通知列表为空）,Notification:GetMessage(),Q-NotificationGetMessage,Notification,GetMessage,,Colon (Instance),Both,Both,ERR/不可判,ERR/不可判,无法验证：需玩家当前有未读通知（本局本地玩家通知列表为空）,,,,,,[作用] 获取通知消息的本地化键，配合 Locale.Lookup() 显示为可读文本,,GP=ERR/不可判　UI=ERR/不可判,按补测条件复跑一轮
P3,L1 助手已收录,是,D 暂不可测,需玩家当前有未读通知（本局本地玩家通知列表为空）,Notification:GetPlayerID(),Q-NotificationGetPlayerID,Notification,GetPlayerID,,Colon (Instance),Both,Both,ERR/不可判,ERR/不可判,无法验证：需玩家当前有未读通知（本局本地玩家通知列表为空）,,,,,,[作用] 返回通知所属的玩家 ID，用于通知管理和判断通知归属,,GP=ERR/不可判　UI=ERR/不可判,按补测条件复跑一轮
P3,L1 助手已收录,是,D 暂不可测,需玩家当前有未读通知（本局本地玩家通知列表为空）,Notification:GetSeverity(),Q-NotificationGetSeverity,Notification,GetSeverity,,Colon (Instance),Both,Both,ERR/不可判,ERR/不可判,无法验证：需玩家当前有未读通知（本局本地玩家通知列表为空）,,,,是,未在 lua 文件中找到此函数的使用,获取Severity,,GP=ERR/不可判　UI=ERR/不可判,按补测条件复跑一轮
P3,L1 助手已收录,是,D 暂不可测,需玩家当前有未读通知（本局本地玩家通知列表为空）,Notification:GetSummary(),Q-NotificationGetSummary,Notification,GetSummary,,Colon (Instance),Both,Both,ERR/不可判,ERR/不可判,无法验证：需玩家当前有未读通知（本局本地玩家通知列表为空）,,,,,,[作用] 获取通知的摘要文本,,GP=ERR/不可判　UI=ERR/不可判,按补测条件复跑一轮
P3,L1 助手已收录,是,D 暂不可测,需玩家当前有未读通知（本局本地玩家通知列表为空）,Notification:GetTarget(),Q-NotificationGetTarget,Notification,GetTarget,,Colon (Instance),Both,Both,ERR/不可判,ERR/不可判,无法验证：需玩家当前有未读通知（本局本地玩家通知列表为空）,,,,,,[作用] 获取通知关联的目标对象信息，包括玩家ID、对象ID和类型,,GP=ERR/不可判　UI=ERR/不可判,按补测条件复跑一轮
P3,L1 助手已收录,是,D 暂不可测,需玩家当前有未读通知（本局本地玩家通知列表为空）,Notification:GetType(),Q-NotificationGetType,Notification,GetType,,Colon (Instance),Both,Both,ERR/不可判,ERR/不可判,无法验证：需玩家当前有未读通知（本局本地玩家通知列表为空）,,,,,,[作用] 返回通知类型的数字哈希值，用于与 NotificationTypes 常量比较或作为查找键,,GP=ERR/不可判　UI=ERR/不可判,按补测条件复跑一轮
P3,L1 助手已收录,是,D 暂不可测,需玩家当前有未读通知（本局本地玩家通知列表为空）,Notification:GetTypeName(),Q-NotificationGetTypeName,Notification,GetTypeName,,Colon (Instance),Both,Both,ERR/不可判,ERR/不可判,无法验证：需玩家当前有未读通知（本局本地玩家通知列表为空）,,,,,,[作用] 获取通知类型的字符串标识符,,GP=ERR/不可判　UI=ERR/不可判,按补测条件复跑一轮
P3,L1 助手已收录,是,D 暂不可测,需玩家当前有未读通知（本局本地玩家通知列表为空）,Notification:GetValue(),Q-NotificationGetValue,Notification,GetValue,,Colon (Instance),Both,Both,ERR/不可判,ERR/不可判,无法验证：需玩家当前有未读通知（本局本地玩家通知列表为空）,,,,,,[作用] 从通知对象中读取指定键的值,,GP=ERR/不可判　UI=ERR/不可判,按补测条件复跑一轮
P3,L1 助手已收录,是,D 暂不可测,需玩家当前有未读通知（本局本地玩家通知列表为空）,Notification:IsAutoNotify(),Q-NotificationIsAutoNotify,Notification,IsAutoNotify,,Colon (Instance),Both,Both,ERR/不可判,ERR/不可判,无法验证：需玩家当前有未读通知（本局本地玩家通知列表为空）,,,,,,[作用] 判断通知是否为自动生成（自动生成的通知会有内部计数）,,GP=ERR/不可判　UI=ERR/不可判,按补测条件复跑一轮
P3,L1 助手已收录,是,D 暂不可测,需玩家当前有未读通知（本局本地玩家通知列表为空）,Notification:IsDismissed(),Q-NotificationIsDismissed,Notification,IsDismissed,,Colon (Instance),Both,Both,ERR/不可判,ERR/不可判,无法验证：需玩家当前有未读通知（本局本地玩家通知列表为空）,,,,,,[作用] 判断通知是否已被关闭（Dismissed）,,GP=ERR/不可判　UI=ERR/不可判,按补测条件复跑一轮
P3,L1 助手已收录,是,D 暂不可测,需玩家当前有未读通知（本局本地玩家通知列表为空）,Notification:IsExpired(),Q-NotificationIsExpired,Notification,IsExpired,,Colon (Instance),Both,Both,ERR/不可判,ERR/不可判,无法验证：需玩家当前有未读通知（本局本地玩家通知列表为空）,,,,是,未在 lua 文件中找到此函数的使用,判断Expired,,GP=ERR/不可判　UI=ERR/不可判,按补测条件复跑一轮
P3,L1 助手已收录,是,D 暂不可测,需玩家当前有未读通知（本局本地玩家通知列表为空）,Notification:IsIconDisplayable(),Q-NotificationIsIconDisplayable,Notification,IsIconDisplayable,,Colon (Instance),Both,Both,ERR/不可判,ERR/不可判,无法验证：需玩家当前有未读通知（本局本地玩家通知列表为空）,,,,,,[作用] 判断通知的图标是否可以在当前模式下显示,,GP=ERR/不可判　UI=ERR/不可判,按补测条件复跑一轮
P3,L1 助手已收录,是,D 暂不可测,需玩家当前有未读通知（本局本地玩家通知列表为空）,Notification:IsLocationValid(),Q-NotificationIsLocationValid,Notification,IsLocationValid,,Colon (Instance),Both,Both,ERR/不可判,ERR/不可判,无法验证：需玩家当前有未读通知（本局本地玩家通知列表为空）,,,,,,[作用] 判断通知是否关联了有效的地图位置,,GP=ERR/不可判　UI=ERR/不可判,按补测条件复跑一轮
P3,L1 助手已收录,是,D 暂不可测,需玩家当前有未读通知（本局本地玩家通知列表为空）,Notification:IsNeeded(),Q-NotificationIsNeeded,Notification,IsNeeded,,Colon (Instance),Both,Both,ERR/不可判,ERR/不可判,无法验证：需玩家当前有未读通知（本局本地玩家通知列表为空）,,,,是,未在 lua 文件中找到此函数的使用,判断Needed,,GP=ERR/不可判　UI=ERR/不可判,按补测条件复跑一轮
P3,L1 助手已收录,是,D 暂不可测,需玩家当前有未读通知（本局本地玩家通知列表为空）,Notification:IsTargetValid(),Q-NotificationIsTargetValid,Notification,IsTargetValid,,Colon (Instance),Both,Both,ERR/不可判,ERR/不可判,无法验证：需玩家当前有未读通知（本局本地玩家通知列表为空）,,,,,,[作用] 判断通知的目标是否仍然有效（如目标单位/城市未被销毁）,,GP=ERR/不可判　UI=ERR/不可判,按补测条件复跑一轮
P3,L1 助手已收录,是,D 暂不可测,需玩家当前有未读通知（本局本地玩家通知列表为空）,Notification:IsValidForPhase(),Q-NotificationIsValidForPhase,Notification,IsValidForPhase,,Colon (Instance),Both,Both,ERR/不可判,ERR/不可判,无法验证：需玩家当前有未读通知（本局本地玩家通知列表为空）,,,,,,[作用] 判断通知是否对当前游戏阶段有效,,GP=ERR/不可判　UI=ERR/不可判,按补测条件复跑一轮
P3,L1 助手已收录,是,D 暂不可测,需玩家当前有未读通知（本局本地玩家通知列表为空）,Notification:IsVisibleInUI(),Q-NotificationIsVisibleInUI,Notification,IsVisibleInUI,,Colon (Instance),Both,Both,ERR/不可判,ERR/不可判,无法验证：需玩家当前有未读通知（本局本地玩家通知列表为空）,,,,,,[作用] 判断通知是否在 UI 中可见,,GP=ERR/不可判　UI=ERR/不可判,按补测条件复跑一轮
P3,L1 助手已收录,是,D 暂不可测,需玩家当前有未读通知（本局本地玩家通知列表为空）,Notification:TypeName(),Q-NotificationTypeName,Notification,TypeName,,Colon (Instance),Both,Both,ERR/不可判,ERR/不可判,无法验证：需玩家当前有未读通知（本局本地玩家通知列表为空）,,,,,,[作用] 获取通知的类型名称字符串标识符,,GP=ERR/不可判　UI=ERR/不可判,按补测条件复跑一轮
P3,L1 助手已收录,是,D 暂不可测,需输入事件回调实参（UI 输入处理器触发时才有）,InputStruct (Context),O-InputStruct,InputStruct,,,Colon (Instance),UI,UI,nil/不可判,nil/不可判,无法验证：需输入事件回调实参（UI 输入处理器触发时才有）,,,,,,InputStruct 命名空间，包含 InputStruct 相关的子函数,,GP=nil/不可判　UI=nil/不可判,按补测条件复跑一轮
P3,L1 助手已收录,是,D 暂不可测,需输入事件回调实参（UI 输入处理器触发时才有）,InputStruct:GetFlags(),Q-InputStructGetFlags,InputStruct,GetFlags,,Colon (Instance),UI,UI,ERR/不可判,ERR/不可判,无法验证：需输入事件回调实参（UI 输入处理器触发时才有）,,,,是,未在 lua 文件中找到此函数的使用,获取Flags,,GP=ERR/不可判　UI=ERR/不可判,按补测条件复跑一轮
P3,L1 助手已收录,是,D 暂不可测,需输入事件回调实参（UI 输入处理器触发时才有）,InputStruct:GetKey(),Q-InputStructGetKey,InputStruct,GetKey,,Colon (Instance),UI,UI,ERR/不可判,ERR/不可判,无法验证：需输入事件回调实参（UI 输入处理器触发时才有）,,,,,,[作用] 获取当前按键事件的虚拟键码,,GP=ERR/不可判　UI=ERR/不可判,按补测条件复跑一轮
P3,L1 助手已收录,是,D 暂不可测,需输入事件回调实参（UI 输入处理器触发时才有）,InputStruct:GetMessageType(),Q-InputStructGetMessageType,InputStruct,GetMessageType,,Colon (Instance),UI,UI,ERR/不可判,ERR/不可判,无法验证：需输入事件回调实参（UI 输入处理器触发时才有）,,,,,,[作用] 获取输入结构体的消息类型，用于判断按键事件类型或鼠标事件类型,,GP=ERR/不可判　UI=ERR/不可判,按补测条件复跑一轮
P3,L1 助手已收录,是,D 暂不可测,需输入事件回调实参（UI 输入处理器触发时才有）,InputStruct:GetMouseDX(),Q-InputStructGetMouseDX,InputStruct,GetMouseDX,,Colon (Instance),UI,UI,ERR/不可判,ERR/不可判,无法验证：需输入事件回调实参（UI 输入处理器触发时才有）,,,,,,[作用] 获取鼠标在 X 轴方向的移动量,,GP=ERR/不可判　UI=ERR/不可判,按补测条件复跑一轮
P3,L1 助手已收录,是,D 暂不可测,需输入事件回调实参（UI 输入处理器触发时才有）,InputStruct:GetMouseDY(),Q-InputStructGetMouseDY,InputStruct,GetMouseDY,,Colon (Instance),UI,UI,ERR/不可判,ERR/不可判,无法验证：需输入事件回调实参（UI 输入处理器触发时才有）,,,,,,[作用] 获取鼠标在 Y 轴上的移动增量（自上一帧以来）,,GP=ERR/不可判　UI=ERR/不可判,按补测条件复跑一轮
P3,L1 助手已收录,是,D 暂不可测,需输入事件回调实参（UI 输入处理器触发时才有）,InputStruct:GetTouchID(),Q-InputStructGetTouchID,InputStruct,GetTouchID,,Colon (Instance),UI,UI,ERR/不可判,ERR/不可判,无法验证：需输入事件回调实参（UI 输入处理器触发时才有）,,,,,,[作用] 获取当前输入事件的触摸点唯一标识符,,GP=ERR/不可判　UI=ERR/不可判,按补测条件复跑一轮
P3,L1 助手已收录,是,D 暂不可测,需输入事件回调实参（UI 输入处理器触发时才有）,InputStruct:GetWheel(),Q-InputStructGetWheel,InputStruct,GetWheel,,Colon (Instance),UI,UI,ERR/不可判,ERR/不可判,无法验证：需输入事件回调实参（UI 输入处理器触发时才有）,,,,,,[作用] 获取鼠标滚轮的滚动值,,GP=ERR/不可判　UI=ERR/不可判,按补测条件复跑一轮
P3,L1 助手已收录,是,D 暂不可测,需输入事件回调实参（UI 输入处理器触发时才有）,InputStruct:GetX(),Q-InputStructGetX,InputStruct,GetX,,Colon (Instance),UI,UI,ERR/不可判,ERR/不可判,无法验证：需输入事件回调实参（UI 输入处理器触发时才有）,,,,,,[作用] 获取输入事件（鼠标点击、移动、触摸等）的屏幕 X 坐标,,GP=ERR/不可判　UI=ERR/不可判,按补测条件复跑一轮
P3,L1 助手已收录,是,D 暂不可测,需输入事件回调实参（UI 输入处理器触发时才有）,InputStruct:GetY(),Q-InputStructGetY,InputStruct,GetY,,Colon (Instance),UI,UI,ERR/不可判,ERR/不可判,无法验证：需输入事件回调实参（UI 输入处理器触发时才有）,,,,,,[作用] 获取输入事件（鼠标或触摸）的屏幕 Y 坐标,,GP=ERR/不可判　UI=ERR/不可判,按补测条件复跑一轮
P3,L1 助手已收录,是,D 暂不可测,需输入事件回调实参（UI 输入处理器触发时才有）,InputStruct:IsAnyButtonDown(),Q-InputStructIsAnyButtonDown,InputStruct,IsAnyButtonDown,,Colon (Instance),UI,UI,ERR/不可判,ERR/不可判,无法验证：需输入事件回调实参（UI 输入处理器触发时才有）,,,,是,未在 lua 文件中找到此函数的使用,判断AnyButtonDown，返回 boolean,,GP=ERR/不可判　UI=ERR/不可判,按补测条件复跑一轮
P3,L1 助手已收录,是,D 暂不可测,需输入事件回调实参（UI 输入处理器触发时才有）,InputStruct:IsControlDown(),Q-InputStructIsControlDown,InputStruct,IsControlDown,,Colon (Instance),UI,UI,ERR/不可判,ERR/不可判,无法验证：需输入事件回调实参（UI 输入处理器触发时才有）,,,,,,[作用] 判断 Control 键是否处于按下状态,,GP=ERR/不可判　UI=ERR/不可判,按补测条件复跑一轮
P3,L1 助手已收录,是,D 暂不可测,需输入事件回调实参（UI 输入处理器触发时才有）,InputStruct:IsLButtonDown(),Q-InputStructIsLButtonDown,InputStruct,IsLButtonDown,,Colon (Instance),UI,UI,ERR/不可判,ERR/不可判,无法验证：需输入事件回调实参（UI 输入处理器触发时才有）,,,,,,[作用] 判断鼠标左键是否处于按下状态,,GP=ERR/不可判　UI=ERR/不可判,按补测条件复跑一轮
P3,L1 助手已收录,是,D 暂不可测,需输入事件回调实参（UI 输入处理器触发时才有）,InputStruct:IsMButtonDown(),Q-InputStructIsMButtonDown,InputStruct,IsMButtonDown,,Colon (Instance),UI,UI,ERR/不可判,ERR/不可判,无法验证：需输入事件回调实参（UI 输入处理器触发时才有）,,,,,,[作用] 判断鼠标中键是否按下,,GP=ERR/不可判　UI=ERR/不可判,按补测条件复跑一轮
P3,L1 助手已收录,是,D 暂不可测,需输入事件回调实参（UI 输入处理器触发时才有）,InputStruct:IsRButtonDown(),Q-InputStructIsRButtonDown,InputStruct,IsRButtonDown,,Colon (Instance),UI,UI,ERR/不可判,ERR/不可判,无法验证：需输入事件回调实参（UI 输入处理器触发时才有）,,,,,,[作用] 判断鼠标右键是否按下，用于 UI 输入处理器中检测右键操作,,GP=ERR/不可判　UI=ERR/不可判,按补测条件复跑一轮
P3,L1 助手已收录,是,D 暂不可测,需输入事件回调实参（UI 输入处理器触发时才有）,InputStruct:IsShiftDown(),Q-InputStructIsShiftDown,InputStruct,IsShiftDown,,Colon (Instance),UI,UI,ERR/不可判,ERR/不可判,无法验证：需输入事件回调实参（UI 输入处理器触发时才有）,,,,,,[作用] 判断 Shift 键在本次输入事件中是否按下,,GP=ERR/不可判　UI=ERR/不可判,按补测条件复跑一轮
P3,L1 助手已收录,是,D 暂不可测,需进行中的外交交易会话（Deal 内条目）,DiplomacyDealItem (Context),O-DiplomacyDealItem,DiplomacyDealItem,,,Colon (Instance),Both,Both,nil/不可判,nil/不可判,无法验证：需进行中的外交交易会话（Deal 内条目）,,,,,,DiplomacyDealItem 命名空间，包含 DiplomacyDealItem 相关的子函数,,GP=nil/不可判　UI=nil/不可判,按补测条件复跑一轮
P3,L1 助手已收录,是,D 暂不可测,需进行中的外交交易会话（Deal 内条目）,DiplomacyDealItem:GetAmount(),Q-DiplomacyDealItemGetAmount,DiplomacyDealItem,GetAmount,,Colon (Instance),Both,Both,ERR/不可判,ERR/不可判,无法验证：需进行中的外交交易会话（Deal 内条目）,,,,,,[作用] 获取交易项目的金额,,GP=ERR/不可判　UI=ERR/不可判,按补测条件复跑一轮
P3,L1 助手已收录,是,D 暂不可测,需进行中的外交交易会话（Deal 内条目）,DiplomacyDealItem:GetDuration(),Q-DiplomacyDealItemGetDuration,DiplomacyDealItem,GetDuration,,Colon (Instance),Both,Both,ERR/不可判,ERR/不可判,无法验证：需进行中的外交交易会话（Deal 内条目）,,,,,,[作用] 获取 DiplomacyDealItem 的交易持续回合数,,GP=ERR/不可判　UI=ERR/不可判,按补测条件复跑一轮
P3,L1 助手已收录,是,D 暂不可测,需进行中的外交交易会话（Deal 内条目）,DiplomacyDealItem:GetEnactedTurn(),Q-DiplomacyDealItemGetEnactedTurn,DiplomacyDealItem,GetEnactedTurn,,Colon (Instance),Both,Both,ERR/不可判,ERR/不可判,无法验证：需进行中的外交交易会话（Deal 内条目）,,,,,,[作用] 返回交易生效时的游戏回合数,,GP=ERR/不可判　UI=ERR/不可判,按补测条件复跑一轮
P3,L1 助手已收录,是,D 暂不可测,需进行中的外交交易会话（Deal 内条目）,DiplomacyDealItem:GetEndTurn(),Q-DiplomacyDealItemGetEndTurn,DiplomacyDealItem,GetEndTurn,,Colon (Instance),Both,Both,ERR/不可判,ERR/不可判,无法验证：需进行中的外交交易会话（Deal 内条目）,,,,,,[作用] 获取外交协议项目的结束回合数,,GP=ERR/不可判　UI=ERR/不可判,按补测条件复跑一轮
P3,L1 助手已收录,是,D 暂不可测,需进行中的外交交易会话（Deal 内条目）,DiplomacyDealItem:GetFromPlayerID(),Q-DiplomacyDealItemGetFromPlayerID,DiplomacyDealItem,GetFromPlayerID,,Colon (Instance),Both,Both,ERR/不可判,ERR/不可判,无法验证：需进行中的外交交易会话（Deal 内条目）,,,,,,[作用] 获取交易项的提供方玩家ID,,GP=ERR/不可判　UI=ERR/不可判,按补测条件复跑一轮
P3,L1 助手已收录,是,D 暂不可测,需进行中的外交交易会话（Deal 内条目）,DiplomacyDealItem:GetID(),Q-DiplomacyDealItemGetID,DiplomacyDealItem,GetID,,Colon (Instance),Both,Both,ERR/不可判,ERR/不可判,无法验证：需进行中的外交交易会话（Deal 内条目）,,,,,,[作用] 获取交易项的唯一标识符,,GP=ERR/不可判　UI=ERR/不可判,按补测条件复跑一轮
P3,L1 助手已收录,是,D 暂不可测,需进行中的外交交易会话（Deal 内条目）,DiplomacyDealItem:GetMaxAmount(),Q-DiplomacyDealItemGetMaxAmount,DiplomacyDealItem,GetMaxAmount,,Colon (Instance),Both,Both,ERR/不可判,ERR/不可判,无法验证：需进行中的外交交易会话（Deal 内条目）,,,,,,[作用] 获取外交交易项可设置的最大数量，用于限制交易数量上限,,GP=ERR/不可判　UI=ERR/不可判,按补测条件复跑一轮
P3,L1 助手已收录,是,D 暂不可测,需进行中的外交交易会话（Deal 内条目）,DiplomacyDealItem:GetMinAmount(),Q-DiplomacyDealItemGetMinAmount,DiplomacyDealItem,GetMinAmount,,Colon (Instance),Both,Both,ERR/不可判,ERR/不可判,无法验证：需进行中的外交交易会话（Deal 内条目）,,,,是,未在 lua 文件中找到此函数的使用,获取MinAmount,,GP=ERR/不可判　UI=ERR/不可判,按补测条件复跑一轮
P3,L1 助手已收录,是,D 暂不可测,需进行中的外交交易会话（Deal 内条目）,DiplomacyDealItem:GetParameterValue(),Q-DiplomacyDealItemGetParameterValue,DiplomacyDealItem,GetParameterValue,,Colon (Instance),Both,Both,ERR/不可判,ERR/不可判,无法验证：需进行中的外交交易会话（Deal 内条目）,,,,,,[作用] 获取交易项中指定名称的参数值,,GP=ERR/不可判　UI=ERR/不可判,按补测条件复跑一轮
P3,L1 助手已收录,是,D 暂不可测,需进行中的外交交易会话（Deal 内条目）,DiplomacyDealItem:GetParentID(),Q-DiplomacyDealItemGetParentID,DiplomacyDealItem,GetParentID,,Colon (Instance),Both,Both,ERR/不可判,ERR/不可判,无法验证：需进行中的外交交易会话（Deal 内条目）,,,,是,未在 lua 文件中找到此函数的使用,获取ParentID,,GP=ERR/不可判　UI=ERR/不可判,按补测条件复跑一轮
P3,L1 助手已收录,是,D 暂不可测,需进行中的外交交易会话（Deal 内条目）,DiplomacyDealItem:GetPlayerIDs(),Q-DiplomacyDealItemGetPlayerIDs,DiplomacyDealItem,GetPlayerIDs,,Colon (Instance),Both,Both,ERR/不可判,ERR/不可判,无法验证：需进行中的外交交易会话（Deal 内条目）,,,,是,未在 lua 文件中找到此函数的使用,获取PlayerIDs,,GP=ERR/不可判　UI=ERR/不可判,按补测条件复跑一轮
P3,L1 助手已收录,是,D 暂不可测,需进行中的外交交易会话（Deal 内条目）,DiplomacyDealItem:GetSubType(),Q-DiplomacyDealItemGetSubType,DiplomacyDealItem,GetSubType,,Colon (Instance),Both,Both,ERR/不可判,ERR/不可判,无法验证：需进行中的外交交易会话（Deal 内条目）,,,,,,[作用] 获取交易项的子类型编号（枚举值），含义取决于交易项类型,,GP=ERR/不可判　UI=ERR/不可判,按补测条件复跑一轮
P3,L1 助手已收录,是,D 暂不可测,需进行中的外交交易会话（Deal 内条目）,DiplomacyDealItem:GetSubTypeID(),Q-DiplomacyDealItemGetSubTypeID,DiplomacyDealItem,GetSubTypeID,,Colon (Instance),Both,Both,ERR/不可判,ERR/不可判,无法验证：需进行中的外交交易会话（Deal 内条目）,,,,是,未在 lua 文件中找到此函数的使用,获取SubTypeID,,GP=ERR/不可判　UI=ERR/不可判,按补测条件复跑一轮
P3,L1 助手已收录,是,D 暂不可测,需进行中的外交交易会话（Deal 内条目）,DiplomacyDealItem:GetSubTypeNameID(),Q-DiplomacyDealItemGetSubTypeNameID,DiplomacyDealItem,GetSubTypeNameID,,Colon (Instance),Both,Both,ERR/不可判,ERR/不可判,无法验证：需进行中的外交交易会话（Deal 内条目）,,,,,,[作用] 获取交易项目子类型的本地化显示名称键,,GP=ERR/不可判　UI=ERR/不可判,按补测条件复跑一轮
P3,L1 助手已收录,是,D 暂不可测,需进行中的外交交易会话（Deal 内条目）,DiplomacyDealItem:GetToPlayerID(),Q-DiplomacyDealItemGetToPlayerID,DiplomacyDealItem,GetToPlayerID,,Colon (Instance),Both,Both,ERR/不可判,ERR/不可判,无法验证：需进行中的外交交易会话（Deal 内条目）,,,,,,[作用] 获取 DiplomacyDealItem 交易项的接收方玩家 ID,,GP=ERR/不可判　UI=ERR/不可判,按补测条件复跑一轮
P3,L1 助手已收录,是,D 暂不可测,需进行中的外交交易会话（Deal 内条目）,DiplomacyDealItem:GetType(),Q-DiplomacyDealItemGetType,DiplomacyDealItem,GetType,,Colon (Instance),Both,Both,ERR/不可判,ERR/不可判,无法验证：需进行中的外交交易会话（Deal 内条目）,,,,,,[作用] 获取交易条目（DealItem）的类型ID，用于判断该条目属于哪种交易类型（金币、资源、协议等）,,GP=ERR/不可判　UI=ERR/不可判,按补测条件复跑一轮
P3,L1 助手已收录,是,D 暂不可测,需进行中的外交交易会话（Deal 内条目）,DiplomacyDealItem:GetValueCategory(),Q-DiplomacyDealItemGetValueCategory,DiplomacyDealItem,GetValueCategory,,Colon (Instance),Both,Both,ERR/不可判,ERR/不可判,无法验证：需进行中的外交交易会话（Deal 内条目）,,,,是,未在 lua 文件中找到此函数的使用,获取ValueCategory,,GP=ERR/不可判　UI=ERR/不可判,按补测条件复跑一轮
P3,L1 助手已收录,是,D 暂不可测,需进行中的外交交易会话（Deal 内条目）,DiplomacyDealItem:GetValueType(),Q-DiplomacyDealItemGetValueType,DiplomacyDealItem,GetValueType,,Colon (Instance),Both,Both,ERR/不可判,ERR/不可判,无法验证：需进行中的外交交易会话（Deal 内条目）,,,,,,[作用] 获取交易项目的值类型标识符,,GP=ERR/不可判　UI=ERR/不可判,按补测条件复跑一轮
P3,L1 助手已收录,是,D 暂不可测,需进行中的外交交易会话（Deal 内条目）,DiplomacyDealItem:GetValueTypeID(),Q-DiplomacyDealItemGetValueTypeID,DiplomacyDealItem,GetValueTypeID,,Colon (Instance),Both,Both,ERR/不可判,ERR/不可判,无法验证：需进行中的外交交易会话（Deal 内条目）,,,,,,[作用] 获取交易项的值类型标识符字符串,,GP=ERR/不可判　UI=ERR/不可判,按补测条件复跑一轮
P3,L1 助手已收录,是,D 暂不可测,需进行中的外交交易会话（Deal 内条目）,DiplomacyDealItem:GetValueTypeNameID(),Q-DiplomacyDealItemGetValueTypeNameID,DiplomacyDealItem,GetValueTypeNameID,,Colon (Instance),Both,Both,ERR/不可判,ERR/不可判,无法验证：需进行中的外交交易会话（Deal 内条目）,,,,,,[作用] 获取交易项目的值类型名称标识（本地化 key）,,GP=ERR/不可判　UI=ERR/不可判,按补测条件复跑一轮
P3,L1 助手已收录,是,D 暂不可测,需进行中的外交交易会话（Deal 内条目）,DiplomacyDealItem:HasPossibleAmounts(),Q-DiplomacyDealItemHasPossibleAmounts,DiplomacyDealItem,HasPossibleAmounts,,Colon (Instance),Both,Both,ERR/不可判,ERR/不可判,无法验证：需进行中的外交交易会话（Deal 内条目）,,,,,,[作用] 判断交易项是否具有可调整的数量选项,,GP=ERR/不可判　UI=ERR/不可判,按补测条件复跑一轮
P3,L1 助手已收录,是,D 暂不可测,需进行中的外交交易会话（Deal 内条目）,DiplomacyDealItem:HasPossibleDurations(),Q-DiplomacyDealItemHasPossibleDurations,DiplomacyDealItem,HasPossibleDurations,,Colon (Instance),Both,Both,ERR/不可判,ERR/不可判,无法验证：需进行中的外交交易会话（Deal 内条目）,,,,是,未在 lua 文件中找到此函数的使用,判断PossibleDurations,,GP=ERR/不可判　UI=ERR/不可判,按补测条件复跑一轮
P3,L1 助手已收录,是,D 暂不可测,需进行中的外交交易会话（Deal 内条目）,DiplomacyDealItem:HasPossibleValues(),Q-DiplomacyDealItemHasPossibleValues,DiplomacyDealItem,HasPossibleValues,,Colon (Instance),Both,Both,ERR/不可判,ERR/不可判,无法验证：需进行中的外交交易会话（Deal 内条目）,,,,,,[作用] 判断交易项是否包含一组可选值供玩家选择（如不同的资源种类）,,GP=ERR/不可判　UI=ERR/不可判,按补测条件复跑一轮
P3,L1 助手已收录,是,D 暂不可测,需进行中的外交交易会话（Deal 内条目）,DiplomacyDealItem:IsChild(),Q-DiplomacyDealItemIsChild,DiplomacyDealItem,IsChild,,Colon (Instance),Both,Both,ERR/不可判,ERR/不可判,无法验证：需进行中的外交交易会话（Deal 内条目）,,,,是,未在 lua 文件中找到此函数的使用,判断Child，返回 boolean,,GP=ERR/不可判　UI=ERR/不可判,按补测条件复跑一轮
P3,L1 助手已收录,是,D 暂不可测,需进行中的外交交易会话（Deal 内条目）,DiplomacyDealItem:IsExpired(),Q-DiplomacyDealItemIsExpired,DiplomacyDealItem,IsExpired,,Colon (Instance),Both,Both,ERR/不可判,ERR/不可判,无法验证：需进行中的外交交易会话（Deal 内条目）,,,,是,未在 lua 文件中找到此函数的使用,判断Expired，返回 boolean,,GP=ERR/不可判　UI=ERR/不可判,按补测条件复跑一轮
P3,L1 助手已收录,是,D 暂不可测,需进行中的外交交易会话（Deal 内条目）,DiplomacyDealItem:IsLocked(),Q-DiplomacyDealItemIsLocked,DiplomacyDealItem,IsLocked,,Colon (Instance),Both,Both,ERR/不可判,ERR/不可判,无法验证：需进行中的外交交易会话（Deal 内条目）,,,,,,[作用] 查询交易项是否被锁定，锁定后不可删除或修改,,GP=ERR/不可判　UI=ERR/不可判,按补测条件复跑一轮
P3,L1 助手已收录,是,D 暂不可测,需进行中的外交交易会话（Deal 内条目）,DiplomacyDealItem:IsUnacceptable(),Q-DiplomacyDealItemIsUnacceptable,DiplomacyDealItem,IsUnacceptable,,Colon (Instance),Both,Both,ERR/不可判,ERR/不可判,无法验证：需进行中的外交交易会话（Deal 内条目）,,,,,,[作用] 判断交易项是否被标记为不可接受（Unacceptable），即对方要求的该项对本方来说无法接受,,GP=ERR/不可判　UI=ERR/不可判,按补测条件复跑一轮
P3,L1 助手已收录,是,D 暂不可测,需进行中的外交交易会话（Deal 内条目）,DiplomacyDealItem:IsValid(),Q-DiplomacyDealItemIsValid,DiplomacyDealItem,IsValid,,Colon (Instance),Both,Both,ERR/不可判,ERR/不可判,无法验证：需进行中的外交交易会话（Deal 内条目）,,,,,,[作用] 验证交易项是否有效，检查数量、持续时间等是否超出可交易范围,,GP=ERR/不可判　UI=ERR/不可判,按补测条件复跑一轮
P3,L1 助手已收录,是,D 暂不可测,需进行中的外交交易会话（Deal 内条目）,DiplomacyDealItem:SetAmount(),A-DiplomacyDealItemSetAmount,DiplomacyDealItem,SetAmount,,Colon (Instance),Both,Both,ERR/不可判,ERR/不可判,无法验证：需进行中的外交交易会话（Deal 内条目）,,,,,,[作用] 设置交易项的数量（金币、资源、青睐等）,,GP=ERR/不可判　UI=ERR/不可判,按补测条件复跑一轮
P3,L1 助手已收录,是,D 暂不可测,需进行中的外交交易会话（Deal 内条目）,DiplomacyDealItem:SetDuration(),A-DiplomacyDealItemSetDuration,DiplomacyDealItem,SetDuration,,Colon (Instance),Both,Both,ERR/不可判,ERR/不可判,无法验证：需进行中的外交交易会话（Deal 内条目）,,,,,,[作用] 设置外交交易项目的持续回合数,,GP=ERR/不可判　UI=ERR/不可判,按补测条件复跑一轮
P3,L1 助手已收录,是,D 暂不可测,需进行中的外交交易会话（Deal 内条目）,DiplomacyDealItem:SetFromPlayerID(),Q-DiplomacyDealItemSetFromPlayerID,DiplomacyDealItem,SetFromPlayerID,,Colon (Instance),Both,Both,ERR/不可判,ERR/不可判,无法验证：需进行中的外交交易会话（Deal 内条目）,,,,是,未在 lua 文件中找到此函数的使用,设置FromPlayerID,,GP=ERR/不可判　UI=ERR/不可判,按补测条件复跑一轮
P3,L1 助手已收录,是,D 暂不可测,需进行中的外交交易会话（Deal 内条目）,DiplomacyDealItem:SetLocked(),A-DiplomacyDealItemSetLocked,DiplomacyDealItem,SetLocked,,Colon (Instance),Both,Both,ERR/不可判,ERR/不可判,无法验证：需进行中的外交交易会话（Deal 内条目）,,,,,,[作用] 锁定交易项，防止在交易界面中被用户修改或移除,,GP=ERR/不可判　UI=ERR/不可判,按补测条件复跑一轮
P3,L1 助手已收录,是,D 暂不可测,需进行中的外交交易会话（Deal 内条目）,DiplomacyDealItem:SetParameterValue(),A-DiplomacyDealItemSetParameterValue,DiplomacyDealItem,SetParameterValue,,Colon (Instance),Both,Both,ERR/不可判,ERR/不可判,无法验证：需进行中的外交交易会话（Deal 内条目）,,,,,,[作用] 在 DiplomacyDealItem 上设置指定名称的参数值,,GP=ERR/不可判　UI=ERR/不可判,按补测条件复跑一轮
P3,L1 助手已收录,是,D 暂不可测,需进行中的外交交易会话（Deal 内条目）,DiplomacyDealItem:SetPlayerIDs(),A-DiplomacyDealItemSetPlayerIDs,DiplomacyDealItem,SetPlayerIDs,,Colon (Instance),Both,Both,ERR/不可判,ERR/不可判,无法验证：需进行中的外交交易会话（Deal 内条目）,,,,是,未在 lua 文件中找到此函数的使用,设置PlayerIDs,,GP=ERR/不可判　UI=ERR/不可判,按补测条件复跑一轮
P3,L1 助手已收录,是,D 暂不可测,需进行中的外交交易会话（Deal 内条目）,DiplomacyDealItem:SetSubType(),A-DiplomacyDealItemSetSubType,DiplomacyDealItem,SetSubType,,Colon (Instance),Both,Both,ERR/不可判,ERR/不可判,无法验证：需进行中的外交交易会话（Deal 内条目）,,,,,,[作用] 设置交易项的子类型，根据 DealItemTypes 的不同使用不同的子类型枚举,,GP=ERR/不可判　UI=ERR/不可判,按补测条件复跑一轮
P3,L1 助手已收录,是,D 暂不可测,需进行中的外交交易会话（Deal 内条目）,DiplomacyDealItem:SetToPlayerID(),A-DiplomacyDealItemSetToPlayerID,DiplomacyDealItem,SetToPlayerID,,Colon (Instance),Both,Both,ERR/不可判,ERR/不可判,无法验证：需进行中的外交交易会话（Deal 内条目）,,,,是,未在 lua 文件中找到此函数的使用,设置ToPlayerID,,GP=ERR/不可判　UI=ERR/不可判,按补测条件复跑一轮
P3,L1 助手已收录,是,D 暂不可测,需进行中的外交交易会话（Deal 内条目）,DiplomacyDealItem:SetValueType(),A-DiplomacyDealItemSetValueType,DiplomacyDealItem,SetValueType,,Colon (Instance),Both,Both,ERR/不可判,ERR/不可判,无法验证：需进行中的外交交易会话（Deal 内条目）,,,,,,[作用] 设置交易项的值类型，用于指定交易的具体内容（如联盟类型、资源类型等）,,GP=ERR/不可判　UI=ERR/不可判,按补测条件复跑一轮
P3,L1 助手已收录,是,D 暂不可测,需进行中的外交交易会话（DealManager 取出 Deal 实例）,DiplomacyDeal (Context),O-DiplomacyDeal,DiplomacyDeal,,,Colon (Instance),Both,Both,nil/不可判,nil/不可判,无法验证：需进行中的外交交易会话（DealManager 取出 Deal 实例）,,,,,,DiplomacyDeal 命名空间，包含 DiplomacyDeal 相关的子函数,,GP=nil/不可判　UI=nil/不可判,按补测条件复跑一轮
P3,L1 助手已收录,是,D 暂不可测,需进行中的外交交易会话（DealManager 取出 Deal 实例）,DiplomacyDeal:AddItemOfType(),A-DiplomacyDealAddItemOfType,DiplomacyDeal,AddItemOfType,,Colon (Instance),Both,Both,ERR/不可判,ERR/不可判,无法验证：需进行中的外交交易会话（DealManager 取出 Deal 实例）,,,,,,[作用] 向交易中添加指定类型的新交易项,,GP=ERR/不可判　UI=ERR/不可判,按补测条件复跑一轮
P3,L1 助手已收录,是,D 暂不可测,需进行中的外交交易会话（DealManager 取出 Deal 实例）,DiplomacyDeal:ClearItemsByType(),Q-DiplomacyDealClearItemsByType,DiplomacyDeal,ClearItemsByType,,Colon (Instance),Both,Both,ERR/不可判,ERR/不可判,无法验证：需进行中的外交交易会话（DealManager 取出 Deal 实例）,,,,是,未在 lua 文件中找到此函数的使用,查询 ClearItemsByType,,GP=ERR/不可判　UI=ERR/不可判,按补测条件复跑一轮
P3,L1 助手已收录,是,D 暂不可测,需进行中的外交交易会话（DealManager 取出 Deal 实例）,DiplomacyDeal:ClearItemsByValue(),A-DiplomacyDealClearItemsByValue,DiplomacyDeal,ClearItemsByValue,,Colon (Instance),Both,Both,ERR/不可判,ERR/不可判,无法验证：需进行中的外交交易会话（DealManager 取出 Deal 实例）,,,,是,未在 lua 文件中找到此函数的使用,执行 ClearItemsByValue,,GP=ERR/不可判　UI=ERR/不可判,按补测条件复跑一轮
P3,L1 助手已收录,是,D 暂不可测,需进行中的外交交易会话（DealManager 取出 Deal 实例）,DiplomacyDeal:FindItemByID(),Q-DiplomacyDealFindItemByID,DiplomacyDeal,FindItemByID,,Colon (Instance),Both,Both,ERR/不可判,ERR/不可判,无法验证：需进行中的外交交易会话（DealManager 取出 Deal 实例）,,,,,,[作用] 根据 ID 查找交易中的交易项对象,,GP=ERR/不可判　UI=ERR/不可判,按补测条件复跑一轮
P3,L1 助手已收录,是,D 暂不可测,需进行中的外交交易会话（DealManager 取出 Deal 实例）,DiplomacyDeal:FindItemByType(),Q-DiplomacyDealFindItemByType,DiplomacyDeal,FindItemByType,,Colon (Instance),Both,Both,ERR/不可判,ERR/不可判,无法验证：需进行中的外交交易会话（DealManager 取出 Deal 实例）,,,,,,[作用] 在交易中查找指定类型的交易项,,GP=ERR/不可判　UI=ERR/不可判,按补测条件复跑一轮
P3,L1 助手已收录,是,D 暂不可测,需进行中的外交交易会话（DealManager 取出 Deal 实例）,DiplomacyDeal:FindItemByValueType(),Q-DiplomacyDealFindItemByValueType,DiplomacyDeal,FindItemByValueType,,Colon (Instance),Both,Both,ERR/不可判,ERR/不可判,无法验证：需进行中的外交交易会话（DealManager 取出 Deal 实例）,,,,,,[作用] 在交易中查找指定类型和值的交易项，用于判断交易中是否已存在某项,,GP=ERR/不可判　UI=ERR/不可判,按补测条件复跑一轮
P3,L1 助手已收录,是,D 暂不可测,需进行中的外交交易会话（DealManager 取出 Deal 实例）,DiplomacyDeal:FindItemsByType(),Q-DiplomacyDealFindItemsByType,DiplomacyDeal,FindItemsByType,,Colon (Instance),Both,Both,ERR/不可判,ERR/不可判,无法验证：需进行中的外交交易会话（DealManager 取出 Deal 实例）,,,,,,从交易中查找指定类型和子类型的交易条目，返回匹配的条目数组,,GP=ERR/不可判　UI=ERR/不可判,按补测条件复跑一轮
P3,L1 助手已收录,是,D 暂不可测,需进行中的外交交易会话（DealManager 取出 Deal 实例）,DiplomacyDeal:FindItemsByValueType(),Q-DiplomacyDealFindItemsByValueType,DiplomacyDeal,FindItemsByValueType,,Colon (Instance),Both,Both,ERR/不可判,ERR/不可判,无法验证：需进行中的外交交易会话（DealManager 取出 Deal 实例）,,,,是,未在 lua 文件中找到此函数的使用,查找ItemsByValueType，返回 table,,GP=ERR/不可判　UI=ERR/不可判,按补测条件复跑一轮
P3,L1 助手已收录,是,D 暂不可测,需进行中的外交交易会话（DealManager 取出 Deal 实例）,DiplomacyDeal:GetItemCount(),Q-DiplomacyDealGetItemCount,DiplomacyDeal,GetItemCount,,Colon (Instance),Both,Both,ERR/不可判,ERR/不可判,无法验证：需进行中的外交交易会话（DealManager 取出 Deal 实例）,,,,,,[作用] 获取外交交易中的物品数量,,GP=ERR/不可判　UI=ERR/不可判,按补测条件复跑一轮
P3,L1 助手已收录,是,D 暂不可测,需进行中的外交交易会话（DealManager 取出 Deal 实例）,DiplomacyDeal:GetItemParent(),Q-DiplomacyDealGetItemParent,DiplomacyDeal,GetItemParent,,Colon (Instance),Both,Both,ERR/不可判,ERR/不可判,无法验证：需进行中的外交交易会话（DealManager 取出 Deal 实例）,,,,,,[作用] 获取交易项的父项（如城市的子资源或巨作项）,,GP=ERR/不可判　UI=ERR/不可判,按补测条件复跑一轮
P3,L1 助手已收录,是,D 暂不可测,需进行中的外交交易会话（DealManager 取出 Deal 实例）,DiplomacyDeal:GetOtherPlayerID(),Q-DiplomacyDealGetOtherPlayerID,DiplomacyDeal,GetOtherPlayerID,,Colon (Instance),Both,Both,ERR/不可判,ERR/不可判,无法验证：需进行中的外交交易会话（DealManager 取出 Deal 实例）,,,,是,未在 lua 文件中找到此函数的使用,获取OtherPlayerID，返回 number,,GP=ERR/不可判　UI=ERR/不可判,按补测条件复跑一轮
P3,L1 助手已收录,是,D 暂不可测,需进行中的外交交易会话（DealManager 取出 Deal 实例）,DiplomacyDeal:GetPlayer1ID(),Q-DiplomacyDealGetPlayer1ID,DiplomacyDeal,GetPlayer1ID,,Colon (Instance),Both,Both,ERR/不可判,ERR/不可判,无法验证：需进行中的外交交易会话（DealManager 取出 Deal 实例）,,,,是,未在 lua 文件中找到此函数的使用,获取Player1ID，返回 number,,GP=ERR/不可判　UI=ERR/不可判,按补测条件复跑一轮
P3,L1 助手已收录,是,D 暂不可测,需进行中的外交交易会话（DealManager 取出 Deal 实例）,DiplomacyDeal:GetPlayer2ID(),Q-DiplomacyDealGetPlayer2ID,DiplomacyDeal,GetPlayer2ID,,Colon (Instance),Both,Both,ERR/不可判,ERR/不可判,无法验证：需进行中的外交交易会话（DealManager 取出 Deal 实例）,,,,是,未在 lua 文件中找到此函数的使用,获取Player2ID，返回 number,,GP=ERR/不可判　UI=ERR/不可判,按补测条件复跑一轮
P3,L1 助手已收录,是,D 暂不可测,需进行中的外交交易会话（DealManager 取出 Deal 实例）,DiplomacyDeal:HasUnacceptableItems(),Q-DiplomacyDealHasUnacceptableItems,DiplomacyDeal,HasUnacceptableItems,,Colon (Instance),Both,Both,ERR/不可判,ERR/不可判,无法验证：需进行中的外交交易会话（DealManager 取出 Deal 实例）,,,,,,[作用] 检查 DiplomacyDeal 中是否有不可接受的交易项,,GP=ERR/不可判　UI=ERR/不可判,按补测条件复跑一轮
P3,L1 助手已收录,是,D 暂不可测,需进行中的外交交易会话（DealManager 取出 Deal 实例）,DiplomacyDeal:IsDemand(),Q-DiplomacyDealIsDemand,DiplomacyDeal,IsDemand,,Colon (Instance),Both,Both,ERR/不可判,ERR/不可判,无法验证：需进行中的外交交易会话（DealManager 取出 Deal 实例）,,,,是,未在 lua 文件中找到此函数的使用,判断Demand，返回 boolean,,GP=ERR/不可判　UI=ERR/不可判,按补测条件复跑一轮
P3,L1 助手已收录,是,D 暂不可测,需进行中的外交交易会话（DealManager 取出 Deal 实例）,DiplomacyDeal:IsGift(),Q-DiplomacyDealIsGift,DiplomacyDeal,IsGift,,Colon (Instance),Both,Both,ERR/不可判,ERR/不可判,无法验证：需进行中的外交交易会话（DealManager 取出 Deal 实例）,,,,,,[作用] 判断交易是否为单向礼物（一方提供物品而另一方不提供）,,GP=ERR/不可判　UI=ERR/不可判,按补测条件复跑一轮
P3,L1 助手已收录,是,D 暂不可测,需进行中的外交交易会话（DealManager 取出 Deal 实例）,DiplomacyDeal:IsValid(),Q-DiplomacyDealIsValid,DiplomacyDeal,IsValid,,Colon (Instance),Both,Both,ERR/不可判,ERR/不可判,无法验证：需进行中的外交交易会话（DealManager 取出 Deal 实例）,,,,,,[作用] 判断交易是否有效,,GP=ERR/不可判　UI=ERR/不可判,按补测条件复跑一轮
P3,L1 助手已收录,是,D 暂不可测,需进行中的外交交易会话（DealManager 取出 Deal 实例）,DiplomacyDeal:Items(),Q-DiplomacyDealItems,DiplomacyDeal,Items,,Colon (Instance),Both,Both,ERR/不可判,ERR/不可判,无法验证：需进行中的外交交易会话（DealManager 取出 Deal 实例）,,,,,,[作用] 遍历 DiplomacyDeal 中的所有交易项目，用于迭代访问每个 DealItem,,GP=ERR/不可判　UI=ERR/不可判,按补测条件复跑一轮
P3,L1 助手已收录,是,D 暂不可测,需进行中的外交交易会话（DealManager 取出 Deal 实例）,DiplomacyDeal:RemoveItem(),A-DiplomacyDealRemoveItem,DiplomacyDeal,RemoveItem,,Colon (Instance),Both,Both,ERR/不可判,ERR/不可判,无法验证：需进行中的外交交易会话（DealManager 取出 Deal 实例）,,,,,,[作用] 从 DiplomacyDeal 中移除指定 ID 的交易项目,,GP=ERR/不可判　UI=ERR/不可判,按补测条件复跑一轮
P3,L1 助手已收录,是,D 暂不可测,需进行中的外交交易会话（DealManager 取出 Deal 实例）,DiplomacyDeal:RemoveItemByID(),A-DiplomacyDealRemoveItemByID,DiplomacyDeal,RemoveItemByID,,Colon (Instance),Both,Both,ERR/不可判,ERR/不可判,无法验证：需进行中的外交交易会话（DealManager 取出 Deal 实例）,,,,,,[作用] 从外交交易中移除指定 ID 的交易项,,GP=ERR/不可判　UI=ERR/不可判,按补测条件复跑一轮
P3,L1 助手已收录,是,D 暂不可测,需进行中的外交交易会话（DealManager 取出 Deal 实例）,DiplomacyDeal:SetUnacceptableItem(),A-DiplomacyDealSetUnacceptableItem,DiplomacyDeal,SetUnacceptableItem,,Colon (Instance),Both,Both,ERR/不可判,ERR/不可判,无法验证：需进行中的外交交易会话（DealManager 取出 Deal 实例）,,,,是,未在 lua 文件中找到此函数的使用,设置UnacceptableItem,,GP=ERR/不可判　UI=ERR/不可判,按补测条件复跑一轮
P3,L1 助手已收录,是,D 暂不可测,需进行中的外交交易会话（DealManager 取出 Deal 实例）,DiplomacyDeal:SetUnacceptableItemByID(),A-DiplomacyDealSetUnacceptableItemByID,DiplomacyDeal,SetUnacceptableItemByID,,Colon (Instance),Both,Both,ERR/不可判,ERR/不可判,无法验证：需进行中的外交交易会话（DealManager 取出 Deal 实例）,,,,,,[作用] 标记交易中的某个项为不可接受（Unacceptable），阻止该交易项参与交易,,GP=ERR/不可判　UI=ERR/不可判,按补测条件复跑一轮
P3,L1 助手已收录,是,D 暂不可测,需进行中的外交交易会话（DealManager 取出 Deal 实例）,DiplomacyDeal:Validate(),A-DiplomacyDealValidate,DiplomacyDeal,Validate,,Colon (Instance),Both,Both,ERR/不可判,ERR/不可判,无法验证：需进行中的外交交易会话（DealManager 取出 Deal 实例）,,,,,,[作用] 验证 DiplomacyDeal 的当前状态是否有效,,GP=ERR/不可判　UI=ERR/不可判,按补测条件复跑一轮
P4,L2 助手未收录,低（助手数据集已剔除该命名空间，可沿用）,A availability 标错,UI 专属模块被标 Both（需 include）,InstanceManager,C-InstanceManager,InstanceManager,,,Colon (Instance),Both,,nil/否,table/是,文档偏宽：GP 未见,,,,,,,,GP=nil（该上下文不存在此面）　UI=table,availability 改为 UI
P4,L2 助手未收录,低（助手数据集已剔除该命名空间，可沿用）,A availability 标错,UI 专属模块被标 Both（需 include）,InstanceManager.BuildInstance,A-InstanceManagerBuildInstance,InstanceManager,BuildInstance,,Colon (Instance),Both,,ERR/否,function/是,文档偏宽：GP 未见,,,,,,,,GP=ERR（该上下文不存在此面）　UI=function,availability 改为 UI
P4,L2 助手未收录,低（助手数据集已剔除该命名空间，可沿用）,A availability 标错,UI 专属模块被标 Both（需 include）,InstanceManager.DestroyInstances,A-InstanceManagerDestroyInstances,InstanceManager,DestroyInstances,,Colon (Instance),Both,,ERR/否,function/是,文档偏宽：GP 未见,,,,,,,,GP=ERR（该上下文不存在此面）　UI=function,availability 改为 UI
P4,L2 助手未收录,低（助手数据集已剔除该命名空间，可沿用）,A availability 标错,UI 专属模块被标 Both（需 include）,InstanceManager.FindInstanceByControl,Q-InstanceManagerFindInstanceByControl,InstanceManager,FindInstanceByControl,,Colon (Instance),Both,,ERR/否,function/是,文档偏宽：GP 未见,,,,,,,,GP=ERR（该上下文不存在此面）　UI=function,availability 改为 UI
P4,L2 助手未收录,低（助手数据集已剔除该命名空间，可沿用）,A availability 标错,UI 专属模块被标 Both（需 include）,InstanceManager.GetAllocatedInstance,Q-InstanceManagerGetAllocatedInstance,InstanceManager,GetAllocatedInstance,,Colon (Instance),Both,,ERR/否,function/是,文档偏宽：GP 未见,,,,,,,,GP=ERR（该上下文不存在此面）　UI=function,availability 改为 UI
P4,L2 助手未收录,低（助手数据集已剔除该命名空间，可沿用）,A availability 标错,UI 专属模块被标 Both（需 include）,InstanceManager.GetInstance,Q-InstanceManagerGetInstance,InstanceManager,GetInstance,,Colon (Instance),Both,,ERR/否,function/是,文档偏宽：GP 未见,,,,,,,,GP=ERR（该上下文不存在此面）　UI=function,availability 改为 UI
P4,L2 助手未收录,低（助手数据集已剔除该命名空间，可沿用）,A availability 标错,UI 专属模块被标 Both（需 include）,InstanceManager.ReleaseInstance,A-InstanceManagerReleaseInstance,InstanceManager,ReleaseInstance,,Colon (Instance),Both,,ERR/否,function/是,文档偏宽：GP 未见,,,,,,,,GP=ERR（该上下文不存在此面）　UI=function,availability 改为 UI
P4,L2 助手未收录,低（助手数据集已剔除该命名空间，可沿用）,A availability 标错,UI 专属模块被标 Both（需 include）,InstanceManager.ReleaseInstanceByParent,A-InstanceManagerReleaseInstanceByParent,InstanceManager,ReleaseInstanceByParent,,Colon (Instance),Both,,ERR/否,function/是,文档偏宽：GP 未见,,,,,,,,GP=ERR（该上下文不存在此面）　UI=function,availability 改为 UI
P4,L2 助手未收录,低（助手数据集已剔除该命名空间，可沿用）,A availability 标错,UI 专属模块被标 Both（需 include）,InstanceManager.ResetInstances,A-InstanceManagerResetInstances,InstanceManager,ResetInstances,,Colon (Instance),Both,,ERR/否,function/是,文档偏宽：GP 未见,,,,,,,,GP=ERR（该上下文不存在此面）　UI=function,availability 改为 UI
P4,L2 助手未收录,低（助手数据集已剔除该命名空间，可沿用）,A availability 标错,UI 专属模块被标 Both（需 include）,InstanceManager.new,A-InstanceManagernew,InstanceManager,new,,Colon (Instance),Both,,ERR/否,function/是,文档偏宽：GP 未见,,,,,,,,GP=ERR（该上下文不存在此面）　UI=function,availability 改为 UI
P4,L2 助手未收录,低（助手数据集已剔除该命名空间，可沿用）,A availability 标错,UI 专属模块被标 Both（需 include）,ToolTipHelper,C-ToolTipHelper,ToolTipHelper,,,Dot (Global),Both,,nil/否,table/是,文档偏宽：GP 未见,,,,,,,,GP=nil（该上下文不存在此面）　UI=table,availability 改为 UI
P4,L2 助手未收录,低（助手数据集已剔除该命名空间，可沿用）,A availability 标错,UI 专属模块被标 Both（需 include）,ToolTipHelper.GetAdjacencyBonuses,Q-ToolTipHelperGetAdjacencyBonuses,ToolTipHelper,GetAdjacencyBonuses,,Dot (Global),Both,,ERR/否,function/是,文档偏宽：GP 未见,,,,,,,,GP=ERR（该上下文不存在此面）　UI=function,availability 改为 UI
P4,L2 助手未收录,低（助手数据集已剔除该命名空间，可沿用）,A availability 标错,UI 专属模块被标 Both（需 include）,ToolTipHelper.GetBuildingToolTip,Q-ToolTipHelperGetBuildingToolTip,ToolTipHelper,GetBuildingToolTip,,Dot (Global),Both,,ERR/否,function/是,文档偏宽：GP 未见,,,,,,,,GP=ERR（该上下文不存在此面）　UI=function,availability 改为 UI
P4,L2 助手未收录,低（助手数据集已剔除该命名空间，可沿用）,A availability 标错,UI 专属模块被标 Both（需 include）,ToolTipHelper.GetCivicToolTip,Q-ToolTipHelperGetCivicToolTip,ToolTipHelper,GetCivicToolTip,,Dot (Global),Both,,ERR/否,function/是,文档偏宽：GP 未见,,,,,,,,GP=ERR（该上下文不存在此面）　UI=function,availability 改为 UI
P4,L2 助手未收录,低（助手数据集已剔除该命名空间，可沿用）,A availability 标错,UI 专属模块被标 Both（需 include）,ToolTipHelper.GetDiplomaticActionToolTip,Q-ToolTipHelperGetDiplomaticActionToolTip,ToolTipHelper,GetDiplomaticActionToolTip,,Dot (Global),Both,,ERR/否,function/是,文档偏宽：GP 未见,,,,,,,,GP=ERR（该上下文不存在此面）　UI=function,availability 改为 UI
P4,L2 助手未收录,低（助手数据集已剔除该命名空间，可沿用）,A availability 标错,UI 专属模块被标 Both（需 include）,ToolTipHelper.GetDistrictToolTip,Q-ToolTipHelperGetDistrictToolTip,ToolTipHelper,GetDistrictToolTip,,Dot (Global),Both,,ERR/否,function/是,文档偏宽：GP 未见,,,,,,,,GP=ERR（该上下文不存在此面）　UI=function,availability 改为 UI
P4,L2 助手未收录,低（助手数据集已剔除该命名空间，可沿用）,A availability 标错,UI 专属模块被标 Both（需 include）,ToolTipHelper.GetGovernmentToolTip,Q-ToolTipHelperGetGovernmentToolTip,ToolTipHelper,GetGovernmentToolTip,,Dot (Global),Both,,ERR/否,function/是,文档偏宽：GP 未见,,,,,,,,GP=ERR（该上下文不存在此面）　UI=function,availability 改为 UI
P4,L2 助手未收录,低（助手数据集已剔除该命名空间，可沿用）,A availability 标错,UI 专属模块被标 Both（需 include）,ToolTipHelper.GetImprovementToolTip,Q-ToolTipHelperGetImprovementToolTip,ToolTipHelper,GetImprovementToolTip,,Dot (Global),Both,,ERR/否,function/是,文档偏宽：GP 未见,,,,,,,,GP=ERR（该上下文不存在此面）　UI=function,availability 改为 UI
P4,L2 助手未收录,低（助手数据集已剔除该命名空间，可沿用）,A availability 标错,UI 专属模块被标 Both（需 include）,ToolTipHelper.GetPolicyToolTip,Q-ToolTipHelperGetPolicyToolTip,ToolTipHelper,GetPolicyToolTip,,Dot (Global),Both,,ERR/否,function/是,文档偏宽：GP 未见,,,,,,,,GP=ERR（该上下文不存在此面）　UI=function,availability 改为 UI
P4,L2 助手未收录,低（助手数据集已剔除该命名空间，可沿用）,A availability 标错,UI 专属模块被标 Both（需 include）,ToolTipHelper.GetProjectToolTip,Q-ToolTipHelperGetProjectToolTip,ToolTipHelper,GetProjectToolTip,,Dot (Global),Both,,ERR/否,function/是,文档偏宽：GP 未见,,,,,,,,GP=ERR（该上下文不存在此面）　UI=function,availability 改为 UI
P4,L2 助手未收录,低（助手数据集已剔除该命名空间，可沿用）,A availability 标错,UI 专属模块被标 Both（需 include）,ToolTipHelper.GetResourceToolTip,Q-ToolTipHelperGetResourceToolTip,ToolTipHelper,GetResourceToolTip,,Dot (Global),Both,,ERR/否,function/是,文档偏宽：GP 未见,,,,,,,,GP=ERR（该上下文不存在此面）　UI=function,availability 改为 UI
P4,L2 助手未收录,低（助手数据集已剔除该命名空间，可沿用）,A availability 标错,UI 专属模块被标 Both（需 include）,ToolTipHelper.GetRouteToolTip,Q-ToolTipHelperGetRouteToolTip,ToolTipHelper,GetRouteToolTip,,Dot (Global),Both,,ERR/否,function/是,文档偏宽：GP 未见,,,,,,,,GP=ERR（该上下文不存在此面）　UI=function,availability 改为 UI
P4,L2 助手未收录,低（助手数据集已剔除该命名空间，可沿用）,A availability 标错,UI 专属模块被标 Both（需 include）,ToolTipHelper.GetTechnologyToolTip,Q-ToolTipHelperGetTechnologyToolTip,ToolTipHelper,GetTechnologyToolTip,,Dot (Global),Both,,ERR/否,function/是,文档偏宽：GP 未见,,,,,,,,GP=ERR（该上下文不存在此面）　UI=function,availability 改为 UI
P4,L2 助手未收录,低（助手数据集已剔除该命名空间，可沿用）,A availability 标错,UI 专属模块被标 Both（需 include）,ToolTipHelper.GetToolTip,Q-ToolTipHelperGetToolTip,ToolTipHelper,GetToolTip,,Dot (Global),Both,,ERR/否,function/是,文档偏宽：GP 未见,,,,,,,,GP=ERR（该上下文不存在此面）　UI=function,availability 改为 UI
P4,L2 助手未收录,低（助手数据集已剔除该命名空间，可沿用）,A availability 标错,UI 专属模块被标 Both（需 include）,ToolTipHelper.GetUnitToolTip,Q-ToolTipHelperGetUnitToolTip,ToolTipHelper,GetUnitToolTip,,Dot (Global),Both,,ERR/否,function/是,文档偏宽：GP 未见,,,,,,,,GP=ERR（该上下文不存在此面）　UI=function,availability 改为 UI
P4,L2 助手未收录,低（助手数据集已剔除该命名空间，可沿用）,A availability 标错,UI 专属模块被标 Both（需 include）,TunerUtilities,C-TunerUtilities,TunerUtilities,,,Colon (Instance),Both,,nil/否,table/是,文档偏宽：GP 未见,,,,,,,,GP=nil（该上下文不存在此面）　UI=table,availability 改为 UI
P4,L2 助手未收录,低（助手数据集已剔除该命名空间，可沿用）,A availability 标错,UI 专属模块被标 Both（需 include）,TunerUtilities.FindControlFromPath,Q-TunerUtilitiesFindControlFromPath,TunerUtilities,FindControlFromPath,,Colon (Instance),Both,,ERR/否,function/是,文档偏宽：GP 未见,,,,,,,,GP=ERR（该上下文不存在此面）　UI=function,availability 改为 UI
P4,L2 助手未收录,低（助手数据集已剔除该命名空间，可沿用）,A availability 标错,UI 专属模块被标 Both（需 include）,TunerUtilities.FromCSV,Q-TunerUtilitiesFromCSV,TunerUtilities,FromCSV,,Colon (Instance),Both,,ERR/否,function/是,文档偏宽：GP 未见,,,,,,,,GP=ERR（该上下文不存在此面）　UI=function,availability 改为 UI
P4,L2 助手未收录,低（助手数据集已剔除该命名空间，可沿用）,A availability 标错,UI 专属模块被标 Both（需 include）,TunerUtilities.GetConsumeMouseButton,Q-TunerUtilitiesGetConsumeMouseButton,TunerUtilities,GetConsumeMouseButton,,Colon (Instance),Both,,ERR/否,function/是,文档偏宽：GP 未见,,,,,,,,GP=ERR（该上下文不存在此面）　UI=function,availability 改为 UI
P4,L2 助手未收录,低（助手数据集已剔除该命名空间，可沿用）,A availability 标错,UI 专属模块被标 Both（需 include）,TunerUtilities.GetConsumeMouseWheel,Q-TunerUtilitiesGetConsumeMouseWheel,TunerUtilities,GetConsumeMouseWheel,,Colon (Instance),Both,,ERR/否,function/是,文档偏宽：GP 未见,,,,,,,,GP=ERR（该上下文不存在此面）　UI=function,availability 改为 UI
P4,L2 助手未收录,低（助手数据集已剔除该命名空间，可沿用）,A availability 标错,UI 专属模块被标 Both（需 include）,TunerUtilities.GetConsumesAllMouse,Q-TunerUtilitiesGetConsumesAllMouse,TunerUtilities,GetConsumesAllMouse,,Colon (Instance),Both,,ERR/否,function/是,文档偏宽：GP 未见,,,,,,,,GP=ERR（该上下文不存在此面）　UI=function,availability 改为 UI
P4,L2 助手未收录,低（助手数据集已剔除该命名空间，可沿用）,A availability 标错,UI 专属模块被标 Both（需 include）,TunerUtilities.GetContextTree,Q-TunerUtilitiesGetContextTree,TunerUtilities,GetContextTree,,Colon (Instance),Both,,ERR/否,function/是,文档偏宽：GP 未见,,,,,,,,GP=ERR（该上下文不存在此面）　UI=function,availability 改为 UI
P4,L2 助手未收录,低（助手数据集已剔除该命名空间，可沿用）,A availability 标错,UI 专属模块被标 Both（需 include）,TunerUtilities.GetControlChildren,Q-TunerUtilitiesGetControlChildren,TunerUtilities,GetControlChildren,,Colon (Instance),Both,,ERR/否,function/是,文档偏宽：GP 未见,,,,,,,,GP=ERR（该上下文不存在此面）　UI=function,availability 改为 UI
P4,L2 助手未收录,低（助手数据集已剔除该命名空间，可沿用）,A availability 标错,UI 专属模块被标 Both（需 include）,TunerUtilities.GetControlString,Q-TunerUtilitiesGetControlString,TunerUtilities,GetControlString,,Colon (Instance),Both,,ERR/否,function/是,文档偏宽：GP 未见,,,,,,,,GP=ERR（该上下文不存在此面）　UI=function,availability 改为 UI
P4,L2 助手未收录,低（助手数据集已剔除该命名空间，可沿用）,A availability 标错,UI 专属模块被标 Both（需 include）,TunerUtilities.GetControlUnderMouse,Q-TunerUtilitiesGetControlUnderMouse,TunerUtilities,GetControlUnderMouse,,Colon (Instance),Both,,ERR/否,function/是,文档偏宽：GP 未见,,,,,,,,GP=ERR（该上下文不存在此面）　UI=function,availability 改为 UI
P4,L2 助手未收录,低（助手数据集已剔除该命名空间，可沿用）,A availability 标错,UI 专属模块被标 Both（需 include）,TunerUtilities.GetModalNavigationOptions,Q-TunerUtilitiesGetModalNavigationOptions,TunerUtilities,GetModalNavigationOptions,,Colon (Instance),Both,,ERR/否,function/是,文档偏宽：GP 未见,,,,,,,,GP=ERR（该上下文不存在此面）　UI=function,availability 改为 UI
P4,L2 助手未收录,低（助手数据集已剔除该命名空间，可沿用）,A availability 标错,UI 专属模块被标 Both（需 include）,TunerUtilities.GetMouseOverControls,Q-TunerUtilitiesGetMouseOverControls,TunerUtilities,GetMouseOverControls,,Colon (Instance),Both,,ERR/否,function/是,文档偏宽：GP 未见,,,,,,,,GP=ERR（该上下文不存在此面）　UI=function,availability 改为 UI
P4,L2 助手未收录,低（助手数据集已剔除该命名空间，可沿用）,A availability 标错,UI 专属模块被标 Both（需 include）,TunerUtilities.GetNavigationOptions,Q-TunerUtilitiesGetNavigationOptions,TunerUtilities,GetNavigationOptions,,Colon (Instance),Both,,ERR/否,function/是,文档偏宽：GP 未见,,,,,,,,GP=ERR（该上下文不存在此面）　UI=function,availability 改为 UI
P4,L2 助手未收录,低（助手数据集已剔除该命名空间，可沿用）,A availability 标错,UI 专属模块被标 Both（需 include）,TunerUtilities.GetParentContext,Q-TunerUtilitiesGetParentContext,TunerUtilities,GetParentContext,,Colon (Instance),Both,,ERR/否,function/是,文档偏宽：GP 未见,,,,,,,,GP=ERR（该上下文不存在此面）　UI=function,availability 改为 UI
P4,L2 助手未收录,低（助手数据集已剔除该命名空间，可沿用）,A availability 标错,UI 专属模块被标 Both（需 include）,TunerUtilities.GetParentID,Q-TunerUtilitiesGetParentID,TunerUtilities,GetParentID,,Colon (Instance),Both,,ERR/否,function/是,文档偏宽：GP 未见,,,,,,,,GP=ERR（该上下文不存在此面）　UI=function,availability 改为 UI
P4,L2 助手未收录,低（助手数据集已剔除该命名空间，可沿用）,A availability 标错,UI 专属模块被标 Both（需 include）,TunerUtilities.GetParentType,Q-TunerUtilitiesGetParentType,TunerUtilities,GetParentType,,Colon (Instance),Both,,ERR/否,function/是,文档偏宽：GP 未见,,,,,,,,GP=ERR（该上下文不存在此面）　UI=function,availability 改为 UI
P4,L2 助手未收录,低（助手数据集已剔除该命名空间，可沿用）,A availability 标错,UI 专属模块被标 Both（需 include）,TunerUtilities.GetPopupNavigationOptions,Q-TunerUtilitiesGetPopupNavigationOptions,TunerUtilities,GetPopupNavigationOptions,,Colon (Instance),Both,,ERR/否,function/是,文档偏宽：GP 未见,,,,,,,,GP=ERR（该上下文不存在此面）　UI=function,availability 改为 UI
P4,L2 助手未收录,低（助手数据集已剔除该命名空间，可沿用）,A availability 标错,UI 专属模块被标 Both（需 include）,TunerUtilities.GetSelectedAlpha,Q-TunerUtilitiesGetSelectedAlpha,TunerUtilities,GetSelectedAlpha,,Colon (Instance),Both,,ERR/否,function/是,文档偏宽：GP 未见,,,,,,,,GP=ERR（该上下文不存在此面）　UI=function,availability 改为 UI
P4,L2 助手未收录,低（助手数据集已剔除该命名空间，可沿用）,A availability 标错,UI 专属模块被标 Both（需 include）,TunerUtilities.GetSelectedAnchor,Q-TunerUtilitiesGetSelectedAnchor,TunerUtilities,GetSelectedAnchor,,Colon (Instance),Both,,ERR/否,function/是,文档偏宽：GP 未见,,,,,,,,GP=ERR（该上下文不存在此面）　UI=function,availability 改为 UI
P4,L2 助手未收录,低（助手数据集已剔除该命名空间，可沿用）,A availability 标错,UI 专属模块被标 Both（需 include）,TunerUtilities.GetSelectedChildren,Q-TunerUtilitiesGetSelectedChildren,TunerUtilities,GetSelectedChildren,,Colon (Instance),Both,,ERR/否,function/是,文档偏宽：GP 未见,,,,,,,,GP=ERR（该上下文不存在此面）　UI=function,availability 改为 UI
P4,L2 助手未收录,低（助手数据集已剔除该命名空间，可沿用）,A availability 标错,UI 专属模块被标 Both（需 include）,TunerUtilities.GetSelectedControlPath,Q-TunerUtilitiesGetSelectedControlPath,TunerUtilities,GetSelectedControlPath,,Colon (Instance),Both,,ERR/否,function/是,文档偏宽：GP 未见,,,,,,,,GP=ERR（该上下文不存在此面）　UI=function,availability 改为 UI
P4,L2 助手未收录,低（助手数据集已剔除该命名空间，可沿用）,A availability 标错,UI 专属模块被标 Both（需 include）,TunerUtilities.GetSelectedEnabled,Q-TunerUtilitiesGetSelectedEnabled,TunerUtilities,GetSelectedEnabled,,Colon (Instance),Both,,ERR/否,function/是,文档偏宽：GP 未见,,,,,,,,GP=ERR（该上下文不存在此面）　UI=function,availability 改为 UI
P4,L2 助手未收录,低（助手数据集已剔除该命名空间，可沿用）,A availability 标错,UI 专属模块被标 Both（需 include）,TunerUtilities.GetSelectedID,Q-TunerUtilitiesGetSelectedID,TunerUtilities,GetSelectedID,,Colon (Instance),Both,,ERR/否,function/是,文档偏宽：GP 未见,,,,,,,,GP=ERR（该上下文不存在此面）　UI=function,availability 改为 UI
P4,L2 助手未收录,低（助手数据集已剔除该命名空间，可沿用）,A availability 标错,UI 专属模块被标 Both（需 include）,TunerUtilities.GetSelectedOffset,Q-TunerUtilitiesGetSelectedOffset,TunerUtilities,GetSelectedOffset,,Colon (Instance),Both,,ERR/否,function/是,文档偏宽：GP 未见,,,,,,,,GP=ERR（该上下文不存在此面）　UI=function,availability 改为 UI
P4,L2 助手未收录,低（助手数据集已剔除该命名空间，可沿用）,A availability 标错,UI 专属模块被标 Both（需 include）,TunerUtilities.GetSelectedOffsetX,Q-TunerUtilitiesGetSelectedOffsetX,TunerUtilities,GetSelectedOffsetX,,Colon (Instance),Both,,ERR/否,function/是,文档偏宽：GP 未见,,,,,,,,GP=ERR（该上下文不存在此面）　UI=function,availability 改为 UI
P4,L2 助手未收录,低（助手数据集已剔除该命名空间，可沿用）,A availability 标错,UI 专属模块被标 Both（需 include）,TunerUtilities.GetSelectedOffsetY,Q-TunerUtilitiesGetSelectedOffsetY,TunerUtilities,GetSelectedOffsetY,,Colon (Instance),Both,,ERR/否,function/是,文档偏宽：GP 未见,,,,,,,,GP=ERR（该上下文不存在此面）　UI=function,availability 改为 UI
P4,L2 助手未收录,低（助手数据集已剔除该命名空间，可沿用）,A availability 标错,UI 专属模块被标 Both（需 include）,TunerUtilities.GetSelectedSize,Q-TunerUtilitiesGetSelectedSize,TunerUtilities,GetSelectedSize,,Colon (Instance),Both,,ERR/否,function/是,文档偏宽：GP 未见,,,,,,,,GP=ERR（该上下文不存在此面）　UI=function,availability 改为 UI
P4,L2 助手未收录,低（助手数据集已剔除该命名空间，可沿用）,A availability 标错,UI 专属模块被标 Both（需 include）,TunerUtilities.GetSelectedSizeX,Q-TunerUtilitiesGetSelectedSizeX,TunerUtilities,GetSelectedSizeX,,Colon (Instance),Both,,ERR/否,function/是,文档偏宽：GP 未见,,,,,,,,GP=ERR（该上下文不存在此面）　UI=function,availability 改为 UI
P4,L2 助手未收录,低（助手数据集已剔除该命名空间，可沿用）,A availability 标错,UI 专属模块被标 Both（需 include）,TunerUtilities.GetSelectedSizeY,Q-TunerUtilitiesGetSelectedSizeY,TunerUtilities,GetSelectedSizeY,,Colon (Instance),Both,,ERR/否,function/是,文档偏宽：GP 未见,,,,,,,,GP=ERR（该上下文不存在此面）　UI=function,availability 改为 UI
P4,L2 助手未收录,低（助手数据集已剔除该命名空间，可沿用）,A availability 标错,UI 专属模块被标 Both（需 include）,TunerUtilities.GetSelectedType,Q-TunerUtilitiesGetSelectedType,TunerUtilities,GetSelectedType,,Colon (Instance),Both,,ERR/否,function/是,文档偏宽：GP 未见,,,,,,,,GP=ERR（该上下文不存在此面）　UI=function,availability 改为 UI
P4,L2 助手未收录,低（助手数据集已剔除该命名空间，可沿用）,A availability 标错,UI 专属模块被标 Both（需 include）,TunerUtilities.GetSelectedVisible,Q-TunerUtilitiesGetSelectedVisible,TunerUtilities,GetSelectedVisible,,Colon (Instance),Both,,ERR/否,function/是,文档偏宽：GP 未见,,,,,,,,GP=ERR（该上下文不存在此面）　UI=function,availability 改为 UI
P4,L2 助手未收录,低（助手数据集已剔除该命名空间，可沿用）,A availability 标错,UI 专属模块被标 Both（需 include）,TunerUtilities.GetTexture,Q-TunerUtilitiesGetTexture,TunerUtilities,GetTexture,,Colon (Instance),Both,,ERR/否,function/是,文档偏宽：GP 未见,,,,,,,,GP=ERR（该上下文不存在此面）　UI=function,availability 改为 UI
P4,L2 助手未收录,低（助手数据集已剔除该命名空间，可沿用）,A availability 标错,UI 专属模块被标 Both（需 include）,TunerUtilities.NavigateBackward,Q-TunerUtilitiesNavigateBackward,TunerUtilities,NavigateBackward,,Colon (Instance),Both,,ERR/否,function/是,文档偏宽：GP 未见,,,,,,,,GP=ERR（该上下文不存在此面）　UI=function,availability 改为 UI
P4,L2 助手未收录,低（助手数据集已剔除该命名空间，可沿用）,A availability 标错,UI 专属模块被标 Both（需 include）,TunerUtilities.NavigateForward,Q-TunerUtilitiesNavigateForward,TunerUtilities,NavigateForward,,Colon (Instance),Both,,ERR/否,function/是,文档偏宽：GP 未见,,,,,,,,GP=ERR（该上下文不存在此面）　UI=function,availability 改为 UI
P4,L2 助手未收录,低（助手数据集已剔除该命名空间，可沿用）,A availability 标错,UI 专属模块被标 Both（需 include）,TunerUtilities.NavigateToRoot,Q-TunerUtilitiesNavigateToRoot,TunerUtilities,NavigateToRoot,,Colon (Instance),Both,,ERR/否,function/是,文档偏宽：GP 未见,,,,,,,,GP=ERR（该上下文不存在此面）　UI=function,availability 改为 UI
P4,L2 助手未收录,低（助手数据集已剔除该命名空间，可沿用）,A availability 标错,UI 专属模块被标 Both（需 include）,TunerUtilities.OnContextTreeSelection,Q-TunerUtilitiesOnContextTreeSelection,TunerUtilities,OnContextTreeSelection,,Colon (Instance),Both,,ERR/否,function/是,文档偏宽：GP 未见,,,,,,,,GP=ERR（该上下文不存在此面）　UI=function,availability 改为 UI
P4,L2 助手未收录,低（助手数据集已剔除该命名空间，可沿用）,A availability 标错,UI 专属模块被标 Both（需 include）,TunerUtilities.OnInputHandler,Q-TunerUtilitiesOnInputHandler,TunerUtilities,OnInputHandler,,Dot (Global),Both,,ERR/否,function/是,文档偏宽：GP 未见,,,,,,,,GP=ERR（该上下文不存在此面）　UI=function,availability 改为 UI
P4,L2 助手未收录,低（助手数据集已剔除该命名空间，可沿用）,A availability 标错,UI 专属模块被标 Both（需 include）,TunerUtilities.PlayAnimation,Q-TunerUtilitiesPlayAnimation,TunerUtilities,PlayAnimation,,Colon (Instance),Both,,ERR/否,function/是,文档偏宽：GP 未见,,,,,,,,GP=ERR（该上下文不存在此面）　UI=function,availability 改为 UI
P4,L2 助手未收录,低（助手数据集已剔除该命名空间，可沿用）,A availability 标错,UI 专属模块被标 Both（需 include）,TunerUtilities.ResetAnimation,Q-TunerUtilitiesResetAnimation,TunerUtilities,ResetAnimation,,Colon (Instance),Both,,ERR/否,function/是,文档偏宽：GP 未见,,,,,,,,GP=ERR（该上下文不存在此面）　UI=function,availability 改为 UI
P4,L2 助手未收录,低（助手数据集已剔除该命名空间，可沿用）,A availability 标错,UI 专属模块被标 Both（需 include）,TunerUtilities.ReverseAnimation,Q-TunerUtilitiesReverseAnimation,TunerUtilities,ReverseAnimation,,Colon (Instance),Both,,ERR/否,function/是,文档偏宽：GP 未见,,,,,,,,GP=ERR（该上下文不存在此面）　UI=function,availability 改为 UI
P4,L2 助手未收录,低（助手数据集已剔除该命名空间，可沿用）,A availability 标错,UI 专属模块被标 Both（需 include）,TunerUtilities.SetConsumeMouseButton,Q-TunerUtilitiesSetConsumeMouseButton,TunerUtilities,SetConsumeMouseButton,,Colon (Instance),Both,,ERR/否,function/是,文档偏宽：GP 未见,,,,,,,,GP=ERR（该上下文不存在此面）　UI=function,availability 改为 UI
P4,L2 助手未收录,低（助手数据集已剔除该命名空间，可沿用）,A availability 标错,UI 专属模块被标 Both（需 include）,TunerUtilities.SetConsumesAllMouse,Q-TunerUtilitiesSetConsumesAllMouse,TunerUtilities,SetConsumesAllMouse,,Colon (Instance),Both,,ERR/否,function/是,文档偏宽：GP 未见,,,,,,,,GP=ERR（该上下文不存在此面）　UI=function,availability 改为 UI
P4,L2 助手未收录,低（助手数据集已剔除该命名空间，可沿用）,A availability 标错,UI 专属模块被标 Both（需 include）,TunerUtilities.SetMousePick,Q-TunerUtilitiesSetMousePick,TunerUtilities,SetMousePick,,Colon (Instance),Both,,ERR/否,function/是,文档偏宽：GP 未见,,,,,,,,GP=ERR（该上下文不存在此面）　UI=function,availability 改为 UI
P4,L2 助手未收录,低（助手数据集已剔除该命名空间，可沿用）,A availability 标错,UI 专属模块被标 Both（需 include）,TunerUtilities.SetNavigationOption,Q-TunerUtilitiesSetNavigationOption,TunerUtilities,SetNavigationOption,,Colon (Instance),Both,,ERR/否,function/是,文档偏宽：GP 未见,,,,,,,,GP=ERR（该上下文不存在此面）　UI=function,availability 改为 UI
P4,L2 助手未收录,低（助手数据集已剔除该命名空间，可沿用）,A availability 标错,UI 专属模块被标 Both（需 include）,TunerUtilities.SetSelectedAlpha,Q-TunerUtilitiesSetSelectedAlpha,TunerUtilities,SetSelectedAlpha,,Colon (Instance),Both,,ERR/否,function/是,文档偏宽：GP 未见,,,,,,,,GP=ERR（该上下文不存在此面）　UI=function,availability 改为 UI
P4,L2 助手未收录,低（助手数据集已剔除该命名空间，可沿用）,A availability 标错,UI 专属模块被标 Both（需 include）,TunerUtilities.SetSelectedAnchor,Q-TunerUtilitiesSetSelectedAnchor,TunerUtilities,SetSelectedAnchor,,Colon (Instance),Both,,ERR/否,function/是,文档偏宽：GP 未见,,,,,,,,GP=ERR（该上下文不存在此面）　UI=function,availability 改为 UI
P4,L2 助手未收录,低（助手数据集已剔除该命名空间，可沿用）,A availability 标错,UI 专属模块被标 Both（需 include）,TunerUtilities.SetSelectedControl,Q-TunerUtilitiesSetSelectedControl,TunerUtilities,SetSelectedControl,,Colon (Instance),Both,,ERR/否,function/是,文档偏宽：GP 未见,,,,,,,,GP=ERR（该上下文不存在此面）　UI=function,availability 改为 UI
P4,L2 助手未收录,低（助手数据集已剔除该命名空间，可沿用）,A availability 标错,UI 专属模块被标 Both（需 include）,TunerUtilities.SetSelectedControlPath,Q-TunerUtilitiesSetSelectedControlPath,TunerUtilities,SetSelectedControlPath,,Colon (Instance),Both,,ERR/否,function/是,文档偏宽：GP 未见,,,,,,,,GP=ERR（该上下文不存在此面）　UI=function,availability 改为 UI
P4,L2 助手未收录,低（助手数据集已剔除该命名空间，可沿用）,A availability 标错,UI 专属模块被标 Both（需 include）,TunerUtilities.SetSelectedOffset,Q-TunerUtilitiesSetSelectedOffset,TunerUtilities,SetSelectedOffset,,Colon (Instance),Both,,ERR/否,function/是,文档偏宽：GP 未见,,,,,,,,GP=ERR（该上下文不存在此面）　UI=function,availability 改为 UI
P4,L2 助手未收录,低（助手数据集已剔除该命名空间，可沿用）,A availability 标错,UI 专属模块被标 Both（需 include）,TunerUtilities.SetSelectedOffsetX,Q-TunerUtilitiesSetSelectedOffsetX,TunerUtilities,SetSelectedOffsetX,,Colon (Instance),Both,,ERR/否,function/是,文档偏宽：GP 未见,,,,,,,,GP=ERR（该上下文不存在此面）　UI=function,availability 改为 UI
P4,L2 助手未收录,低（助手数据集已剔除该命名空间，可沿用）,A availability 标错,UI 专属模块被标 Both（需 include）,TunerUtilities.SetSelectedOffsetY,Q-TunerUtilitiesSetSelectedOffsetY,TunerUtilities,SetSelectedOffsetY,,Colon (Instance),Both,,ERR/否,function/是,文档偏宽：GP 未见,,,,,,,,GP=ERR（该上下文不存在此面）　UI=function,availability 改为 UI
P4,L2 助手未收录,低（助手数据集已剔除该命名空间，可沿用）,A availability 标错,UI 专属模块被标 Both（需 include）,TunerUtilities.SetSelectedSize,Q-TunerUtilitiesSetSelectedSize,TunerUtilities,SetSelectedSize,,Colon (Instance),Both,,ERR/否,function/是,文档偏宽：GP 未见,,,,,,,,GP=ERR（该上下文不存在此面）　UI=function,availability 改为 UI
P4,L2 助手未收录,低（助手数据集已剔除该命名空间，可沿用）,A availability 标错,UI 专属模块被标 Both（需 include）,TunerUtilities.SetSelectedSizeX,Q-TunerUtilitiesSetSelectedSizeX,TunerUtilities,SetSelectedSizeX,,Colon (Instance),Both,,ERR/否,function/是,文档偏宽：GP 未见,,,,,,,,GP=ERR（该上下文不存在此面）　UI=function,availability 改为 UI
P4,L2 助手未收录,低（助手数据集已剔除该命名空间，可沿用）,A availability 标错,UI 专属模块被标 Both（需 include）,TunerUtilities.SetSelectedSizeY,Q-TunerUtilitiesSetSelectedSizeY,TunerUtilities,SetSelectedSizeY,,Colon (Instance),Both,,ERR/否,function/是,文档偏宽：GP 未见,,,,,,,,GP=ERR（该上下文不存在此面）　UI=function,availability 改为 UI
P4,L2 助手未收录,低（助手数据集已剔除该命名空间，可沿用）,A availability 标错,UI 专属模块被标 Both（需 include）,TunerUtilities.SetSelectedVisible,Q-TunerUtilitiesSetSelectedVisible,TunerUtilities,SetSelectedVisible,,Colon (Instance),Both,,ERR/否,function/是,文档偏宽：GP 未见,,,,,,,,GP=ERR（该上下文不存在此面）　UI=function,availability 改为 UI
P4,L2 助手未收录,低（助手数据集已剔除该命名空间，可沿用）,A availability 标错,UI 专属模块被标 Both（需 include）,TunerUtilities.SetTexture,Q-TunerUtilitiesSetTexture,TunerUtilities,SetTexture,,Colon (Instance),Both,,ERR/否,function/是,文档偏宽：GP 未见,,,,,,,,GP=ERR（该上下文不存在此面）　UI=function,availability 改为 UI
P4,L2 助手未收录,低（助手数据集已剔除该命名空间，可沿用）,A availability 标错,UI 专属模块被标 Both（需 include）,TunerUtilities.Stringify,Q-TunerUtilitiesStringify,TunerUtilities,Stringify,,Colon (Instance),Both,,ERR/否,function/是,文档偏宽：GP 未见,,,,,,,,GP=ERR（该上下文不存在此面）　UI=function,availability 改为 UI
P4,L2 助手未收录,低（助手数据集已剔除该命名空间，可沿用）,A availability 标错,UI 专属模块被标 Both（需 include）,g_ToolTipGenerators,C-g_ToolTipGenerators,g_ToolTipGenerators,,,Dot (Global),Both,,nil/否,table/是,文档偏宽：GP 未见,,,,,,,,GP=nil（该上下文不存在此面）　UI=table,availability 改为 UI
P4,L2 助手未收录,低（助手数据集已剔除该命名空间，可沿用）,A availability 标错,UI 专属模块被标 Both（需 include）,g_ToolTipGenerators.KIND_BUILDING,Q-g_ToolTipGeneratorsKIND_BUILDING,g_ToolTipGenerators,KIND_BUILDING,,Dot (Global),Both,,ERR/否,function/是,文档偏宽：GP 未见,,,,,,,,GP=ERR（该上下文不存在此面）　UI=function,availability 改为 UI
P4,L2 助手未收录,低（助手数据集已剔除该命名空间，可沿用）,A availability 标错,UI 专属模块被标 Both（需 include）,g_ToolTipGenerators.KIND_CIVIC,Q-g_ToolTipGeneratorsKIND_CIVIC,g_ToolTipGenerators,KIND_CIVIC,,Dot (Global),Both,,ERR/否,function/是,文档偏宽：GP 未见,,,,,,,,GP=ERR（该上下文不存在此面）　UI=function,availability 改为 UI
P4,L2 助手未收录,低（助手数据集已剔除该命名空间，可沿用）,A availability 标错,UI 专属模块被标 Both（需 include）,g_ToolTipGenerators.KIND_DIPLOMATIC_ACTION,Q-g_ToolTipGeneratorsKIND_DIPLOMATIC_ACTION,g_ToolTipGenerators,KIND_DIPLOMATIC_ACTION,,Dot (Global),Both,,ERR/否,function/是,文档偏宽：GP 未见,,,,,,,,GP=ERR（该上下文不存在此面）　UI=function,availability 改为 UI
P4,L2 助手未收录,低（助手数据集已剔除该命名空间，可沿用）,A availability 标错,UI 专属模块被标 Both（需 include）,g_ToolTipGenerators.KIND_DISTRICT,Q-g_ToolTipGeneratorsKIND_DISTRICT,g_ToolTipGenerators,KIND_DISTRICT,,Dot (Global),Both,,ERR/否,function/是,文档偏宽：GP 未见,,,,,,,,GP=ERR（该上下文不存在此面）　UI=function,availability 改为 UI
P4,L2 助手未收录,低（助手数据集已剔除该命名空间，可沿用）,A availability 标错,UI 专属模块被标 Both（需 include）,g_ToolTipGenerators.KIND_GOVERNMENT,Q-g_ToolTipGeneratorsKIND_GOVERNMENT,g_ToolTipGenerators,KIND_GOVERNMENT,,Dot (Global),Both,,ERR/否,function/是,文档偏宽：GP 未见,,,,,,,,GP=ERR（该上下文不存在此面）　UI=function,availability 改为 UI
P4,L2 助手未收录,低（助手数据集已剔除该命名空间，可沿用）,A availability 标错,UI 专属模块被标 Both（需 include）,g_ToolTipGenerators.KIND_IMPROVEMENT,Q-g_ToolTipGeneratorsKIND_IMPROVEMENT,g_ToolTipGenerators,KIND_IMPROVEMENT,,Dot (Global),Both,,ERR/否,function/是,文档偏宽：GP 未见,,,,,,,,GP=ERR（该上下文不存在此面）　UI=function,availability 改为 UI
P4,L2 助手未收录,低（助手数据集已剔除该命名空间，可沿用）,A availability 标错,UI 专属模块被标 Both（需 include）,g_ToolTipGenerators.KIND_POLICY,Q-g_ToolTipGeneratorsKIND_POLICY,g_ToolTipGenerators,KIND_POLICY,,Dot (Global),Both,,ERR/否,function/是,文档偏宽：GP 未见,,,,,,,,GP=ERR（该上下文不存在此面）　UI=function,availability 改为 UI
P4,L2 助手未收录,低（助手数据集已剔除该命名空间，可沿用）,A availability 标错,UI 专属模块被标 Both（需 include）,g_ToolTipGenerators.KIND_PROJECT,Q-g_ToolTipGeneratorsKIND_PROJECT,g_ToolTipGenerators,KIND_PROJECT,,Dot (Global),Both,,ERR/否,function/是,文档偏宽：GP 未见,,,,,,,,GP=ERR（该上下文不存在此面）　UI=function,availability 改为 UI
P4,L2 助手未收录,低（助手数据集已剔除该命名空间，可沿用）,A availability 标错,UI 专属模块被标 Both（需 include）,g_ToolTipGenerators.KIND_RESOURCE,Q-g_ToolTipGeneratorsKIND_RESOURCE,g_ToolTipGenerators,KIND_RESOURCE,,Dot (Global),Both,,ERR/否,function/是,文档偏宽：GP 未见,,,,,,,,GP=ERR（该上下文不存在此面）　UI=function,availability 改为 UI
P4,L2 助手未收录,低（助手数据集已剔除该命名空间，可沿用）,A availability 标错,UI 专属模块被标 Both（需 include）,g_ToolTipGenerators.KIND_ROUTE,Q-g_ToolTipGeneratorsKIND_ROUTE,g_ToolTipGenerators,KIND_ROUTE,,Dot (Global),Both,,ERR/否,function/是,文档偏宽：GP 未见,,,,,,,,GP=ERR（该上下文不存在此面）　UI=function,availability 改为 UI
P4,L2 助手未收录,低（助手数据集已剔除该命名空间，可沿用）,A availability 标错,UI 专属模块被标 Both（需 include）,g_ToolTipGenerators.KIND_TECH,Q-g_ToolTipGeneratorsKIND_TECH,g_ToolTipGenerators,KIND_TECH,,Dot (Global),Both,,ERR/否,function/是,文档偏宽：GP 未见,,,,,,,,GP=ERR（该上下文不存在此面）　UI=function,availability 改为 UI
P4,L2 助手未收录,低（助手数据集已剔除该命名空间，可沿用）,A availability 标错,UI 专属模块被标 Both（需 include）,g_ToolTipGenerators.KIND_UNIT,Q-g_ToolTipGeneratorsKIND_UNIT,g_ToolTipGenerators,KIND_UNIT,,Dot (Global),Both,,ERR/否,function/是,文档偏宽：GP 未见,,,,,,,,GP=ERR（该上下文不存在此面）　UI=function,availability 改为 UI
P4,L2 助手未收录,低（助手数据集已剔除该命名空间，可沿用）,A availability 标错,UI 专属被标 Both（原生）,FeatureGenerator,C-FeatureGenerator,FeatureGenerator,,,Dot (Global),Both,,nil/否,table/是,文档偏宽：GP 未见,,,,,,,,GP=nil（该上下文不存在此面）　UI=table,availability 改为 UI
P4,L2 助手未收录,低（助手数据集已剔除该命名空间，可沿用）,A availability 标错,UI 专属被标 Both（原生）,FeatureGenerator.AddFeatures,A-FeatureGeneratorAddFeatures,FeatureGenerator,AddFeatures,,Colon (Instance),Both,,ERR/否,function/是,文档偏宽：GP 未见,,,,,,,,GP=ERR（该上下文不存在此面）　UI=function,availability 改为 UI
P4,L2 助手未收录,低（助手数据集已剔除该命名空间，可沿用）,A availability 标错,UI 专属被标 Both（原生）,FeatureGenerator.AddFeaturesFromContinents,A-FeatureGeneratorAddFeaturesFromContinents,FeatureGenerator,AddFeaturesFromContinents,,Colon (Instance),Both,,ERR/否,function/是,文档偏宽：GP 未见,,,,,,,,GP=ERR（该上下文不存在此面）　UI=function,availability 改为 UI
P4,L2 助手未收录,低（助手数据集已剔除该命名空间，可沿用）,A availability 标错,UI 专属被标 Both（原生）,FeatureGenerator.AddForestsAtPlot,A-FeatureGeneratorAddForestsAtPlot,FeatureGenerator,AddForestsAtPlot,,Colon (Instance),Both,,ERR/否,function/是,文档偏宽：GP 未见,,,,,,,,GP=ERR（该上下文不存在此面）　UI=function,availability 改为 UI
P4,L2 助手未收录,低（助手数据集已剔除该命名空间，可沿用）,A availability 标错,UI 专属被标 Both（原生）,FeatureGenerator.AddIceToMap,A-FeatureGeneratorAddIceToMap,FeatureGenerator,AddIceToMap,,Colon (Instance),Both,,ERR/否,function/是,文档偏宽：GP 未见,,,,,,,,GP=ERR（该上下文不存在此面）　UI=function,availability 改为 UI
P4,L2 助手未收录,低（助手数据集已剔除该命名空间，可沿用）,A availability 标错,UI 专属被标 Both（原生）,FeatureGenerator.AddJunglesAtPlot,A-FeatureGeneratorAddJunglesAtPlot,FeatureGenerator,AddJunglesAtPlot,,Colon (Instance),Both,,ERR/否,function/是,文档偏宽：GP 未见,,,,,,,,GP=ERR（该上下文不存在此面）　UI=function,availability 改为 UI
P4,L2 助手未收录,低（助手数据集已剔除该命名空间，可沿用）,A availability 标错,UI 专属被标 Both（原生）,FeatureGenerator.AddMarshAtPlot,A-FeatureGeneratorAddMarshAtPlot,FeatureGenerator,AddMarshAtPlot,,Colon (Instance),Both,,ERR/否,function/是,文档偏宽：GP 未见,,,,,,,,GP=ERR（该上下文不存在此面）　UI=function,availability 改为 UI
P4,L2 助手未收录,低（助手数据集已剔除该命名空间，可沿用）,A availability 标错,UI 专属被标 Both（原生）,FeatureGenerator.AddReefAtPlot,A-FeatureGeneratorAddReefAtPlot,FeatureGenerator,AddReefAtPlot,,Colon (Instance),Both,,ERR/否,function/是,文档偏宽：GP 未见,,,,,,,,GP=ERR（该上下文不存在此面）　UI=function,availability 改为 UI
P4,L2 助手未收录,低（助手数据集已剔除该命名空间，可沿用）,A availability 标错,UI 专属被标 Both（原生）,FeatureGenerator.Create,A-FeatureGeneratorCreate,FeatureGenerator,Create,,Dot (Global),Both,,ERR/否,function/是,文档偏宽：GP 未见,,,,,,,,GP=ERR（该上下文不存在此面）　UI=function,availability 改为 UI
P4,L2 助手未收录,低（助手数据集已剔除该命名空间，可沿用）,A availability 标错,UI 专属被标 Both（原生）,FeatureGenerator.GetNumberAdjacentVolcanoes,Q-FeatureGeneratorGetNumberAdjacentVolcanoes,FeatureGenerator,GetNumberAdjacentVolcanoes,,Colon (Instance),Both,,ERR/否,function/是,文档偏宽：GP 未见,,,,,,,,GP=ERR（该上下文不存在此面）　UI=function,availability 改为 UI
P4,L2 助手未收录,低（助手数据集已剔除该命名空间，可沿用）,A availability 标错,UI 专属被标 Both（原生）,GenerationalInstanceManager,C-GenerationalInstanceManager,GenerationalInstanceManager,,,Colon (Instance),Both,,nil/否,table/是,文档偏宽：GP 未见,,,,,,,,GP=nil（该上下文不存在此面）　UI=table,availability 改为 UI
P4,L2 助手未收录,低（助手数据集已剔除该命名空间，可沿用）,A availability 标错,UI 专属被标 Both（原生）,GenerationalInstanceManager.BuildInstance,A-GenerationalInstanceManagerBuildInstance,GenerationalInstanceManager,BuildInstance,,Colon (Instance),Both,,ERR/否,function/是,文档偏宽：GP 未见,,,,,,,,GP=ERR（该上下文不存在此面）　UI=function,availability 改为 UI
P4,L2 助手未收录,低（助手数据集已剔除该命名空间，可沿用）,A availability 标错,UI 专属被标 Both（原生）,GenerationalInstanceManager.GetInstance,Q-GenerationalInstanceManagerGetInstance,GenerationalInstanceManager,GetInstance,,Colon (Instance),Both,,ERR/否,function/是,文档偏宽：GP 未见,,,,,,,,GP=ERR（该上下文不存在此面）　UI=function,availability 改为 UI
P4,L2 助手未收录,低（助手数据集已剔除该命名空间，可沿用）,A availability 标错,UI 专属被标 Both（原生）,GenerationalInstanceManager.ResetInstances,A-GenerationalInstanceManagerResetInstances,GenerationalInstanceManager,ResetInstances,,Colon (Instance),Both,,ERR/否,function/是,文档偏宽：GP 未见,,,,,,,,GP=ERR（该上下文不存在此面）　UI=function,availability 改为 UI
P4,L2 助手未收录,低（助手数据集已剔除该命名空间，可沿用）,A availability 标错,UI 专属被标 Both（原生）,GenerationalInstanceManager.new,A-GenerationalInstanceManagernew,GenerationalInstanceManager,new,,Colon (Instance),Both,,ERR/否,function/是,文档偏宽：GP 未见,,,,,,,,GP=ERR（该上下文不存在此面）　UI=function,availability 改为 UI
P4,L2 助手未收录,低（助手数据集已剔除该命名空间，可沿用）,A availability 标错,UI 专属被标 Both（原生）,NaturalWonderGenerator,C-NaturalWonderGenerator,NaturalWonderGenerator,,,Dot (Global),Both,,nil/否,table/是,文档偏宽：GP 未见,,,,,,,,GP=nil（该上下文不存在此面）　UI=table,availability 改为 UI
P4,L2 助手未收录,低（助手数据集已剔除该命名空间，可沿用）,A availability 标错,UI 专属被标 Both（原生）,NaturalWonderGenerator.Create,A-NaturalWonderGeneratorCreate,NaturalWonderGenerator,Create,,Dot (Global),Both,,ERR/否,function/是,文档偏宽：GP 未见,,,,,,,,GP=ERR（该上下文不存在此面）　UI=function,availability 改为 UI
P4,L2 助手未收录,低（助手数据集已剔除该命名空间，可沿用）,A availability 标错,UI 专属被标 Both（原生）,NaturalWonderGenerator.__FindValidLocs,Q-NaturalWonderGenerator__FindValidLocs,NaturalWonderGenerator,__FindValidLocs,,Colon (Instance),Both,,ERR/否,function/是,文档偏宽：GP 未见,,,,,,,,GP=ERR（该上下文不存在此面）　UI=function,availability 改为 UI
P4,L2 助手未收录,低（助手数据集已剔除该命名空间，可沿用）,A availability 标错,UI 专属被标 Both（原生）,NaturalWonderGenerator.__InitNWData,A-NaturalWonderGenerator__InitNWData,NaturalWonderGenerator,__InitNWData,,Colon (Instance),Both,,ERR/否,function/是,文档偏宽：GP 未见,,,,,,,,GP=ERR（该上下文不存在此面）　UI=function,availability 改为 UI
P4,L2 助手未收录,低（助手数据集已剔除该命名空间，可沿用）,A availability 标错,UI 专属被标 Both（原生）,NaturalWonderGenerator.__PlaceWonders,A-NaturalWonderGenerator__PlaceWonders,NaturalWonderGenerator,__PlaceWonders,,Colon (Instance),Both,,ERR/否,function/是,文档偏宽：GP 未见,,,,,,,,GP=ERR（该上下文不存在此面）　UI=function,availability 改为 UI
P4,L2 助手未收录,低（助手数据集已剔除该命名空间，可沿用）,A availability 标错,UI 专属被标 Both（原生）,NaturalWonderGenerator.__ScorePlots,A-NaturalWonderGenerator__ScorePlots,NaturalWonderGenerator,__ScorePlots,,Colon (Instance),Both,,ERR/否,function/是,文档偏宽：GP 未见,,,,,,,,GP=ERR（该上下文不存在此面）　UI=function,availability 改为 UI
P4,L2 助手未收录,低（助手数据集已剔除该命名空间，可沿用）,A availability 标错,UI 专属被标 Both（原生）,PullDownInstanceManager,C-PullDownInstanceManager,PullDownInstanceManager,,,Colon (Instance),Both,,nil/否,table/是,文档偏宽：GP 未见,,,,,,,,GP=nil（该上下文不存在此面）　UI=table,availability 改为 UI
P4,L2 助手未收录,低（助手数据集已剔除该命名空间，可沿用）,A availability 标错,UI 专属被标 Both（原生）,PullDownInstanceManager.BuildInstance,A-PullDownInstanceManagerBuildInstance,PullDownInstanceManager,BuildInstance,,Colon (Instance),Both,,ERR/否,function/是,文档偏宽：GP 未见,,,,,,,,GP=ERR（该上下文不存在此面）　UI=function,availability 改为 UI
P4,L2 助手未收录,低（助手数据集已剔除该命名空间，可沿用）,A availability 标错,UI 专属被标 Both（原生）,PullDownInstanceManager.GetInstance,Q-PullDownInstanceManagerGetInstance,PullDownInstanceManager,GetInstance,,Colon (Instance),Both,,ERR/否,function/是,文档偏宽：GP 未见,,,,,,,,GP=ERR（该上下文不存在此面）　UI=function,availability 改为 UI
P4,L2 助手未收录,低（助手数据集已剔除该命名空间，可沿用）,A availability 标错,UI 专属被标 Both（原生）,PullDownInstanceManager.ResetInstances,A-PullDownInstanceManagerResetInstances,PullDownInstanceManager,ResetInstances,,Colon (Instance),Both,,ERR/否,function/是,文档偏宽：GP 未见,,,,,,,,GP=ERR（该上下文不存在此面）　UI=function,availability 改为 UI
P4,L2 助手未收录,低（助手数据集已剔除该命名空间，可沿用）,A availability 标错,UI 专属被标 Both（原生）,PullDownInstanceManager.new,A-PullDownInstanceManagernew,PullDownInstanceManager,new,,Colon (Instance),Both,,ERR/否,function/是,文档偏宽：GP 未见,,,,,,,,GP=ERR（该上下文不存在此面）　UI=function,availability 改为 UI
P4,L2 助手未收录,低（助手数据集已剔除该命名空间，可沿用）,A availability 标错,标 UI 但 GP 亦可调,Events.Begin2KLoginProcess,EV-EventsBegin2KLoginProcess,Events,Begin2KLoginProcess,,Dot (Global),UI,,table/是,table/是,文档偏窄：GP 亦可见,,,,,,,,GP=table　UI=table,availability 放宽为 Both
P4,L2 助手未收录,低（助手数据集已剔除该命名空间，可沿用）,A availability 标错,标 UI 但 GP 亦可调,Events.DisableColorKey,EV-EventsDisableColorKey,Events,DisableColorKey,,Dot (Global),UI,,table/是,table/是,文档偏窄：GP 亦可见,,,,,,,,GP=table　UI=table,availability 放宽为 Both
P4,L2 助手未收录,低（助手数据集已剔除该命名空间，可沿用）,A availability 标错,标 UI 但 GP 亦可调,Events.EnableColorKey,EV-EventsEnableColorKey,Events,EnableColorKey,,Dot (Global),UI,,table/是,table/是,文档偏窄：GP 亦可见,,,,,,,,GP=table　UI=table,availability 放宽为 Both
P4,L2 助手未收录,低（助手数据集已剔除该命名空间，可沿用）,A availability 标错,标 UI 但 GP 亦可调,Events.HideLeaderScreen,EV-EventsHideLeaderScreen,Events,HideLeaderScreen,,Dot (Global),UI,,table/是,table/是,文档偏窄：GP 亦可见,,,,,,,,GP=table　UI=table,availability 放宽为 Both
P4,L2 助手未收录,低（助手数据集已剔除该命名空间，可沿用）,A availability 标错,标 UI 但 GP 亦可调,Events.RestartWonderMovie,EV-EventsRestartWonderMovie,Events,RestartWonderMovie,,Dot (Global),UI,,table/是,table/是,文档偏窄：GP 亦可见,,,,,,,,GP=table　UI=table,availability 放宽为 Both
P4,L2 助手未收录,低（助手数据集已剔除该命名空间，可沿用）,A availability 标错,标 UI 但 GP 亦可调,Events.SetGameEntryMethod,EV-EventsSetGameEntryMethod,Events,SetGameEntryMethod,,Dot (Global),UI,,table/是,table/是,文档偏窄：GP 亦可见,,,,,,,,GP=table　UI=table,availability 放宽为 Both
P4,L2 助手未收录,低（助手数据集已剔除该命名空间，可沿用）,A availability 标错,标 UI 但 GP 亦可调,Events.ShowLeaderScreen,EV-EventsShowLeaderScreen,Events,ShowLeaderScreen,,Dot (Global),UI,,table/是,table/是,文档偏窄：GP 亦可见,,,,,,,,GP=table　UI=table,availability 放宽为 Both
P4,L2 助手未收录,低（助手数据集已剔除该命名空间，可沿用）,A availability 标错,标 UI 但 GP 亦可调,Events.SystemUpdateUI,EV-EventsSystemUpdateUI,Events,SystemUpdateUI,,Dot (Global),UI,,table/是,table/是,文档偏窄：GP 亦可见,,,,,,,,GP=table　UI=table,availability 放宽为 Both
P4,L2 助手未收录,低（助手数据集已剔除该命名空间，可沿用）,A availability 标错,标 UI 但 GP 亦可调,Events.UserAcceptsEULA,EV-EventsUserAcceptsEULA,Events,UserAcceptsEULA,,Dot (Global),UI,,table/是,table/是,文档偏窄：GP 亦可见,,,,,,,,GP=table　UI=table,availability 放宽为 Both
P4,L2 助手未收录,低（助手数据集已剔除该命名空间，可沿用）,A availability 标错,标 UI 但 GP 亦可调,Events.UserAcceptsOutdatedDriver,EV-EventsUserAcceptsOutdatedDriver,Events,UserAcceptsOutdatedDriver,,Dot (Global),UI,,table/是,table/是,文档偏窄：GP 亦可见,,,,,,,,GP=table　UI=table,availability 放宽为 Both
P4,L2 助手未收录,低（助手数据集已剔除该命名空间，可沿用）,A availability 标错,标 UI 但 GP 亦可调,Events.UserAcceptsUnknownDevice,EV-EventsUserAcceptsUnknownDevice,Events,UserAcceptsUnknownDevice,,Dot (Global),UI,,table/是,table/是,文档偏窄：GP 亦可见,,,,,,,,GP=table　UI=table,availability 放宽为 Both
P4,L2 助手未收录,低（助手数据集已剔除该命名空间，可沿用）,A availability 标错,标 UI 但 GP 亦可调,Events.UserConfirmedClose,EV-EventsUserConfirmedClose,Events,UserConfirmedClose,,Dot (Global),UI,,table/是,table/是,文档偏窄：GP 亦可见,,,,,,,,GP=table　UI=table,availability 放宽为 Both
P4,L2 助手未收录,低（助手数据集已剔除该命名空间，可沿用）,A availability 标错,标 UI 但 GP 亦可调,Events.WorldBuilderSignal,EV-EventsWorldBuilderSignal,Events,WorldBuilderSignal,,Dot (Global),UI,,table/是,table/是,文档偏窄：GP 亦可见,,,,,,,,GP=table　UI=table,availability 放宽为 Both
P4,L2 助手未收录,低（助手数据集已剔除该命名空间，可沿用）,B 文档名可修,名称含 id 残留（损坏）,Map.GetContinentCoastalPlots.Q-MapGetCityPlotsGetPurchasedByCity,Q-MapGetContinentCoastalPlotsQ-MapGetCityPlotsGetPurchasedByCity,Map,GetContinentCoastalPlots,Q-MapGetCityPlotsGetPurchasedByCity,Dot (Global),GamePlay,,ERR/否,ERR/否,文档存疑：GP 未见,,,,,,,,名=Q-MapGetCityPlotsGetPurchasedByCity,人工订正名称后重测
P4,L2 助手未收录,低（助手数据集已剔除该命名空间，可沿用）,C 运行时确无此名,GameInfo 子表在本局不可达,CommemorationBonuses,Q-GameInfoCommemorationBonuses,CommemorationBonuses,,,Dot (Global),Both,,nil/否,nil/否,文档偏宽：双端均未见,,,,,,,,GameInfo.CommemorationBonuses 双端均为 nil；Gameplay/Localization/Configuration 三库转储均无此表：疑为旧版本或其它模式/DLC 专属,标注启用条件（模式/DLC/库归属），勿当通用表使用
P4,L2 助手未收录,低（助手数据集已剔除该命名空间，可沿用）,C 运行时确无此名,GameInfo 子表在本局不可达,DiplomacyActions,Q-GameInfoDiplomacyActions,DiplomacyActions,,,Dot (Global),Both,,nil/否,nil/否,文档偏宽：双端均未见,,,,,,,,GameInfo.DiplomacyActions 双端均为 nil；Gameplay/Localization/Configuration 三库转储均无此表：疑为旧版本或其它模式/DLC 专属,标注启用条件（模式/DLC/库归属），勿当通用表使用
P4,L2 助手未收录,低（助手数据集已剔除该命名空间，可沿用）,C 运行时确无此名,GameInfo 子表在本局不可达,DistrictBuildings,Q-GameInfoDistrictBuildings,DistrictBuildings,,,Dot (Global),Both,,nil/否,nil/否,文档偏宽：双端均未见,,,,,,,,GameInfo.DistrictBuildings 双端均为 nil；Gameplay/Localization/Configuration 三库转储均无此表：疑为旧版本或其它模式/DLC 专属,标注启用条件（模式/DLC/库归属），勿当通用表使用
P4,L2 助手未收录,低（助手数据集已剔除该命名空间，可沿用）,C 运行时确无此名,GameInfo 子表在本局不可达,DualHeroes,Q-GameInfoDualHeroes,DualHeroes,,,Dot (Global),Both,,nil/否,nil/否,文档偏宽：双端均未见,,,,,,,,GameInfo.DualHeroes 双端均为 nil；英雄与传说(Heroes & Legends)模式表：本局未启用该模式/DLC，GameInfo 无此表,标注启用条件（模式/DLC/库归属），勿当通用表使用
P4,L2 助手未收录,低（助手数据集已剔除该命名空间，可沿用）,C 运行时确无此名,GameInfo 子表在本局不可达,GoodyHutTypes,Q-GameInfoGoodyHutTypes,GoodyHutTypes,,,Dot (Global),Both,,nil/否,nil/否,文档偏宽：双端均未见,,,,,,,,GameInfo.GoodyHutTypes 双端均为 nil；Gameplay/Localization/Configuration 三库转储均无此表：疑为旧版本或其它模式/DLC 专属,标注启用条件（模式/DLC/库归属），勿当通用表使用
P4,L2 助手未收录,低（助手数据集已剔除该命名空间，可沿用）,C 运行时确无此名,GameInfo 子表在本局不可达,GreatWork_RelicData,Q-GameInfoGreatWork_RelicData,GreatWork_RelicData,,,Dot (Global),Both,,nil/否,nil/否,文档偏宽：双端均未见,,,,,,,,GameInfo.GreatWork_RelicData 双端均为 nil；Gameplay/Localization/Configuration 三库转储均无此表：疑为旧版本或其它模式/DLC 专属,标注启用条件（模式/DLC/库归属），勿当通用表使用
P4,L2 助手未收录,低（助手数据集已剔除该命名空间，可沿用）,C 运行时确无此名,GameInfo 子表在本局不可达,HeroAbilities,Q-GameInfoHeroAbilities,HeroAbilities,,,Dot (Global),Both,,nil/否,nil/否,文档偏宽：双端均未见,,,,,,,,GameInfo.HeroAbilities 双端均为 nil；英雄与传说(Heroes & Legends)模式表：本局未启用该模式/DLC，GameInfo 无此表,标注启用条件（模式/DLC/库归属），勿当通用表使用
P4,L2 助手未收录,低（助手数据集已剔除该命名空间，可沿用）,C 运行时确无此名,GameInfo 子表在本局不可达,HeroActions,Q-GameInfoHeroActions,HeroActions,,,Dot (Global),Both,,nil/否,nil/否,文档偏宽：双端均未见,,,,,,,,GameInfo.HeroActions 双端均为 nil；英雄与传说(Heroes & Legends)模式表：本局未启用该模式/DLC，GameInfo 无此表,标注启用条件（模式/DLC/库归属），勿当通用表使用
P4,L2 助手未收录,低（助手数据集已剔除该命名空间，可沿用）,C 运行时确无此名,GameInfo 子表在本局不可达,HeroDefinitions,Q-GameInfoHeroDefinitions,HeroDefinitions,,,Dot (Global),Both,,nil/否,nil/否,文档偏宽：双端均未见,,,,,,,,GameInfo.HeroDefinitions 双端均为 nil；英雄与传说(Heroes & Legends)模式表：本局未启用该模式/DLC，GameInfo 无此表,标注启用条件（模式/DLC/库归属），勿当通用表使用
P4,L2 助手未收录,低（助手数据集已剔除该命名空间，可沿用）,C 运行时确无此名,GameInfo 子表在本局不可达,Hero_AccumulatedXp,Q-GameInfoHero_AccumulatedXp,Hero_AccumulatedXp,,,Dot (Global),Both,,nil/否,nil/否,文档偏宽：双端均未见,,,,,,,,GameInfo.Hero_AccumulatedXp 双端均为 nil；英雄与传说(Heroes & Legends)模式表：本局未启用该模式/DLC，GameInfo 无此表,标注启用条件（模式/DLC/库归属），勿当通用表使用
P4,L2 助手未收录,低（助手数据集已剔除该命名空间，可沿用）,C 运行时确无此名,GameInfo 子表在本局不可达,Hero_Attributes,Q-GameInfoHero_Attributes,Hero_Attributes,,,Dot (Global),Both,,nil/否,nil/否,文档偏宽：双端均未见,,,,,,,,GameInfo.Hero_Attributes 双端均为 nil；英雄与传说(Heroes & Legends)模式表：本局未启用该模式/DLC，GameInfo 无此表,标注启用条件（模式/DLC/库归属），勿当通用表使用
P4,L2 助手未收录,低（助手数据集已剔除该命名空间，可沿用）,C 运行时确无此名,GameInfo 子表在本局不可达,Hero_XpNeeded,Q-GameInfoHero_XpNeeded,Hero_XpNeeded,,,Dot (Global),Both,,nil/否,nil/否,文档偏宽：双端均未见,,,,,,,,GameInfo.Hero_XpNeeded 双端均为 nil；英雄与传说(Heroes & Legends)模式表：本局未启用该模式/DLC，GameInfo 无此表,标注启用条件（模式/DLC/库归属），勿当通用表使用
P4,L2 助手未收录,低（助手数据集已剔除该命名空间，可沿用）,C 运行时确无此名,GameInfo 子表在本局不可达,IconDefinitions,Q-GameInfoIconDefinitions,IconDefinitions,,,Dot (Global),Both,,nil/否,nil/否,文档偏宽：双端均未见,,,,,,,,GameInfo.IconDefinitions 双端均为 nil；属本地化/图标库（Localization DB 或未随本局加载），GP/UI 的 GameInfo 不暴露,标注启用条件（模式/DLC/库归属），勿当通用表使用
P4,L2 助手未收录,低（助手数据集已剔除该命名空间，可沿用）,C 运行时确无此名,GameInfo 子表在本局不可达,Icons,Q-GameInfoIcons,Icons,,,Dot (Global),Both,,nil/否,nil/否,文档偏宽：双端均未见,,,,,,,,GameInfo.Icons 双端均为 nil；属本地化/图标库（Localization DB 或未随本局加载），GP/UI 的 GameInfo 不暴露,标注启用条件（模式/DLC/库归属），勿当通用表使用
P4,L2 助手未收录,低（助手数据集已剔除该命名空间，可沿用）,C 运行时确无此名,GameInfo 子表在本局不可达,Icons_FontIcons,Q-GameInfoIcons_FontIcons,Icons_FontIcons,,,Dot (Global),Both,,nil/否,nil/否,文档偏宽：双端均未见,,,,,,,,GameInfo.Icons_FontIcons 双端均为 nil；属本地化/图标库（Localization DB 或未随本局加载），GP/UI 的 GameInfo 不暴露,标注启用条件（模式/DLC/库归属），勿当通用表使用
P4,L2 助手未收录,低（助手数据集已剔除该命名空间，可沿用）,C 运行时确无此名,GameInfo 子表在本局不可达,Map_GreatPersonPoints,Q-GameInfoMap_GreatPersonPoints,Map_GreatPersonPoints,,,Dot (Global),Both,,nil/否,nil/否,文档偏宽：双端均未见,,,,,,,,GameInfo.Map_GreatPersonPoints 双端均为 nil；Gameplay/Localization/Configuration 三库转储均无此表：疑为旧版本或其它模式/DLC 专属,标注启用条件（模式/DLC/库归属），勿当通用表使用
P4,L2 助手未收录,低（助手数据集已剔除该命名空间，可沿用）,C 运行时确无此名,GameInfo 子表在本局不可达,Map_TradeRoutes,Q-GameInfoMap_TradeRoutes,Map_TradeRoutes,,,Dot (Global),Both,,nil/否,nil/否,文档偏宽：双端均未见,,,,,,,,GameInfo.Map_TradeRoutes 双端均为 nil；Gameplay/Localization/Configuration 三库转储均无此表：疑为旧版本或其它模式/DLC 专属,标注启用条件（模式/DLC/库归属），勿当通用表使用
P4,L2 助手未收录,低（助手数据集已剔除该命名空间，可沿用）,C 运行时确无此名,GameInfo 子表在本局不可达,NaturalWonderAdjacencies,Q-GameInfoNaturalWonderAdjacencies,NaturalWonderAdjacencies,,,Dot (Global),Both,,nil/否,nil/否,文档偏宽：双端均未见,,,,,,,,GameInfo.NaturalWonderAdjacencies 双端均为 nil；Gameplay/Localization/Configuration 三库转储均无此表：疑为旧版本或其它模式/DLC 专属,标注启用条件（模式/DLC/库归属），勿当通用表使用
P4,L2 助手未收录,低（助手数据集已剔除该命名空间，可沿用）,C 运行时确无此名,GameInfo 子表在本局不可达,NaturalWonderTypeAdjacencies,Q-GameInfoNaturalWonderTypeAdjacencies,NaturalWonderTypeAdjacencies,,,Dot (Global),Both,,nil/否,nil/否,文档偏宽：双端均未见,,,,,,,,GameInfo.NaturalWonderTypeAdjacencies 双端均为 nil；Gameplay/Localization/Configuration 三库转储均无此表：疑为旧版本或其它模式/DLC 专属,标注启用条件（模式/DLC/库归属），勿当通用表使用
P4,L2 助手未收录,低（助手数据集已剔除该命名空间，可沿用）,C 运行时确无此名,GameInfo 子表在本局不可达,VotedEffects,Q-GameInfoVotedEffects,VotedEffects,,,Dot (Global),Both,,nil/否,nil/否,文档偏宽：双端均未见,,,,,,,,GameInfo.VotedEffects 双端均为 nil；Gameplay/Localization/Configuration 三库转储均无此表：疑为旧版本或其它模式/DLC 专属,标注启用条件（模式/DLC/库归属），勿当通用表使用
P4,L2 助手未收录,低（助手数据集已剔除该命名空间，可沿用）,C 运行时确无此名,文档偏宽：双端均未见,Game.GetLocalTeam,Q-GameGetLocalTeam,Game,GetLocalTeam,,Dot (Global),Both,,nil/否,nil/否,文档偏宽：双端均未见,,,,,,,,GP=nil/否　UI=nil/否,裁决：删除条目 / 标注版本或 DLC 条件
P4,L2 助手未收录,低（助手数据集已剔除该命名空间，可沿用）,C 运行时确无此名,文档偏宽：双端均未见,Locale.ConvertTextKey,Q-LocaleConvertTextKey,Locale,ConvertTextKey,,Dot (Global),Both,,nil/否,nil/否,文档偏宽：双端均未见,,,,,,,,GP=nil/否　UI=nil/否,裁决：删除条目 / 标注版本或 DLC 条件
P4,L2 助手未收录,低（助手数据集已剔除该命名空间，可沿用）,C 运行时确无此名,文档偏宽：双端均未见,Relationship,C-Relationship,Relationship,,,Dot (Global),Both,,nil/否,nil/否,文档偏宽：双端均未见,,,,,,,,GP=nil/否　UI=nil/否,裁决：删除条目 / 标注版本或 DLC 条件
P4,L2 助手未收录,低（助手数据集已剔除该命名空间，可沿用）,C 运行时确无此名,文档偏宽：双端均未见,Relationship.IsValidWithAI,A-RelationshipIsValidWithAI,Relationship,IsValidWithAI,,Dot (Global),Both,,ERR/否,ERR/否,文档偏宽：双端均未见,,,,,,,,GP=ERR/否　UI=ERR/否,裁决：删除条目 / 标注版本或 DLC 条件
P4,L2 助手未收录,低（助手数据集已剔除该命名空间，可沿用）,C 运行时确无此名,文档偏宽：双端均未见,Relationship.IsValidWithHuman,A-RelationshipIsValidWithHuman,Relationship,IsValidWithHuman,,Dot (Global),Both,,ERR/否,ERR/否,文档偏宽：双端均未见,,,,,,,,GP=ERR/否　UI=ERR/否,裁决：删除条目 / 标注版本或 DLC 条件
P4,L2 助手未收录,低（助手数据集已剔除该命名空间，可沿用）,C 运行时确无此名,文档偏宽：双端均未见,Tests.End,C-Tests.End,Tests.End,,,Dot (Global),Both,,ERR/否,ERR/否,文档偏宽：双端均未见,,,,,,,,GP=ERR/否　UI=ERR/否,裁决：删除条目 / 标注版本或 DLC 条件
P4,L2 助手未收录,低（助手数据集已剔除该命名空间，可沿用）,C 运行时确无此名,文档偏宽：双端均未见,Tests.End.Run,A-Tests.EndRun,Tests.End,Run,,Dot (Global),Both,,ERR/否,ERR/否,文档偏宽：双端均未见,,,,,,,,GP=ERR/否　UI=ERR/否,裁决：删除条目 / 标注版本或 DLC 条件
P4,L2 助手未收录,低（助手数据集已剔除该命名空间，可沿用）,C 运行时确无此名,文档偏宽：双端均未见,Tests.PauseGame,C-Tests.PauseGame,Tests.PauseGame,,,Dot (Global),Both,,ERR/否,ERR/否,文档偏宽：双端均未见,,,,,,,,GP=ERR/否　UI=ERR/否,裁决：删除条目 / 标注版本或 DLC 条件
P4,L2 助手未收录,低（助手数据集已剔除该命名空间，可沿用）,C 运行时确无此名,文档偏宽：双端均未见,Tests.PauseGame.Run,A-Tests.PauseGameRun,Tests.PauseGame,Run,,Dot (Global),Both,,ERR/否,ERR/否,文档偏宽：双端均未见,,,,,,,,GP=ERR/否　UI=ERR/否,裁决：删除条目 / 标注版本或 DLC 条件
P4,L2 助手未收录,低（助手数据集已剔除该命名空间，可沿用）,C 运行时确无此名,文档偏宽：双端均未见,Tests.QuitApp,C-Tests.QuitApp,Tests.QuitApp,,,Dot (Global),Both,,ERR/否,ERR/否,文档偏宽：双端均未见,,,,,,,,GP=ERR/否　UI=ERR/否,裁决：删除条目 / 标注版本或 DLC 条件
P4,L2 助手未收录,低（助手数据集已剔除该命名空间，可沿用）,C 运行时确无此名,文档偏宽：双端均未见,Tests.QuitApp.Run,A-Tests.QuitAppRun,Tests.QuitApp,Run,,Dot (Global),Both,,ERR/否,ERR/否,文档偏宽：双端均未见,,,,,,,,GP=ERR/否　UI=ERR/否,裁决：删除条目 / 标注版本或 DLC 条件
P4,L2 助手未收录,低（助手数据集已剔除该命名空间，可沿用）,C 运行时确无此名,文档偏宽：双端均未见,Tests.QuitGame,C-Tests.QuitGame,Tests.QuitGame,,,Dot (Global),Both,,ERR/否,ERR/否,文档偏宽：双端均未见,,,,,,,,GP=ERR/否　UI=ERR/否,裁决：删除条目 / 标注版本或 DLC 条件
P4,L2 助手未收录,低（助手数据集已剔除该命名空间，可沿用）,C 运行时确无此名,文档偏宽：双端均未见,Tests.QuitGame.Run,A-Tests.QuitGameRun,Tests.QuitGame,Run,,Dot (Global),Both,,ERR/否,ERR/否,文档偏宽：双端均未见,,,,,,,,GP=ERR/否　UI=ERR/否,裁决：删除条目 / 标注版本或 DLC 条件
P4,L2 助手未收录,低（助手数据集已剔除该命名空间，可沿用）,C 运行时确无此名,文档偏宽：双端均未见,Tools,C-Tools,Tools,,,Dot (Global),Both,,nil/否,nil/否,文档偏宽：双端均未见,,,,,,,,GP=nil/否　UI=nil/否,裁决：删除条目 / 标注版本或 DLC 条件
P4,L2 助手未收录,低（助手数据集已剔除该命名空间，可沿用）,C 运行时确无此名,文档偏宽：双端均未见,Tools.ListHashRefs,A-ToolsListHashRefs,Tools,ListHashRefs,,Dot (Global),Both,,ERR/否,ERR/否,文档偏宽：双端均未见,,,,,,,,GP=ERR/否　UI=ERR/否,裁决：删除条目 / 标注版本或 DLC 条件
P4,L2 助手未收录,低（助手数据集已剔除该命名空间，可沿用）,C 运行时确无此名,文档偏宽：双端均未见,Tools.LookUphash,Q-ToolsLookUphash,Tools,LookUphash,,Dot (Global),Both,,ERR/否,ERR/否,文档偏宽：双端均未见,,,,,,,,GP=ERR/否　UI=ERR/否,裁决：删除条目 / 标注版本或 DLC 条件
P4,L2 助手未收录,低（助手数据集已剔除该命名空间，可沿用）,C 运行时确无此名,文档偏宽：双端均未见,UnitManager.GetLifespan,Q-UnitManagerGetLifespan,UnitManager,GetLifespan,,Dot (Global),Both,,nil/否,nil/否,文档偏宽：双端均未见,,,,,,,,GP=nil/否　UI=nil/否,裁决：删除条目 / 标注版本或 DLC 条件
P4,L2 助手未收录,低（助手数据集已剔除该命名空间，可沿用）,C 运行时确无此名,文档偏宽：双端均未见,UnitManager.GetMaxHitPoints,Q-UnitManagerGetMaxHitPoints,UnitManager,GetMaxHitPoints,,Dot (Global),Both,,nil/否,nil/否,文档偏宽：双端均未见,,,,,,,,GP=nil/否　UI=nil/否,裁决：删除条目 / 标注版本或 DLC 条件
P4,L2 助手未收录,低（助手数据集已剔除该命名空间，可沿用）,C 运行时确无此名,文档偏宽：双端均未见,WorldBuilderResourceGenerator,C-WorldBuilderResourceGenerator,WorldBuilderResourceGenerator,,,Dot (Global),Both,,nil/否,nil/否,文档偏宽：双端均未见,,,,,,,,GP=nil/否　UI=nil/否,裁决：删除条目 / 标注版本或 DLC 条件
P4,L2 助手未收录,低（助手数据集已剔除该命名空间，可沿用）,C 运行时确无此名,文档偏宽：双端均未见,WorldBuilderResourceGenerator.Create,A-WorldBuilderResourceGeneratorCreate,WorldBuilderResourceGenerator,Create,,Dot (Global),Both,,ERR/否,ERR/否,文档偏宽：双端均未见,,,,,,,,GP=ERR/否　UI=ERR/否,裁决：删除条目 / 标注版本或 DLC 条件
P4,L2 助手未收录,低（助手数据集已剔除该命名空间，可沿用）,C 运行时确无此名,文档偏宽：双端均未见,json,C-json,json,,,Dot (Global),Both,,nil/否,nil/否,文档偏宽：双端均未见,,,,,,,,GP=nil/否　UI=nil/否,裁决：删除条目 / 标注版本或 DLC 条件
P4,L2 助手未收录,低（助手数据集已剔除该命名空间，可沿用）,C 运行时确无此名,文档偏宽：双端均未见,json.parse,Q-jsonparse,json,parse,,Dot (Global),Both,,ERR/否,ERR/否,文档偏宽：双端均未见,,,,,,,,GP=ERR/否　UI=ERR/否,裁决：删除条目 / 标注版本或 DLC 条件
P4,L2 助手未收录,低（助手数据集已剔除该命名空间，可沿用）,C 运行时确无此名,文档偏宽：双端均未见,json.stringify,Q-jsonstringify,json,stringify,,Dot (Global),Both,,ERR/否,ERR/否,文档偏宽：双端均未见,,,,,,,,GP=ERR/否　UI=ERR/否,裁决：删除条目 / 标注版本或 DLC 条件
P4,L2 助手未收录,低（助手数据集已剔除该命名空间，可沿用）,C 运行时确无此名,文档存疑：GP 未见,UnitManager.ChangeLifespan,A-UnitManagerChangeLifespan,UnitManager,ChangeLifespan,,Dot (Global),GamePlay,,nil/否,nil/否,文档存疑：GP 未见,,,,,,,,GP=nil/否　UI=nil/否,裁决：删除条目 / 标注版本或 DLC 条件
P4,L2 助手未收录,低（助手数据集已剔除该命名空间，可沿用）,C 运行时确无此名,文档存疑：GP 未见,UnitManager.ChangeMaxHitPoints,A-UnitManagerChangeMaxHitPoints,UnitManager,ChangeMaxHitPoints,,Dot (Global),GamePlay,,nil/否,nil/否,文档存疑：GP 未见,,,,,,,,GP=nil/否　UI=nil/否,裁决：删除条目 / 标注版本或 DLC 条件
P4,L2 助手未收录,低（助手数据集已剔除该命名空间，可沿用）,C 运行时确无此名,文档存疑：GP 未见,UnitManager.GetUnitType,Q-UnitManagerGetUnitType,UnitManager,GetUnitType,,Dot (Global),GamePlay,,nil/否,nil/否,文档存疑：GP 未见,,,,,,,,GP=nil/否　UI=nil/否,裁决：删除条目 / 标注版本或 DLC 条件
P4,L2 助手未收录,低（助手数据集已剔除该命名空间，可沿用）,C 运行时确无此名,文档存疑：GP 未见,UnitManager.ResetLifespan,A-UnitManagerResetLifespan,UnitManager,ResetLifespan,,Dot (Global),GamePlay,,nil/否,nil/否,文档存疑：GP 未见,,,,,,,,GP=nil/否　UI=nil/否,裁决：删除条目 / 标注版本或 DLC 条件
P4,L2 助手未收录,低（助手数据集已剔除该命名空间，可沿用）,C 运行时确无此名,文档存疑：GP 未见,UnitManager.SetDefaultMaxHitPoints,A-UnitManagerSetDefaultMaxHitPoints,UnitManager,SetDefaultMaxHitPoints,,Dot (Global),GamePlay,,nil/否,nil/否,文档存疑：GP 未见,,,,,,,,GP=nil/否　UI=nil/否,裁决：删除条目 / 标注版本或 DLC 条件
P4,L2 助手未收录,低（助手数据集已剔除该命名空间，可沿用）,C 运行时确无此名,文档存疑：GP 未见,UnitManager.SetLifespan,A-UnitManagerSetLifespan,UnitManager,SetLifespan,,Dot (Global),GamePlay,,nil/否,nil/否,文档存疑：GP 未见,,,,,,,,GP=nil/否　UI=nil/否,裁决：删除条目 / 标注版本或 DLC 条件
P4,L2 助手未收录,低（助手数据集已剔除该命名空间，可沿用）,C 运行时确无此名,文档存疑：GP 未见,UnitManager.SetMaxHitPoints,A-UnitManagerSetMaxHitPoints,UnitManager,SetMaxHitPoints,,Dot (Global),GamePlay,,nil/否,nil/否,文档存疑：GP 未见,,,,,,,,GP=nil/否　UI=nil/否,裁决：删除条目 / 标注版本或 DLC 条件
P4,L2 助手未收录,低（助手数据集已剔除该命名空间，可沿用）,C 运行时确无此名,文档存疑：UI 未见,Events.BeginFullGamePurchase,EV-EventsBeginFullGamePurchase,Events,BeginFullGamePurchase,,Dot (Global),UI,,nil/否,nil/否,文档存疑：UI 未见,,,,,,,,GP=nil/否　UI=nil/否,裁决：删除条目 / 标注版本或 DLC 条件
P4,L2 助手未收录,低（助手数据集已剔除该命名空间，可沿用）,C 运行时确无此名,文档存疑：UI 未见,Events.LeaderPopup,EV-EventsLeaderPopup,Events,LeaderPopup,,Dot (Global),UI,,nil/否,nil/否,文档存疑：UI 未见,,,,,,,,GP=nil/否　UI=nil/否,裁决：删除条目 / 标注版本或 DLC 条件
P4,L2 助手未收录,低（助手数据集已剔除该命名空间，可沿用）,C 运行时确无此名,文档存疑：UI 未见,Events.MultiplayerConnectionFailed,EV-EventsMultiplayerConnectionFailed,Events,MultiplayerConnectionFailed,,Dot (Global),UI,,nil/否,nil/否,文档存疑：UI 未见,,,,,,,,GP=nil/否　UI=nil/否,裁决：删除条目 / 标注版本或 DLC 条件
P4,L2 助手未收录,低（助手数据集已剔除该命名空间，可沿用）,C 运行时确无此名,文档存疑：UI 未见,Events.MultiplayerNetRegistered,EV-EventsMultiplayerNetRegistered,Events,MultiplayerNetRegistered,,Dot (Global),UI,,nil/否,nil/否,文档存疑：UI 未见,,,,,,,,GP=nil/否　UI=nil/否,裁决：删除条目 / 标注版本或 DLC 条件
P4,L2 助手未收录,低（助手数据集已剔除该命名空间，可沿用）,C 运行时确无此名,文档存疑：UI 未见,Events.PlayerVersionMismatchEvent,EV-EventsPlayerVersionMismatchEvent,Events,PlayerVersionMismatchEvent,,Dot (Global),UI,,nil/否,nil/否,文档存疑：UI 未见,,,,,,,,GP=nil/否　UI=nil/否,裁决：删除条目 / 标注版本或 DLC 条件
P4,L2 助手未收录,低（助手数据集已剔除该命名空间，可沿用）,C 运行时确无此名,文档存疑：UI 未见,Game.IsTechRecommended,Q-GameIsTechRecommended,Game,IsTechRecommended,,Dot (Global),UI,,nil/否,nil/否,文档存疑：UI 未见,,,,,,,,GP=nil/否　UI=nil/否,裁决：删除条目 / 标注版本或 DLC 条件
P4,L2 助手未收录,低（助手数据集已剔除该命名空间，可沿用）,D 暂不可测,动态事件代理（不可判）,GameEvents.AdvisorNegativeResourceRate,EV-GameEventsAdvisorNegativeResourceRate,GameEvents,AdvisorNegativeResourceRate,,Dot (Global),GamePlay,,table/不可判,ERR/否,动态事件代理（不可判）,,,,,,,,GP=table/不可判　UI=ERR/否,按补测条件复跑一轮
P4,L2 助手未收录,低（助手数据集已剔除该命名空间，可沿用）,D 暂不可测,需世界生成器会话（WorldBuilder.ResourceGenerator）,WorldBuilderResourceGenerator.__GetLuxuryResources,Q-WorldBuilderResourceGenerator__GetLuxuryResources,WorldBuilderResourceGenerator,__GetLuxuryResources,,Colon (Instance),Both,,ERR/不可判,ERR/不可判,无法验证：需世界生成器会话（WorldBuilder.ResourceGenerator）,,,,,,,,GP=ERR/不可判　UI=ERR/不可判,按补测条件复跑一轮
P4,L2 助手未收录,低（助手数据集已剔除该命名空间，可沿用）,D 暂不可测,需世界生成器会话（WorldBuilder.ResourceGenerator）,WorldBuilderResourceGenerator.__GetOtherResources,Q-WorldBuilderResourceGenerator__GetOtherResources,WorldBuilderResourceGenerator,__GetOtherResources,,Colon (Instance),Both,,ERR/不可判,ERR/不可判,无法验证：需世界生成器会话（WorldBuilder.ResourceGenerator）,,,,,,,,GP=ERR/不可判　UI=ERR/不可判,按补测条件复跑一轮
P4,L2 助手未收录,低（助手数据集已剔除该命名空间，可沿用）,D 暂不可测,需世界生成器会话（WorldBuilder.ResourceGenerator）,WorldBuilderResourceGenerator.__GetStrategicResources,Q-WorldBuilderResourceGenerator__GetStrategicResources,WorldBuilderResourceGenerator,__GetStrategicResources,,Colon (Instance),Both,,ERR/不可判,ERR/不可判,无法验证：需世界生成器会话（WorldBuilder.ResourceGenerator）,,,,,,,,GP=ERR/不可判　UI=ERR/不可判,按补测条件复跑一轮
P4,L2 助手未收录,低（助手数据集已剔除该命名空间，可沿用）,D 暂不可测,需世界生成器会话（WorldBuilder.ResourceGenerator）,WorldBuilderResourceGenerator.__GetWaterLuxuryResources,Q-WorldBuilderResourceGenerator__GetWaterLuxuryResources,WorldBuilderResourceGenerator,__GetWaterLuxuryResources,,Colon (Instance),Both,,ERR/不可判,ERR/不可判,无法验证：需世界生成器会话（WorldBuilder.ResourceGenerator）,,,,,,,,GP=ERR/不可判　UI=ERR/不可判,按补测条件复跑一轮
P4,L2 助手未收录,低（助手数据集已剔除该命名空间，可沿用）,D 暂不可测,需世界生成器会话（WorldBuilder.ResourceGenerator）,WorldBuilderResourceGenerator.__GetWaterOtherResources,Q-WorldBuilderResourceGenerator__GetWaterOtherResources,WorldBuilderResourceGenerator,__GetWaterOtherResources,,Colon (Instance),Both,,ERR/不可判,ERR/不可判,无法验证：需世界生成器会话（WorldBuilder.ResourceGenerator）,,,,,,,,GP=ERR/不可判　UI=ERR/不可判,按补测条件复跑一轮
P4,L2 助手未收录,低（助手数据集已剔除该命名空间，可沿用）,D 暂不可测,需世界生成器会话（WorldBuilder.ResourceGenerator）,WorldBuilderResourceGenerator.__GetWaterStrategicResources,Q-WorldBuilderResourceGenerator__GetWaterStrategicResources,WorldBuilderResourceGenerator,__GetWaterStrategicResources,,Colon (Instance),Both,,ERR/不可判,ERR/不可判,无法验证：需世界生成器会话（WorldBuilder.ResourceGenerator）,,,,,,,,GP=ERR/不可判　UI=ERR/不可判,按补测条件复跑一轮
P4,L2 助手未收录,低（助手数据集已剔除该命名空间，可沿用）,D 暂不可测,需世界生成器会话（WorldBuilder.ResourceGenerator）,WorldBuilderResourceGenerator.__InitResourceData,A-WorldBuilderResourceGenerator__InitResourceData,WorldBuilderResourceGenerator,__InitResourceData,,Colon (Instance),Both,,ERR/不可判,ERR/不可判,无法验证：需世界生成器会话（WorldBuilder.ResourceGenerator）,,,,,,,,GP=ERR/不可判　UI=ERR/不可判,按补测条件复跑一轮
P4,L2 助手未收录,低（助手数据集已剔除该命名空间，可沿用）,D 暂不可测,需世界生成器会话（WorldBuilder.ResourceGenerator）,WorldBuilderResourceGenerator.__PlaceLuxuryResources,A-WorldBuilderResourceGenerator__PlaceLuxuryResources,WorldBuilderResourceGenerator,__PlaceLuxuryResources,,Colon (Instance),Both,,ERR/不可判,ERR/不可判,无法验证：需世界生成器会话（WorldBuilder.ResourceGenerator）,,,,,,,,GP=ERR/不可判　UI=ERR/不可判,按补测条件复跑一轮
P4,L2 助手未收录,低（助手数据集已剔除该命名空间，可沿用）,D 暂不可测,需世界生成器会话（WorldBuilder.ResourceGenerator）,WorldBuilderResourceGenerator.__PlaceOtherResources,A-WorldBuilderResourceGenerator__PlaceOtherResources,WorldBuilderResourceGenerator,__PlaceOtherResources,,Colon (Instance),Both,,ERR/不可判,ERR/不可判,无法验证：需世界生成器会话（WorldBuilder.ResourceGenerator）,,,,,,,,GP=ERR/不可判　UI=ERR/不可判,按补测条件复跑一轮
P4,L2 助手未收录,低（助手数据集已剔除该命名空间，可沿用）,D 暂不可测,需世界生成器会话（WorldBuilder.ResourceGenerator）,WorldBuilderResourceGenerator.__PlaceStrategicResources,A-WorldBuilderResourceGenerator__PlaceStrategicResources,WorldBuilderResourceGenerator,__PlaceStrategicResources,,Colon (Instance),Both,,ERR/不可判,ERR/不可判,无法验证：需世界生成器会话（WorldBuilder.ResourceGenerator）,,,,,,,,GP=ERR/不可判　UI=ERR/不可判,按补测条件复跑一轮
P4,L2 助手未收录,低（助手数据集已剔除该命名空间，可沿用）,D 暂不可测,需世界生成器会话（WorldBuilder.ResourceGenerator）,WorldBuilderResourceGenerator.__PlaceWaterLuxury,A-WorldBuilderResourceGenerator__PlaceWaterLuxury,WorldBuilderResourceGenerator,__PlaceWaterLuxury,,Colon (Instance),Both,,ERR/不可判,ERR/不可判,无法验证：需世界生成器会话（WorldBuilder.ResourceGenerator）,,,,,,,,GP=ERR/不可判　UI=ERR/不可判,按补测条件复跑一轮
P4,L2 助手未收录,低（助手数据集已剔除该命名空间，可沿用）,D 暂不可测,需世界生成器会话（WorldBuilder.ResourceGenerator）,WorldBuilderResourceGenerator.__PlaceWaterOtherResources,A-WorldBuilderResourceGenerator__PlaceWaterOtherResources,WorldBuilderResourceGenerator,__PlaceWaterOtherResources,,Colon (Instance),Both,,ERR/不可判,ERR/不可判,无法验证：需世界生成器会话（WorldBuilder.ResourceGenerator）,,,,,,,,GP=ERR/不可判　UI=ERR/不可判,按补测条件复跑一轮
P4,L2 助手未收录,低（助手数据集已剔除该命名空间，可沿用）,D 暂不可测,需世界生成器会话（WorldBuilder.ResourceGenerator）,WorldBuilderResourceGenerator.__PlaceWaterStrategic,A-WorldBuilderResourceGenerator__PlaceWaterStrategic,WorldBuilderResourceGenerator,__PlaceWaterStrategic,,Colon (Instance),Both,,ERR/不可判,ERR/不可判,无法验证：需世界生成器会话（WorldBuilder.ResourceGenerator）,,,,,,,,GP=ERR/不可判　UI=ERR/不可判,按补测条件复跑一轮
P4,L2 助手未收录,低（助手数据集已剔除该命名空间，可沿用）,D 暂不可测,需世界生成器会话（WorldBuilder.ResourceGenerator）,WorldBuilderResourceGenerator.__RemoveDuplicateResources,A-WorldBuilderResourceGenerator__RemoveDuplicateResources,WorldBuilderResourceGenerator,__RemoveDuplicateResources,,Colon (Instance),Both,,ERR/不可判,ERR/不可判,无法验证：需世界生成器会话（WorldBuilder.ResourceGenerator）,,,,,,,,GP=ERR/不可判　UI=ERR/不可判,按补测条件复跑一轮
P4,L2 助手未收录,低（助手数据集已剔除该命名空间，可沿用）,D 暂不可测,需世界生成器会话（WorldBuilder.ResourceGenerator）,WorldBuilderResourceGenerator.__RemoveOtherDuplicateResources,A-WorldBuilderResourceGenerator__RemoveOtherDuplicateResources,WorldBuilderResourceGenerator,__RemoveOtherDuplicateResources,,Colon (Instance),Both,,ERR/不可判,ERR/不可判,无法验证：需世界生成器会话（WorldBuilder.ResourceGenerator）,,,,,,,,GP=ERR/不可判　UI=ERR/不可判,按补测条件复跑一轮
P4,L2 助手未收录,低（助手数据集已剔除该命名空间，可沿用）,D 暂不可测,需世界生成器会话（WorldBuilder.ResourceGenerator）,WorldBuilderResourceGenerator.__ScoreLuxuryPlots,A-WorldBuilderResourceGenerator__ScoreLuxuryPlots,WorldBuilderResourceGenerator,__ScoreLuxuryPlots,,Colon (Instance),Both,,ERR/不可判,ERR/不可判,无法验证：需世界生成器会话（WorldBuilder.ResourceGenerator）,,,,,,,,GP=ERR/不可判　UI=ERR/不可判,按补测条件复跑一轮
P4,L2 助手未收录,低（助手数据集已剔除该命名空间，可沿用）,D 暂不可测,需世界生成器会话（WorldBuilder.ResourceGenerator）,WorldBuilderResourceGenerator.__ScorePlots,A-WorldBuilderResourceGenerator__ScorePlots,WorldBuilderResourceGenerator,__ScorePlots,,Colon (Instance),Both,,ERR/不可判,ERR/不可判,无法验证：需世界生成器会话（WorldBuilder.ResourceGenerator）,,,,,,,,GP=ERR/不可判　UI=ERR/不可判,按补测条件复跑一轮
P4,L2 助手未收录,低（助手数据集已剔除该命名空间，可沿用）,D 暂不可测,需世界生成器会话（WorldBuilder.ResourceGenerator）,WorldBuilderResourceGenerator.__ScoreStrategicPlots,A-WorldBuilderResourceGenerator__ScoreStrategicPlots,WorldBuilderResourceGenerator,__ScoreStrategicPlots,,Colon (Instance),Both,,ERR/不可判,ERR/不可判,无法验证：需世界生成器会话（WorldBuilder.ResourceGenerator）,,,,,,,,GP=ERR/不可判　UI=ERR/不可判,按补测条件复跑一轮
P4,L2 助手未收录,低（助手数据集已剔除该命名空间，可沿用）,D 暂不可测,需世界生成器会话（WorldBuilder.ResourceGenerator）,WorldBuilderResourceGenerator.__ScoreWaterPlots,A-WorldBuilderResourceGenerator__ScoreWaterPlots,WorldBuilderResourceGenerator,__ScoreWaterPlots,,Colon (Instance),Both,,ERR/不可判,ERR/不可判,无法验证：需世界生成器会话（WorldBuilder.ResourceGenerator）,,,,,,,,GP=ERR/不可判　UI=ERR/不可判,按补测条件复跑一轮
P4,L2 助手未收录,低（助手数据集已剔除该命名空间，可沿用）,D 暂不可测,需世界生成器会话（WorldBuilder.ResourceGenerator）,WorldBuilderResourceGenerator.__SetWaterLuxury,A-WorldBuilderResourceGenerator__SetWaterLuxury,WorldBuilderResourceGenerator,__SetWaterLuxury,,Colon (Instance),Both,,ERR/不可判,ERR/不可判,无法验证：需世界生成器会话（WorldBuilder.ResourceGenerator）,,,,,,,,GP=ERR/不可判　UI=ERR/不可判,按补测条件复跑一轮
P4,L2 助手未收录,低（助手数据集已剔除该命名空间，可沿用）,D 暂不可测,需世界生成器会话（WorldBuilder.ResourceGenerator）,WorldBuilderResourceGenerator.__SetWaterStrategic,A-WorldBuilderResourceGenerator__SetWaterStrategic,WorldBuilderResourceGenerator,__SetWaterStrategic,,Colon (Instance),Both,,ERR/不可判,ERR/不可判,无法验证：需世界生成器会话（WorldBuilder.ResourceGenerator）,,,,,,,,GP=ERR/不可判　UI=ERR/不可判,按补测条件复跑一轮
P4,L2 助手未收录,低（助手数据集已剔除该命名空间，可沿用）,D 暂不可测,需世界生成器会话（WorldBuilder.ResourceGenerator）,WorldBuilderResourceGenerator.__ValidLuxuryPlots,A-WorldBuilderResourceGenerator__ValidLuxuryPlots,WorldBuilderResourceGenerator,__ValidLuxuryPlots,,Colon (Instance),Both,,ERR/不可判,ERR/不可判,无法验证：需世界生成器会话（WorldBuilder.ResourceGenerator）,,,,,,,,GP=ERR/不可判　UI=ERR/不可判,按补测条件复跑一轮
P4,L2 助手未收录,低（助手数据集已剔除该命名空间，可沿用）,D 暂不可测,需世界生成器会话（WorldBuilder.ResourceGenerator）,WorldBuilderResourceGenerator.__ValidStrategicPlots,A-WorldBuilderResourceGenerator__ValidStrategicPlots,WorldBuilderResourceGenerator,__ValidStrategicPlots,,Colon (Instance),Both,,ERR/不可判,ERR/不可判,无法验证：需世界生成器会话（WorldBuilder.ResourceGenerator）,,,,,,,,GP=ERR/不可判　UI=ERR/不可判,按补测条件复跑一轮
